chr1,44140075,44140559,5.81
chr1,201209553,201210277,7.81
chr2,240527219,240527864,2.84
chr4,87615722,87616254,3.52
chr4,186204100,186204598,2.76
chr5,661047,661518,2.77
chr5,170375360,170375814,2.73
chr7,56639232,56639797,1.96
chr7,65647261,65647721,3.43
chr9,133254757,133255344,9.44
chr11,325681,326148,3.75
chr11,68891880,68892396,4.32
chr14,104948354,104949249,4.26
chr15,23439765,23440273,3.40
chr15,40355913,40356379,1.82
chr15,98437530,98438036,3.45
chr15,99799576,99800067,5.62
chr16,3053981,3054589,3.14
chr16,83918268,83918770,5.36
chr17,60042499,60043266,2.04
chr17,77562426,77562932,5.81
chr17,80089952,80090416,4.68
chr17,80825065,80825518,3.05
chr18,75105022,75105498,2.14
chr18,79144840,79145762,2.39
chr19,2835913,2836395,3.38
chr19,4511125,4511920,4.47
chr19,58258197,58258657,2.15
chr20,63571401,63571852,11.94
chr21,44991142,44991626,5.26
chr22,18370302,18370756,7.19
chrX,85087875,85088330,3.55
