chr1,714124,714574,0.08
chr1,820719,821169,5.07
chr1,853364,853913,3.33
chr1,853390,853842,3.71
chr1,872338,872948,2.94
chr1,909162,909698,2.16
chr1,909326,909901,1.81
chr1,1139601,1140306,0.57
chr1,1139967,1140489,1.11
chr1,1140211,1140672,2.94
chr1,1140333,1140855,3.38
chr1,1226113,1226576,3.59
chr1,1227083,1227657,2.80
chr1,1297056,1297906,3.43
chr1,1934630,1935364,3.92
chr1,1935032,1935500,2.94
chr1,1935245,1935773,2.69
chr1,2109821,2110317,1.68
chr1,2142107,2142592,2.88
chr1,2280453,2281112,0.99
chr1,2280902,2282078,1.02
chr1,3165487,3165983,2.67
chr1,3299066,3299893,3.50
chr1,3299333,3299794,3.82
chr1,3299699,3300282,2.56
chr1,3299954,3300476,3.71
chr1,3300137,3300598,4.41
chr1,3492935,3493398,3.00
chr1,3591620,3592072,1.61
chr1,3643377,3643879,1.16
chr1,3643377,3644236,0.88
chr1,3643556,3644006,0.89
chr1,3644122,3644573,2.65
chr1,3834052,3834505,3.70
chr1,7114545,7115043,3.04
chr1,7548463,7549201,2.34
chr1,7829712,7830166,4.37
chr1,9123122,9123575,4.03
chr1,10274473,10274959,3.13
chr1,10744144,10744736,1.56
chr1,11249863,11250341,0.94
chr1,15038727,15039237,1.64
chr1,17241251,17241759,3.00
chr1,18330382,18330877,2.66
chr1,21817806,21818341,2.00
chr1,24799515,24800213,0.69
chr1,36958404,36960347,0.89
chr1,41531313,41531821,3.26
chr1,42277282,42277998,0.95
chr1,48192695,48193174,0.00
chr1,52635886,52636418,1.32
chr1,53099126,53099610,7.02
chr1,55508849,55509330,1.99
chr1,55663512,55663984,3.49
chr1,58729067,58729527,4.39
chr1,67709689,67710162,3.08
chr1,75885708,75886198,3.36
chr1,75886126,75886577,6.06
chr1,77475218,77475675,3.17
chr1,78532206,78532678,3.38
chr1,89797680,89798160,0.17
chr1,99510271,99510735,3.51
chr1,108230009,108230534,1.41
chr1,108771730,108772187,4.99
chr1,111544533,111545103,2.53
chr1,112640126,112640808,1.01
chr1,114242260,114242735,1.42
chr1,120497817,120498775,1.15
chr1,144636485,144637409,2.38
chr1,144637424,144638175,2.04
chr1,149023387,149023871,3.10
chr1,155027083,155027587,0.57
chr1,161281558,161282031,2.12
chr1,169342283,169342802,2.68
chr1,169354907,169355316,4.81
chr1,171210517,171210999,2.68
chr1,176132508,176132969,0.46
chr1,176396068,176396546,0.60
chr1,177149462,177149974,4.12
chr1,182446798,182447300,3.05
chr1,182509114,182509638,0.55
chr1,192857005,192857503,0.14
chr1,198492431,198492911,0.00
chr1,201209614,201210122,9.00
chr1,201924167,201924647,1.11
chr1,202391375,202392199,1.47
chr1,202457865,202458548,1.84
chr1,204470859,204471362,1.89
chr1,205981454,205981994,4.75
chr1,206781641,206782119,3.87
chr1,207846540,207847030,2.16
chr1,210533096,210533548,2.72
chr1,210976002,210976755,2.83
chr1,211111645,211112164,0.98
chr1,219410918,219411437,2.41
chr1,222488223,222488750,0.38
chr1,225818863,225819442,0.94
chr1,226975944,226976423,0.94
chr1,232415739,232416255,3.97
chr1,236245095,236245595,0.52
chr1,236755494,236756090,2.02
chr1,236756144,236756838,2.57
chr1,240364946,240365430,2.01
chr1,242393007,242393799,3.82
chr1,244486290,244486749,5.08
chr1,245102883,245103462,11.06
chr1,245442533,245443049,1.02
chr1,245443173,245443834,0.88
chr1,245443556,245444010,0.96
chr1,245614657,245615159,1.66
chr1,245682199,245682660,0.00
chr1,245695535,245696069,1.15
chr1,245974265,245975049,0.79
chr1,245974930,245975499,0.63
chr1,245975361,245975953,0.79
chr1,245975773,245976245,0.07
chr1,245976057,245976601,0.00
chr1,246232569,246233260,1.86
chr1,246251318,246251966,1.66
chr1,246275326,246275806,3.68
chr1,246275701,246276265,5.87
chr1,246275947,246276595,1.50
chr1,246483979,246484431,5.06
chr1,246519675,246520885,1.31
chr1,246520593,246521119,1.13
chr1,246520902,246521465,1.18
chr1,246521083,246522256,0.90
chr1,246605448,246605928,2.32
chr1,246619949,246620459,3.08
chr1,246620242,246620750,7.34
chr1,246764774,246765262,2.02
chr1,248382968,248383436,2.84
chr1,248383167,248383771,3.58
chr1,248383302,248384586,2.52
chr1,248746358,248746947,1.57
chr1,248747169,248747631,1.42
chr1,248747603,248748189,2.54
chr1,248747851,248748313,2.15
chr1,248753001,248753453,0.13
chr2,10200333,10200793,1.27
chr2,11854178,11855100,4.60
chr2,13935367,13935817,2.42
chr2,14054765,14055224,4.34
chr2,14126341,14126796,4.29
chr2,15611378,15611856,0.58
chr2,15611520,15611970,0.28
chr2,16089796,16090388,2.67
chr2,23580108,23580811,2.15
chr2,23845510,23846994,0.60
chr2,25004551,25005266,2.24
chr2,27557654,27558108,0.56
chr2,36974502,36974958,2.23
chr2,38487161,38487664,2.34
chr2,39627865,39628441,0.70
chr2,42605079,42605557,0.63
chr2,42605174,42605799,0.36
chr2,45414755,45415283,2.24
chr2,46798988,46799443,2.82
chr2,48555604,48556054,0.00
chr2,53598378,53598849,1.98
chr2,60467226,60467701,0.00
chr2,65600838,65601411,0.73
chr2,66074001,66074454,4.19
chr2,69096094,69096546,3.08
chr2,70936830,70937280,2.40
chr2,75671977,75672447,1.97
chr2,75823093,75823547,2.76
chr2,77307412,77307987,3.01
chr2,80767137,80767636,5.46
chr2,86544754,86545271,1.34
chr2,87184258,87184733,1.32
chr2,99251700,99252318,1.18
chr2,100037213,100037757,3.15
chr2,103392312,103392893,6.43
chr2,107827401,107827890,0.99
chr2,107828066,107828646,2.14
chr2,107829150,107829639,1.28
chr2,111224015,111224541,6.39
chr2,112138930,112139519,0.00
chr2,112139254,112139735,0.00
chr2,112139362,112139816,0.00
chr2,112139665,112140144,0.46
chr2,112432685,112433263,1.76
chr2,113554289,113554801,4.08
chr2,118093119,118093592,7.35
chr2,119444585,119445037,4.11
chr2,119552087,119552615,2.71
chr2,124670382,124670842,0.98
chr2,134237483,134237945,1.37
chr2,135464982,135465525,2.88
chr2,148345226,148345700,1.56
chr2,148345341,148345793,1.59
chr2,150000543,150001012,1.38
chr2,152357148,152357638,2.74
chr2,156451262,156451712,1.11
chr2,170648929,170649403,3.92
chr2,172042056,172042547,1.07
chr2,182385504,182385964,2.36
chr2,187556633,187557552,1.24
chr2,194492344,194492794,4.11
chr2,197865874,197866359,1.76
chr2,199016920,199017380,3.92
chr2,201685008,201685477,3.26
chr2,207476019,207476469,2.11
chr2,210512661,210513134,3.79
chr2,214834909,214835387,0.00
chr2,220823464,220823944,0.67
chr2,222556562,222557023,0.65
chr2,229183882,229184407,0.95
chr2,233214924,233215416,2.61
chr2,234898896,234899346,4.62
chr2,235043119,235043627,2.84
chr2,235525743,235526423,3.14
chr2,236379087,236379623,2.62
chr2,238053800,238054272,3.62
chr2,239068640,239069678,1.40
chr2,239069107,239069654,1.31
chr2,239231607,239232077,2.42
chr2,239467578,239468063,1.92
chr2,239527168,239527632,1.34
chr2,239817818,239818288,8.70
chr2,239898780,239899320,1.45
chr2,239914380,239914839,2.38
chr2,239914445,239914902,2.62
chr2,239929466,239929985,0.80
chr2,239929705,239930174,0.57
chr2,239930583,239931069,2.20
chr2,240623103,240623560,1.45
chr2,240907743,240908893,2.11
chr2,240907950,240908400,2.55
chr2,240908519,240908994,0.54
chr2,240908675,240909175,1.71
chr2,240918843,240919327,1.92
chr2,240984476,240984971,0.68
chr2,240984749,240985602,0.67
chr2,241093216,241093701,3.22
chr2,241326200,241326749,2.60
chr2,241810481,241810932,0.65
chr2,241985065,241985519,2.30
chr2,242003258,242003918,0.11
chr2,242003951,242004479,0.39
chr3,134065,135125,3.37
chr3,134320,134776,2.60
chr3,134726,135222,4.76
chr3,135027,135511,3.93
chr3,135298,135754,3.71
chr3,1244137,1244601,3.47
chr3,2454033,2454705,1.70
chr3,3789533,3790035,4.77
chr3,3800331,3800807,2.36
chr3,7099488,7099993,7.21
chr3,8411515,8412116,9.09
chr3,8412024,8412474,6.18
chr3,8412148,8412898,4.68
chr3,8654708,8655158,1.92
chr3,8654908,8655359,2.72
chr3,11167084,11167552,3.30
chr3,13868425,13868879,1.76
chr3,17704317,17704865,0.48
chr3,20855654,20856147,3.50
chr3,34250542,34251002,2.07
chr3,38561616,38562079,1.09
chr3,38876813,38877350,2.14
chr3,41890719,41891324,0.40
chr3,45108465,45108943,4.15
chr3,45108676,45109136,3.28
chr3,63595547,63596024,4.50
chr3,68418218,68418669,2.84
chr3,72074268,72074823,3.82
chr3,75633980,75634448,3.94
chr3,75653296,75653757,4.06
chr3,75737836,75738740,4.72
chr3,76730142,76730962,1.61
chr3,80608006,80608534,3.47
chr3,85768598,85769188,3.18
chr3,98837342,98837919,0.42
chr3,111832449,111832979,2.34
chr3,111832449,111833211,1.83
chr3,111832669,111833121,1.98
chr3,114303293,114303785,1.58
chr3,117050539,117051035,1.05
chr3,118718145,118718596,1.06
chr3,124367388,124368190,0.00
chr3,124367838,124368335,0.52
chr3,124627938,124628466,1.38
chr3,124789181,124789813,2.66
chr3,124789645,124790451,2.65
chr3,126515853,126516347,0.00
chr3,130098557,130099009,4.10
chr3,130868085,130868563,0.25
chr3,136299338,136299818,3.11
chr3,141771209,141771694,3.87
chr3,143047271,143047975,0.39
chr3,149380037,149380506,0.86
chr3,149380331,149380937,1.05
chr3,155566079,155566546,3.90
chr3,156899109,156899587,2.37
chr3,160803148,160803700,3.19
chr3,170378844,170379346,2.05
chr3,174484402,174485117,3.35
chr3,176769087,176769575,3.07
chr3,177224928,177225393,2.04
chr3,177644983,177645593,3.58
chr3,177645426,177645921,4.93
chr3,178141088,178141559,1.52
chr3,178759529,178759987,3.07
chr3,179727690,179728238,0.51
chr3,180859865,180860389,1.17
chr3,181133920,181134383,3.81
chr3,181366110,181366821,1.53
chr3,181742687,181743175,1.94
chr3,183956375,183956967,5.43
chr3,185230701,185231182,1.79
chr3,186126069,186126534,1.97
chr3,188784077,188784657,4.59
chr3,188784077,188785168,2.93
chr3,192640903,192641604,1.02
chr3,194347546,194348203,0.88
chr3,194347826,194348431,0.54
chr3,194347965,194348440,0.72
chr3,194348083,194348535,0.97
chr3,194629580,194630482,1.60
chr3,194736085,194736537,2.73
chr3,195618868,195619439,0.01
chr3,195619013,195619584,0.65
chr3,195686570,195687192,0.13
chr3,195686857,195687410,0.00
chr3,195687196,195687654,0.36
chr3,195687286,195687775,0.49
chr3,195694357,195694844,1.39
chr3,195699012,195699494,0.83
chr3,195725008,195725864,0.51
chr3,195773416,195773878,0.00
chr3,195837710,195838172,2.98
chr3,195874281,195875125,0.48
chr3,195874595,195875083,0.14
chr3,195874956,195875579,0.95
chr3,195880685,195881339,0.07
chr3,196145174,196145673,2.07
chr3,196271278,196271872,1.88
chr3,196334618,196335158,1.36
chr3,197132366,197132832,2.09
chr3,197459287,197459747,0.86
chr3,198004309,198004965,1.58
chr3,198004976,198005441,1.59
chr4,634974,635424,2.84
chr4,744482,746933,0.87
chr4,746688,747145,2.49
chr4,746942,747400,2.43
chr4,747064,747578,2.48
chr4,747235,747806,2.23
chr4,918648,919177,3.65
chr4,927070,927544,0.00
chr4,999487,999973,1.70
chr4,999728,1000215,2.33
chr4,1096131,1096590,1.55
chr4,1273274,1273821,1.37
chr4,1273466,1274062,1.42
chr4,1278622,1279152,2.17
chr4,1282864,1283401,2.51
chr4,1363738,1364203,2.00
chr4,1363994,1364459,2.84
chr4,1379614,1380070,1.36
chr4,1640944,1641401,3.37
chr4,2430016,2430479,2.09
chr4,2430169,2430632,1.79
chr4,2627188,2627728,0.81
chr4,2808542,2809236,1.72
chr4,3227156,3227658,1.95
chr4,3308863,3309422,1.80
chr4,3309120,3310048,2.57
chr4,3368410,3368860,0.26
chr4,3412750,3413255,4.25
chr4,3511643,3512096,2.02
chr4,3522392,3522894,2.81
chr4,5064153,5064671,3.01
chr4,5316178,5316652,3.02
chr4,6578869,6579362,0.61
chr4,6977428,6977908,1.13
chr4,7019549,7020003,4.41
chr4,7229684,7230149,3.03
chr4,7230423,7230888,4.49
chr4,7336218,7336842,4.33
chr4,7363229,7363913,1.12
chr4,7441978,7442436,0.03
chr4,7454916,7455428,2.41
chr4,7676650,7677177,1.68
chr4,7834840,7835450,5.36
chr4,7896320,7896778,2.97
chr4,14786630,14787117,3.69
chr4,20931951,20932417,5.37
chr4,21234276,21234726,3.86
chr4,21528560,21529016,1.09
chr4,23098850,23099310,0.84
chr4,23098850,23099400,0.93
chr4,25249219,25249687,2.69
chr4,32195462,32196028,0.46
chr4,37585131,37585763,0.57
chr4,44016548,44017149,4.23
chr4,45023531,45024159,4.28
chr4,47922917,47923392,2.31
chr4,47975943,47976431,2.46
chr4,48104055,48104668,2.73
chr4,65531247,65531704,3.34
chr4,72399861,72400326,1.94
chr4,76027257,76027919,1.17
chr4,81902418,81902934,4.22
chr4,81969225,81969830,2.16
chr4,85874860,85875595,2.75
chr4,87615720,87616192,3.97
chr4,89096629,89097172,2.22
chr4,91238828,91240480,0.85
chr4,92384370,92384820,2.30
chr4,95196528,95197126,6.93
chr4,97503553,97504065,1.93
chr4,101749086,101749900,2.88
chr4,104581495,104582107,2.55
chr4,108746922,108747382,4.08
chr4,113064518,113065248,1.32
chr4,115021261,115021757,1.18
chr4,118066352,118066914,3.80
chr4,138134985,138135440,3.16
chr4,139026660,139027379,1.11
chr4,145038615,145039204,0.98
chr4,149046631,149047222,4.99
chr4,150420219,150420840,0.48
chr4,157636382,157636834,0.00
chr4,176219055,176219506,3.86
chr4,182124695,182125156,2.48
chr4,183932103,183932566,3.26
chr4,184219783,184220323,2.77
chr4,186238662,186239133,2.13
chr4,186372019,186372471,4.68
chr4,186372108,186372559,2.64
chr4,186476305,186477175,3.81
chr4,186477098,186477693,1.51
chr4,186477879,186478359,2.42
chr4,187304267,187304837,0.99
chr4,187304335,187304803,0.93
chr4,187692182,187692648,1.17
chr4,189810390,189810922,1.53
chr4,189820101,189820672,0.15
chr5,175792,176479,2.05
chr5,291161,291896,2.95
chr5,307063,307526,1.65
chr5,391109,391655,1.07
chr5,467534,468026,1.87
chr5,467680,468586,3.17
chr5,474334,474798,3.94
chr5,474525,474995,4.42
chr5,483864,484500,0.74
chr5,497501,498033,2.96
chr5,500428,500904,2.95
chr5,608566,609016,1.01
chr5,641978,642454,4.45
chr5,647979,648561,2.49
chr5,667638,668280,3.21
chr5,764628,765147,1.70
chr5,897805,898667,1.27
chr5,1024541,1025103,1.48
chr5,1024782,1025262,0.00
chr5,1025060,1026035,1.17
chr5,1025305,1025868,1.41
chr5,1036746,1037270,0.39
chr5,1060802,1061526,0.44
chr5,1060888,1061360,0.33
chr5,1061002,1061456,0.33
chr5,1061064,1061536,0.39
chr5,1061195,1061721,0.42
chr5,1070151,1070673,0.00
chr5,1070349,1070872,0.00
chr5,1070490,1071066,0.00
chr5,1071099,1072350,0.00
chr5,1072312,1073415,0.12
chr5,1079977,1080487,0.45
chr5,1458808,1459370,1.94
chr5,1483528,1484028,0.27
chr5,1955948,1956777,1.89
chr5,1972029,1972497,0.47
chr5,2081725,2082503,2.66
chr5,2082409,2082872,3.38
chr5,3420433,3420925,0.45
chr5,7300458,7301131,0.49
chr5,10639631,10640093,3.04
chr5,16525057,16525510,3.93
chr5,34190850,34192061,4.96
chr5,34191740,34192956,3.00
chr5,34854919,34855429,2.54
chr5,37562854,37563783,0.59
chr5,38861647,38862145,0.66
chr5,38867609,38868086,2.12
chr5,41411628,41412084,3.28
chr5,45375183,45375645,4.03
chr5,61282114,61282634,1.76
chr5,65230156,65230664,2.46
chr5,73016129,73016585,1.28
chr5,73806222,73806678,3.64
chr5,76172110,76172588,0.29
chr5,76335854,76336305,1.89
chr5,77794646,77795227,0.57
chr5,89310208,89310968,1.03
chr5,89310664,89311348,0.49
chr5,94953724,94954193,2.16
chr5,97873296,97873754,4.42
chr5,104666451,104666905,5.46
chr5,107557022,107557523,3.12
chr5,119294971,119295435,3.44
chr5,124898160,124898762,2.16
chr5,131849330,131849810,1.75
chr5,132680383,132680853,2.99
chr5,134483670,134484164,4.82
chr5,145183051,145184171,1.11
chr5,149808919,149809371,2.48
chr5,160653198,160653664,4.73
chr5,167859817,167860269,0.00
chr5,167860183,167860635,0.35
chr5,170915879,170916387,2.14
chr5,172368252,172368861,3.54
chr5,174068476,174068929,1.96
chr5,176134012,176134497,1.01
chr5,176530040,176530583,0.84
chr5,176859297,176859817,2.31
chr5,176871467,176871933,0.00
chr5,176872046,176872579,0.11
chr5,177396198,177396787,1.13
chr5,177467770,177468226,1.47
chr5,178239293,178239913,2.66
chr5,178394646,178396366,1.57
chr5,178396103,178396767,1.13
chr5,178447897,178448417,1.91
chr5,178486849,178487332,3.38
chr5,178524819,178525819,2.79
chr5,179313046,179314118,1.67
chr5,179871546,179872087,1.32
chr5,180113088,180113678,0.00
chr6,325688,326151,8.66
chr6,326277,326740,6.04
chr6,396723,397175,5.72
chr6,469010,469669,2.02
chr6,601000,601920,1.51
chr6,675345,676067,1.41
chr6,675855,676363,2.36
chr6,676039,676769,1.58
chr6,676642,677095,1.28
chr6,3090556,3091822,1.89
chr6,3091832,3092387,1.62
chr6,3092235,3092728,3.05
chr6,3092381,3093277,1.56
chr6,3092979,3093782,0.18
chr6,3144934,3146223,1.30
chr6,3191532,3192009,2.98
chr6,9146090,9146862,1.00
chr6,13231016,13231545,3.63
chr6,19346960,19347422,1.77
chr6,19346960,19347608,2.32
chr6,21551178,21551935,1.90
chr6,21851143,21851632,0.12
chr6,21851474,21851970,0.00
chr6,30815511,30816071,0.00
chr6,30987125,30987595,0.00
chr6,32400550,32401094,0.00
chr6,32400720,32401252,0.00
chr6,35383858,35384434,0.15
chr6,55476740,55477735,3.49
chr6,55542883,55543550,2.69
chr6,65478766,65479290,1.62
chr6,71381664,71382194,2.67
chr6,87009953,87010531,0.14
chr6,89292134,89292588,4.28
chr6,89292542,89292992,4.88
chr6,96035647,96036143,2.63
chr6,101761635,101762138,1.36
chr6,107782833,107783373,4.68
chr6,107953575,107954072,3.46
chr6,110454353,110454824,4.42
chr6,111422364,111422834,3.47
chr6,113621548,113622027,3.98
chr6,117923815,117924494,4.13
chr6,129286503,129287062,5.41
chr6,129286805,129287279,4.42
chr6,132385828,132386527,1.21
chr6,133664853,133665305,0.36
chr6,133665181,133665661,0.10
chr6,140652152,140652660,1.75
chr6,140682339,140683229,0.01
chr6,146787418,146787869,1.95
chr6,149762593,149763414,3.35
chr6,151898870,151899543,0.56
chr6,152290854,152291347,1.44
chr6,153053712,153054177,5.74
chr6,154357429,154358062,3.27
chr6,158239000,158239527,0.29
chr6,158239138,158239992,0.00
chr6,158239845,158240372,0.26
chr6,158240033,158240511,0.28
chr6,158571143,158571609,2.81
chr6,158704614,158705065,3.64
chr6,159651856,159652626,2.60
chr6,159652454,159652910,2.91
chr6,159652546,159653038,6.23
chr6,159712134,159712659,5.00
chr6,160091838,160092318,3.05
chr6,162327323,162327831,2.31
chr6,165708686,165709188,0.55
chr6,165821990,165822445,1.26
chr6,166783615,166784813,2.46
chr6,166858694,166859155,4.11
chr6,167103866,167104360,3.11
chr6,167192632,167193102,2.80
chr6,167243844,167244324,3.10
chr6,167295244,167295736,1.09
chr6,167940107,167940737,3.65
chr6,167940765,167941281,1.71
chr6,167941253,167942001,1.78
chr6,168069992,168070453,2.13
chr6,168077133,168077628,2.37
chr6,168316038,168317826,0.40
chr6,168317250,168318163,0.95
chr6,168504984,168505462,4.09
chr6,168654314,168654837,3.98
chr6,168941990,168942448,1.77
chr6,169376659,169377341,2.22
chr6,169662455,169662987,1.67
chr6,169664650,169665112,2.44
chr6,170266624,170267907,1.65
chr7,140043,140525,1.13
chr7,206519,206972,2.17
chr7,206735,207221,0.56
chr7,220729,221256,3.80
chr7,221005,221531,3.17
chr7,224171,225759,2.92
chr7,224226,224745,4.06
chr7,224390,224850,3.82
chr7,224774,225294,1.72
chr7,225407,225867,2.64
chr7,225467,225986,3.06
chr7,629448,629903,3.80
chr7,747448,748022,2.73
chr7,747647,748105,2.49
chr7,889602,890082,3.49
chr7,908905,909475,2.16
chr7,1016352,1016822,0.00
chr7,1031191,1031707,0.80
chr7,1159317,1159767,0.74
chr7,1496075,1496536,2.37
chr7,1861195,1861843,1.55
chr7,1870296,1870925,1.32
chr7,1903135,1904087,3.12
chr7,1904125,1904663,4.07
chr7,1904300,1905322,2.07
chr7,1904662,1905614,1.89
chr7,1937416,1937888,2.10
chr7,1937788,1938332,2.59
chr7,1990515,1991698,0.52
chr7,2035032,2035872,3.42
chr7,2035843,2036353,3.30
chr7,2210205,2210697,0.96
chr7,5449020,5449616,3.17
chr7,10589158,10589724,2.04
chr7,14211376,14212480,3.92
chr7,14211749,14212279,1.56
chr7,14211975,14212480,2.00
chr7,14379612,14380088,3.64
chr7,15322237,15322727,4.18
chr7,15406357,15406916,3.48
chr7,15406531,15407131,3.78
chr7,18104914,18105454,1.21
chr7,22433039,22433618,2.86
chr7,23637024,23637524,0.00
chr7,23637367,23638203,0.45
chr7,23810222,23810703,3.17
chr7,34607883,34608567,1.15
chr7,46326670,46327391,0.34
chr7,49534652,49535122,3.43
chr7,55237455,55237907,2.94
chr7,65226955,65227406,0.02
chr7,65226999,65227467,0.00
chr7,65283120,65283894,0.36
chr7,70003392,70003858,3.77
chr7,73835979,73836429,0.36
chr7,74369655,74370355,0.38
chr7,77014456,77014996,2.10
chr7,77240819,77241274,1.60
chr7,79324411,79324888,1.63
chr7,84086262,84086723,5.77
chr7,87626046,87626755,4.91
chr7,89924572,89925324,7.99
chr7,99180547,99181017,1.54
chr7,100970264,100970720,1.77
chr7,105170619,105171085,2.53
chr7,105351648,105352138,2.76
chr7,113493903,113494406,3.08
chr7,128576385,128577010,1.90
chr7,132984698,132985979,0.95
chr7,134231380,134231832,1.88
chr7,135504251,135504985,1.11
chr7,137448366,137448838,0.78
chr7,137558297,137558968,0.83
chr7,138718001,138718491,0.92
chr7,140035787,140036256,0.61
chr7,141731558,141732017,1.55
chr7,147574988,147575439,2.51
chr7,148409588,148410122,1.66
chr7,148414270,148414727,2.15
chr7,149120882,149121594,0.56
chr7,149865634,149866118,3.23
chr7,150037521,150038003,1.33
chr7,150038688,150039319,2.18
chr7,150038988,150040095,1.41
chr7,151855237,151855697,0.92
chr7,151873938,151874500,6.43
chr7,153367227,153367677,5.25
chr7,154123478,154123949,3.11
chr7,154656051,154656529,1.52
chr7,154656817,154657363,1.35
chr7,154656817,154657546,1.04
chr7,154657289,154657763,1.28
chr7,154662183,154662670,6.10
chr7,154662354,154663898,1.88
chr7,154663639,154664303,3.95
chr7,155616329,155616805,5.30
chr7,155616407,155616863,4.95
chr7,155616945,155617697,4.42
chr7,155673434,155673897,5.33
chr7,156520124,156520616,5.08
chr7,157647120,157647588,3.94
chr7,157647222,157648200,3.52
chr7,157666698,157667338,2.13
chr7,157710570,157711070,0.62
chr7,157716044,157716564,0.82
chr7,157933571,157934039,3.87
chr7,157940510,157940999,1.68
chr7,157940673,157941291,0.44
chr7,157941068,157941530,0.74
chr7,157954013,157954476,4.29
chr7,157982726,157983179,1.61
chr7,157994675,157995238,1.41
chr7,158013643,158014235,0.60
chr7,158058515,158059947,1.31
chr7,158059895,158060480,2.09
chr7,158070921,158071407,0.00
chr7,158071569,158072114,0.57
chr7,158104493,158104947,1.70
chr7,158198461,158198955,1.78
chr7,158244969,158245423,2.57
chr7,158251408,158251890,2.57
chr7,158253657,158254800,4.61
chr7,158295017,158295505,0.00
chr7,158295123,158295603,0.00
chr7,158295275,158295763,0.00
chr7,158319582,158320044,0.00
chr7,158405815,158406301,2.28
chr7,158406904,158407367,0.27
chr7,158460125,158460598,2.41
chr7,158463959,158464422,2.20
chr7,158493304,158494012,1.61
chr7,158667104,158667606,2.44
chr8,616636,617102,0.96
chr8,639461,639911,3.55
chr8,639538,639988,3.63
chr8,671501,671958,5.86
chr8,695861,696323,2.08
chr8,696350,696906,3.35
chr8,699527,699997,1.64
chr8,699567,700093,1.35
chr8,882270,882826,2.03
chr8,895556,896024,1.87
chr8,943343,943806,1.29
chr8,943410,943905,1.17
chr8,1060071,1060543,0.72
chr8,1094858,1095314,1.09
chr8,1180675,1181195,1.03
chr8,1180849,1181325,1.39
chr8,1188277,1188800,0.50
chr8,1197397,1197847,1.21
chr8,1215205,1215830,1.63
chr8,1282194,1283094,1.18
chr8,1302051,1302501,1.00
chr8,1302151,1302601,1.00
chr8,1384934,1385418,0.96
chr8,1385271,1385879,0.31
chr8,1387917,1388724,0.82
chr8,1419166,1419689,0.26
chr8,1443050,1443508,0.00
chr8,1449602,1450055,0.52
chr8,1449814,1450408,0.21
chr8,1483279,1483771,0.26
chr8,1568054,1568504,0.60
chr8,1568644,1569094,0.18
chr8,1828345,1828838,3.29
chr8,1832708,1833171,1.39
chr8,1841692,1842146,0.67
chr8,1874565,1875201,0.74
chr8,1887904,1888393,1.48
chr8,1888018,1889134,1.50
chr8,1952945,1953443,1.00
chr8,1954744,1955195,1.92
chr8,1954855,1955306,2.58
chr8,1990475,1991007,0.16
chr8,2085293,2086481,0.25
chr8,2085492,2085975,0.00
chr8,2085999,2086454,0.48
chr8,2138750,2139216,0.35
chr8,3135195,3135662,3.12
chr8,3794856,3795352,1.00
chr8,3794979,3795561,1.35
chr8,3795120,3795967,0.97
chr8,4116311,4116789,3.19
chr8,9657016,9657466,0.00
chr8,10805383,10805983,1.89
chr8,11782563,11783090,3.14
chr8,12182889,12183393,4.79
chr8,12591127,12591595,5.77
chr8,16707783,16708237,3.89
chr8,34825289,34825780,3.42
chr8,35247353,35247860,2.56
chr8,39150637,39151135,1.00
chr8,51534660,51535134,0.20
chr8,53948441,53948903,2.93
chr8,55721953,55722479,2.63
chr8,57522396,57522937,4.70
chr8,57522884,57523420,7.83
chr8,62210836,62211392,2.69
chr8,63997460,63998208,1.06
chr8,66376743,66377257,3.13
chr8,76644757,76645325,0.95
chr8,82284255,82285266,1.01
chr8,86693842,86694292,0.45
chr8,91827786,91828259,1.24
chr8,98825515,98825975,1.07
chr8,99849709,99850177,1.57
chr8,120521672,120522198,3.76
chr8,120521966,120522534,3.69
chr8,127203277,127203788,2.88
chr8,127316229,127316680,0.40
chr8,128118369,128118861,0.38
chr8,128328649,128329209,2.06
chr8,132746162,132746636,1.00
chr8,134243356,134243879,2.40
chr8,135535025,135535512,1.84
chr8,136955436,136955949,1.00
chr8,136991985,136992441,1.60
chr8,137052262,137052758,3.87
chr8,137062402,137062902,3.73
chr8,138059120,138059634,3.32
chr8,139872508,139873108,1.05
chr8,139936505,139936993,4.23
chr8,139997374,139997864,3.91
chr8,141436822,141437481,1.46
chr8,141487768,141488262,0.56
chr8,141632766,141634292,1.78
chr8,142390416,142390940,2.52
chr8,142516449,142516927,0.90
chr8,142674066,142674533,3.67
chr8,142674164,142674628,3.04
chr8,142789398,142789848,1.28
chr8,142897986,142898446,4.22
chr8,142898090,142898670,4.67
chr8,143015045,143015571,0.43
chr8,143308099,143308563,1.32
chr8,143316217,143316721,3.05
chr8,143339944,143340503,0.98
chr8,143486607,143487145,4.19
chr8,143492480,143492950,3.63
chr8,143575534,143575988,1.17
chr8,143692360,143692840,1.04
chr8,143860546,143862547,0.87
chr8,143931082,143931595,2.90
chr8,144281097,144281593,1.98
chr8,144281184,144281644,2.36
chr9,319895,322552,1.82
chr9,379835,380296,1.13
chr9,414257,414724,1.24
chr9,707907,708363,2.22
chr9,707991,708447,1.73
chr9,9844891,9845351,2.22
chr9,10020102,10021626,1.78
chr9,14860973,14861491,4.42
chr9,17764630,17765141,4.42
chr9,20973625,20974216,7.29
chr9,21980923,21981376,4.09
chr9,32900411,32900928,4.33
chr9,33251702,33252167,1.75
chr9,35372478,35373487,2.17
chr9,35373239,35374328,3.01
chr9,37918167,37918626,2.53
chr9,41106999,41107554,4.32
chr9,41111937,41112415,2.48
chr9,42118630,42119154,2.51
chr9,68322691,68323171,2.50
chr9,76304330,76307124,0.90
chr9,76791008,76791582,1.43
chr9,84797474,84797929,6.43
chr9,89404698,89405194,1.19
chr9,89423552,89424010,2.36
chr9,89471498,89471994,3.34
chr9,90861317,90861797,2.91
chr9,91796537,91798186,1.11
chr9,92830753,92831292,1.37
chr9,94270694,94271153,1.00
chr9,97796756,97797254,0.80
chr9,98214068,98214538,4.02
chr9,103014478,103014983,3.14
chr9,105041457,105041991,1.75
chr9,108900555,108901052,1.60
chr9,110541550,110542002,1.89
chr9,111640926,111641553,0.00
chr9,111641397,111642107,0.17
chr9,113900488,113900966,2.03
chr9,121092247,121092797,3.27
chr9,126484251,126485013,2.45
chr9,126485164,126485623,2.07
chr9,130277480,130277985,0.77
chr9,132812816,132813285,5.28
chr9,132821539,132822035,1.71
chr9,133071040,133071505,1.95
chr9,133826964,133828324,0.90
chr9,133827436,133827932,0.23
chr9,133827700,133828253,0.10
chr9,133828072,133828568,1.88
chr9,134422357,134422811,1.57
chr9,135548777,135549305,1.03
chr9,135578009,135578763,2.28
chr9,136251800,136252285,2.70
chr9,136351968,136352426,3.24
chr9,136671081,136671533,0.58
chr9,136675308,136675790,2.24
chr9,137144553,137145012,1.48
chr9,137144628,137145088,2.16
chr9,137450279,137450769,0.71
chr9,137450905,137451595,0.00
chr9,137565023,137567399,1.17
chr9,137567026,137567602,1.02
chr9,137567442,137567902,2.75
chr9,137567638,137568128,3.28
chr9,137567942,137568432,2.29
chr9,137723059,137723608,1.61
chr9,137976612,137977206,4.05
chr9,138017689,138019162,1.01
chr9,138017808,138018615,1.36
chr9,138150170,138150632,2.28
chr10,401775,403792,1.80
chr10,417898,418416,1.84
chr10,679231,679691,0.96
chr10,1009837,1010315,4.70
chr10,1038490,1039016,3.63
chr10,1046660,1047799,1.13
chr10,1117755,1118327,1.36
chr10,1189529,1189983,2.94
chr10,1201587,1202057,2.29
chr10,1205132,1205604,2.78
chr10,1326568,1327202,0.91
chr10,1326680,1327135,0.70
chr10,1326751,1327205,0.23
chr10,1327018,1327472,0.00
chr10,1327027,1327913,0.17
chr10,1327198,1327652,0.00
chr10,1409669,1410153,2.59
chr10,1459709,1460177,2.32
chr10,1528847,1529318,3.99
chr10,1547360,1547833,0.49
chr10,1659529,1660001,4.40
chr10,3458086,3458578,5.00
chr10,4815235,4815855,1.05
chr10,6206661,6207137,0.77
chr10,6210333,6210783,1.14
chr10,6210333,6211083,1.73
chr10,6834733,6835469,1.94
chr10,7953665,7955151,2.45
chr10,12246842,12247480,2.63
chr10,12774800,12775831,0.58
chr10,15229462,15229982,3.26
chr10,15337274,15337727,3.19
chr10,20126199,20126668,3.98
chr10,23789715,23790319,3.06
chr10,23790192,23790702,2.99
chr10,30677225,30677691,0.85
chr10,30677407,30677876,1.26
chr10,35518205,35518865,3.29
chr10,35549539,35550103,1.86
chr10,44866189,44866676,2.48
chr10,45870197,45870744,2.82
chr10,46271175,46271947,1.83
chr10,55542373,55542940,3.04
chr10,59696802,59697330,0.25
chr10,59881962,59882489,1.89
chr10,64552976,64553426,3.38
chr10,65750527,65750992,2.32
chr10,68059309,68059902,2.77
chr10,70220383,70220851,2.61
chr10,77040944,77041663,2.68
chr10,77888788,77889246,1.09
chr10,98152259,98152929,0.33
chr10,102768165,102768890,0.43
chr10,102885290,102886029,1.83
chr10,103700803,103701289,2.19
chr10,119394176,119394675,2.74
chr10,119394294,119394764,2.69
chr10,119394299,119394901,2.85
chr10,122813703,122814183,1.25
chr10,122814019,122814497,1.42
chr10,126938568,126939032,1.14
chr10,130051340,130051848,0.95
chr10,130051628,130052100,0.34
chr10,130051772,130052244,0.51
chr10,130359962,130360662,0.95
chr10,131289413,131290188,1.47
chr10,131916917,131917983,2.14
chr10,131938871,131939382,3.14
chr10,132140369,132140847,3.54
chr10,132180344,132180852,0.28
chr10,132191316,132192045,0.77
chr10,132254350,132254855,2.37
chr10,132254350,132254960,2.20
chr10,132351752,132352725,1.92
chr10,132356151,132356605,2.67
chr10,132358086,132358601,0.57
chr10,132358398,132358853,0.00
chr10,132358535,132358992,0.00
chr10,132358559,132359127,0.11
chr10,132358620,132359079,0.03
chr10,132358757,132359299,0.43
chr10,132757885,132758525,2.28
chr10,132771459,132771913,1.10
chr10,132771507,132771962,1.00
chr10,132772062,132772516,1.46
chr10,132772265,132772827,3.90
chr10,132858081,132858536,1.47
chr10,132877581,132878033,3.72
chr10,133220221,133220685,2.50
chr10,133220525,133220989,1.83
chr10,133222308,133223104,0.48
chr10,133222776,133223302,0.00
chr10,133264614,133265252,1.62
chr10,133402844,133403297,1.72
chr10,133610565,133611140,3.38
chr11,186386,186933,6.13
chr11,195920,196371,0.77
chr11,196141,196748,0.37
chr11,381088,381680,1.25
chr11,421168,421708,1.05
chr11,485537,485994,1.58
chr11,487780,488249,1.79
chr11,541671,542227,1.29
chr11,576545,577002,0.39
chr11,639803,640299,0.78
chr11,647606,648146,0.52
chr11,771975,772459,3.46
chr11,1088389,1088850,0.61
chr11,1255350,1255986,1.50
chr11,1950403,1950905,1.01
chr11,2923078,2923539,0.36
chr11,4137389,4137839,0.25
chr11,4137483,4138059,0.44
chr11,8910360,8910837,2.10
chr11,9040306,9040766,5.13
chr11,14160192,14160757,5.37
chr11,18143447,18143913,1.00
chr11,22637177,22637641,4.37
chr11,26528894,26529421,1.79
chr11,28430722,28431328,0.46
chr11,32755411,32755891,5.39
chr11,34227628,34228353,1.54
chr11,36144634,36145288,0.30
chr11,36145121,36145648,1.19
chr11,41303866,41304393,0.24
chr11,47097092,47097619,0.54
chr11,58051258,58052658,0.02
chr11,60815185,60815762,1.18
chr11,62951474,62951932,2.39
chr11,63112836,63113425,1.28
chr11,65842568,65843241,0.94
chr11,67669784,67670396,2.15
chr11,69069311,69069866,4.77
chr11,69082418,69082880,4.60
chr11,69082798,69083260,4.61
chr11,70121629,70122096,2.43
chr11,70121716,70122182,2.60
chr11,70739841,70740296,3.10
chr11,71095641,71096121,2.45
chr11,71095725,71096205,2.47
chr11,71167789,71168542,1.45
chr11,88053216,88053674,1.59
chr11,89036422,89036876,1.54
chr11,90270952,90271460,2.21
chr11,92974351,92974913,2.18
chr11,99598064,99598546,2.39
chr11,110444472,110444924,2.00
chr11,110618880,110619465,1.58
chr11,117251051,117251539,1.26
chr11,119848604,119849292,0.75
chr11,121481605,121482059,3.35
chr11,128584738,128585227,2.10
chr11,131266537,131267010,4.27
chr11,131672621,131673088,2.28
chr11,133140801,133141256,3.19
chr11,134092779,134093786,4.24
chr11,134093623,134094083,5.38
chr11,134165780,134166478,1.12
chr11,134166091,134166554,0.95
chr11,134375533,134376071,1.25
chr11,134420214,134420670,2.25
chr11,134457516,134458109,2.67
chr11,134961728,134962258,0.25
chr12,130786,131242,0.45
chr12,258765,259285,3.21
chr12,259047,259507,3.49
chr12,434761,435319,2.63
chr12,582493,582965,1.49
chr12,590442,590912,1.69
chr12,783354,783891,0.70
chr12,1079084,1079578,3.28
chr12,1921287,1921875,0.93
chr12,2407055,2407558,3.01
chr12,2546178,2546638,1.42
chr12,3197468,3198993,0.81
chr12,4972783,4973757,3.58
chr12,4973430,4974117,3.72
chr12,7199606,7200100,2.10
chr12,7420831,7421287,2.64
chr12,9569241,9570632,0.35
chr12,10882236,10882699,0.62
chr12,11267201,11267726,0.00
chr12,11267287,11267750,0.07
chr12,11874262,11874714,6.20
chr12,12413524,12414149,0.76
chr12,18369220,18369741,1.82
chr12,18369427,18369947,2.81
chr12,18369547,18370007,3.16
chr12,24006970,24007622,2.97
chr12,26784731,26785208,0.51
chr12,26784854,26785554,0.22
chr12,30869681,30870158,3.52
chr12,30869865,30870351,4.45
chr12,30957487,30957975,1.58
chr12,31122225,31122705,0.00
chr12,31122567,31123126,0.00
chr12,40247294,40247748,5.69
chr12,48056648,48057118,3.52
chr12,48056651,48057195,3.61
chr12,48056810,48057318,3.84
chr12,49436066,49436593,1.55
chr12,49877870,49879532,2.62
chr12,51196843,51197307,1.88
chr12,53029831,53030389,0.91
chr12,59671780,59672261,4.49
chr12,62010649,62011125,1.18
chr12,63948685,63949170,5.86
chr12,64366121,64366766,6.01
chr12,69664800,69665309,2.23
chr12,71563736,71564409,1.41
chr12,79178709,79179167,5.06
chr12,82900007,82900547,4.14
chr12,90777015,90777568,4.71
chr12,92195212,92195722,1.53
chr12,92727779,92728292,2.17
chr12,93392276,93393100,1.38
chr12,95235095,95235622,2.16
chr12,96664565,96665015,3.10
chr12,96826954,96827570,2.65
chr12,96827034,96827489,1.97
chr12,101704314,101705376,0.98
chr12,109357416,109357913,3.77
chr12,109357572,109358069,4.47
chr12,111296420,111296877,1.83
chr12,118098020,118098472,1.72
chr12,120852136,120852650,1.54
chr12,120987787,120988250,1.86
chr12,122853016,122853571,2.13
chr12,123521441,123521893,1.33
chr12,124849646,124850332,2.55
chr12,125114462,125114937,2.75
chr12,125204031,125204894,3.26
chr12,125410529,125411080,0.00
chr12,126728219,126728783,1.82
chr12,128189233,128189706,6.33
chr12,129190227,129190685,1.48
chr12,129479518,129480042,1.73
chr12,129854968,129858465,1.36
chr12,130157538,130157992,3.10
chr12,130482501,130482963,3.96
chr12,130531718,130532271,3.22
chr12,130563801,130564315,2.56
chr12,130996158,130996647,0.74
chr12,131037279,131037829,3.70
chr12,131067398,131067857,4.11
chr12,131366822,131367653,4.03
chr12,132149452,132149940,4.86
chr12,132149769,132150340,1.41
chr12,132211958,132212478,1.77
chr12,132212825,132213385,2.61
chr12,132281577,132282091,2.18
chr12,132290328,132291103,0.54
chr12,132290863,132291458,0.00
chr12,132313801,132314261,0.79
chr12,132562779,132563260,1.65
chr12,132563612,132564094,1.73
chr12,132564413,132564947,4.26
chr12,132758918,132759405,1.88
chr12,132776303,132776782,1.51
chr12,132787397,132787885,0.22
chr12,132817379,132817877,1.64
chr12,132817430,132817928,1.40
chr12,132895314,132896117,1.49
chr13,18198235,18198691,2.57
chr13,22899955,22900405,3.56
chr13,24190047,24190504,3.15
chr13,25425299,25425810,2.50
chr13,30269829,30270454,1.15
chr13,31889297,31889780,1.40
chr13,33177551,33178058,1.68
chr13,34541059,34541509,0.43
chr13,39352622,39353124,2.79
chr13,45381306,45382347,0.98
chr13,48427366,48427819,5.72
chr13,51773962,51774548,2.55
chr13,51774231,51775456,1.77
chr13,51775495,51775956,3.45
chr13,51775865,51776341,5.80
chr13,53328338,53328811,2.97
chr13,60740913,60742302,0.16
chr13,63050217,63050751,1.12
chr13,67613103,67613608,4.20
chr13,71733925,71734446,2.23
chr13,71734174,71734638,2.96
chr13,73575070,73575570,0.27
chr13,79957298,79957924,1.90
chr13,81285308,81285768,2.26
chr13,83005977,83006575,2.71
chr13,90495636,90496138,4.12
chr13,94392431,94392969,2.04
chr13,102137902,102138594,1.92
chr13,109008502,109008954,2.63
chr13,109569192,109569723,5.02
chr13,109717086,109717612,2.72
chr13,109765339,109765886,2.76
chr13,109765584,109766082,2.36
chr13,109765682,109766278,1.33
chr13,109765976,109766915,0.69
chr13,110355461,110355959,0.57
chr13,110408634,110409175,1.11
chr13,110677224,110677771,1.31
chr13,111254161,111254612,3.55
chr13,112766584,112767182,1.57
chr13,112766808,112767525,0.86
chr13,112844970,112845434,2.62
chr13,112884535,112884994,1.75
chr13,113011962,113012525,1.88
chr13,113012293,113012796,1.85
chr13,113025543,113025997,1.43
chr13,113068064,113068728,1.16
chr13,113068526,113068992,3.12
chr13,113069056,113069522,4.94
chr13,113085629,113086085,1.77
chr13,113136418,113137011,1.48
chr13,113136615,113137149,1.48
chr13,113314192,113314880,2.81
chr13,113314287,113314783,2.56
chr13,113330550,113331009,3.98
chr13,113330613,113331113,2.91
chr13,113352787,113353277,2.30
chr13,113725338,113725990,2.27
chr13,113789952,113790672,4.30
chr13,113841466,113841948,3.64
chr13,113898629,113899677,0.73
chr13,113899527,113900089,3.38
chr13,113900092,113900546,6.83
chr13,113984144,113988454,0.42
chr13,113990931,113991395,1.51
chr13,114019544,114020025,3.27
chr13,114075328,114075836,3.20
chr13,114075476,114075930,4.10
chr13,114103375,114103937,1.17
chr13,114103975,114104533,1.12
chr13,114119834,114120408,0.39
chr13,114120043,114120518,0.61
chr13,114198629,114199107,0.31
chr14,19158757,19159207,0.27
chr14,25866176,25866650,4.55
chr14,25866693,25867151,4.28
chr14,25867266,25867790,3.67
chr14,25867645,25868133,4.35
chr14,27512727,27513223,1.80
chr14,29825959,29826543,2.72
chr14,34443175,34443706,0.83
chr14,34929451,34929939,2.97
chr14,35976693,35977390,0.39
chr14,38100370,38101342,2.96
chr14,39094029,39094483,2.89
chr14,42409742,42410196,3.91
chr14,50896342,50896799,2.83
chr14,55331464,55331940,2.79
chr14,59749304,59749782,1.21
chr14,59749328,59749834,1.15
chr14,64037467,64037949,1.53
chr14,65060226,65060910,0.54
chr14,69924799,69925284,0.48
chr14,73183947,73184397,0.02
chr14,73515472,73516347,0.71
chr14,76821492,76822166,0.48
chr14,78926605,78927079,4.08
chr14,86286895,86287354,2.08
chr14,88789247,88789758,1.83
chr14,91293147,91293607,1.89
chr14,91293236,91293692,1.92
chr14,93576766,93577216,0.44
chr14,93721799,93722269,1.10
chr14,93768766,93769222,1.72
chr14,95423352,95423803,2.08
chr14,100869006,100870448,0.63
chr14,104224975,104225585,1.94
chr14,104225201,104225706,2.33
chr14,104884483,104884936,0.94
chr14,104949725,104951610,2.66
chr14,105276149,105276602,6.13
chr14,105276413,105276867,8.33
chr14,105276521,105276973,6.94
chr14,105276707,105277169,4.58
chr14,105276786,105277308,3.14
chr14,105276937,105277443,3.12
chr14,105277042,105277528,4.37
chr14,105458942,105459754,1.06
chr14,105459495,105459954,0.62
chr14,105459594,105460053,1.00
chr14,105477654,105478108,1.10
chr15,22035838,22036305,0.50
chr15,22465819,22466275,2.57
chr15,23136385,23136839,0.00
chr15,24395639,24396089,3.68
chr15,25429858,25430333,4.43
chr15,25999583,26000053,3.32
chr15,25999822,26000276,2.77
chr15,28624932,28625434,1.29
chr15,28842710,28843173,1.48
chr15,30375628,30376124,0.00
chr15,31510971,31511913,1.95
chr15,32777617,32778165,1.43
chr15,35656226,35656752,0.00
chr15,48529879,48530330,4.26
chr15,56110231,56110709,0.71
chr15,56110536,56111141,0.49
chr15,57687271,57687771,2.91
chr15,57687756,57688235,2.81
chr15,57688030,57688540,2.19
chr15,60366614,60367144,0.00
chr15,60367277,60367804,0.97
chr15,60815947,60816509,1.12
chr15,64577128,64577588,3.47
chr15,66039547,66040119,0.10
chr15,66998307,66998770,2.21
chr15,67609295,67609815,1.88
chr15,68397310,68397776,6.42
chr15,68691131,68691824,0.28
chr15,72425384,72425836,2.71
chr15,72725598,72726082,1.19
chr15,74793889,74794454,1.41
chr15,81593193,81593662,2.15
chr15,82488182,82488712,0.19
chr15,82997538,82998068,0.59
chr15,86973836,86974420,3.41
chr15,88205856,88206575,1.11
chr15,88855307,88855821,1.39
chr15,89508335,89508792,0.51
chr15,92669019,92669474,2.75
chr15,98522325,98522863,2.12
chr15,99798172,99798670,2.15
chr15,99806038,99806572,0.37
chr15,100102221,100102677,2.73
chr15,100511350,100512252,1.33
chr15,100582038,100582538,1.00
chr15,100582163,100582712,1.00
chr15,100582344,100582844,1.00
chr15,100718853,100719339,4.47
chr15,100719300,100719829,2.48
chr15,100719694,100720181,3.05
chr15,100909223,100909699,1.23
chr15,101692056,101692578,1.50
chr16,81541,81998,4.80
chr16,406545,407001,1.22
chr16,452345,453065,0.38
chr16,480553,481264,1.91
chr16,611823,612292,2.67
chr16,612106,612574,1.82
chr16,631527,632086,0.59
chr16,665014,665464,1.24
chr16,952823,953295,1.15
chr16,953240,954114,1.00
chr16,953284,953784,0.08
chr16,953447,954034,0.80
chr16,960326,961026,2.54
chr16,1190633,1191349,4.56
chr16,1736585,1737197,0.96
chr16,1736849,1737849,0.00
chr16,1737500,1738514,0.27
chr16,2034091,2034564,1.68
chr16,2442198,2442783,2.44
chr16,3054146,3054614,3.28
chr16,3066710,3067190,2.54
chr16,3469319,3469814,2.80
chr16,3656133,3656590,3.22
chr16,5488342,5488807,4.79
chr16,7186007,7186557,1.59
chr16,7229670,7230124,2.06
chr16,8953504,8954099,3.09
chr16,11335556,11336006,0.44
chr16,11486058,11486607,2.88
chr16,13385315,13385765,4.51
chr16,14873822,14874298,1.61
chr16,15104203,15104674,2.12
chr16,15363465,15363936,1.28
chr16,15775207,15775657,0.00
chr16,16650436,16650897,0.16
chr16,19252154,19252648,2.68
chr16,24852599,24853063,2.72
chr16,26722115,26722589,2.14
chr16,28665963,28666413,1.40
chr16,28737578,28738028,0.83
chr16,29121472,29121923,4.30
chr16,29196866,29197403,3.36
chr16,29226671,29227384,1.11
chr16,29298532,29299052,3.70
chr16,29383111,29383889,3.25
chr16,29383582,29384106,4.53
chr16,29383875,29384332,4.89
chr16,30223622,30224091,1.70
chr16,49506196,49506731,3.90
chr16,50754799,50755270,4.45
chr16,56397503,56398101,2.48
chr16,57070800,57071273,2.82
chr16,58892410,58892905,1.20
chr16,60028569,60029175,3.41
chr16,63584416,63584952,0.73
chr16,65465502,65465953,6.37
chr16,73349433,73349893,1.15
chr16,74355384,74355935,1.58
chr16,82130429,82131093,3.83
chr16,83658018,83658526,4.67
chr16,85208598,85209098,1.89
chr16,87733356,87733807,2.65
chr16,88000692,88001400,1.21
chr16,88001052,88001510,1.17
chr16,88280913,88281468,2.91
chr16,88283719,88284271,2.67
chr16,88667974,88668450,2.62
chr16,88933050,88933779,1.35
chr16,88955359,88955816,2.07
chr16,89121768,89122305,4.42
chr16,89399779,89400977,3.28
chr16,89421065,89421615,5.48
chr16,89428986,89430016,7.46
chr16,89579496,89580171,1.02
chr16,89579788,89580248,1.03
chr16,89652052,89652529,2.44
chr16,89652212,89652689,2.85
chr16,89686044,89686497,1.01
chr16,89745417,89745931,1.67
chr16,89848678,89849210,1.67
chr16,89879257,89879993,1.48
chr16,90008189,90008671,2.22
chr17,220300,221015,6.04
chr17,235444,235944,2.78
chr17,264050,264639,2.11
chr17,272767,273223,0.81
chr17,272952,273632,0.04
chr17,286713,287325,0.74
chr17,286979,287595,0.23
chr17,287301,288577,0.12
chr17,288283,289065,0.54
chr17,299790,300378,0.00
chr17,299998,300630,0.00
chr17,360538,361166,1.01
chr17,375374,375827,0.08
chr17,413596,414057,2.07
chr17,505697,506225,5.78
chr17,505975,506960,2.73
chr17,506608,507073,1.53
chr17,506807,507272,1.05
chr17,513558,514096,3.03
chr17,552707,553172,2.25
chr17,552707,553367,1.86
chr17,552798,553263,2.08
chr17,617720,618170,4.66
chr17,657739,658231,1.98
chr17,790435,791002,1.32
chr17,835484,836017,1.86
chr17,893392,893849,1.42
chr17,893910,894430,2.78
chr17,1006707,1007172,0.39
chr17,1029580,1030039,0.47
chr17,1052130,1052837,0.00
chr17,1054396,1054847,0.00
chr17,1073818,1074284,1.27
chr17,1128525,1128997,0.00
chr17,1131190,1131680,0.00
chr17,1131324,1131813,0.00
chr17,1131648,1132140,0.99
chr17,1159023,1159714,3.79
chr17,2356213,2357013,2.90
chr17,2447302,2447830,0.66
chr17,3000182,3000978,3.24
chr17,3000784,3001283,6.06
chr17,3001194,3001693,5.10
chr17,3464847,3465461,1.54
chr17,4132460,4132994,0.87
chr17,4191295,4191923,2.11
chr17,4191678,4192140,0.95
chr17,4458190,4458672,3.46
chr17,4714363,4714863,2.15
chr17,5239981,5240545,8.47
chr17,5240371,5240854,5.60
chr17,6518981,6519546,1.06
chr17,11694433,11694969,1.99
chr17,11711664,11712146,2.73
chr17,13782244,13782706,1.92
chr17,13782331,13782814,2.34
chr17,13783142,13783762,2.53
chr17,13796585,13797159,7.07
chr17,13796814,13797272,8.37
chr17,13796901,13797388,7.97
chr17,15960054,15960772,1.25
chr17,20984421,20984920,0.19
chr17,20984597,20985073,0.00
chr17,28516503,28517242,1.78
chr17,29895042,29895562,0.90
chr17,34838153,34838692,0.83
chr17,37593951,37594410,0.00
chr17,38371289,38371749,0.00
chr17,41041048,41041586,2.62
chr17,41105290,41105810,2.21
chr17,41117754,41118259,1.14
chr17,41123662,41124182,1.81
chr17,41167622,41168112,3.85
chr17,42338041,42338721,1.89
chr17,46661873,46662405,1.95
chr17,48959572,48960252,0.55
chr17,53327594,53328057,5.27
chr17,54245574,54246037,4.81
chr17,56220622,56221097,0.94
chr17,60042149,60042622,4.67
chr17,72060271,72060861,1.42
chr17,73539723,73540178,4.41
chr17,74563266,74563718,4.08
chr17,75558606,75559086,1.12
chr17,77561452,77562222,4.08
chr17,78760213,78760757,1.01
chr17,79004795,79005279,0.29
chr17,79203151,79203611,1.49
chr17,79442012,79442524,0.84
chr17,79463069,79463729,1.19
chr17,80184419,80184877,3.38
chr17,80840730,80841193,0.98
chr17,80889606,80890082,0.83
chr17,82148121,82148733,1.46
chr17,82148369,82149289,1.30
chr17,82162353,82162869,1.57
chr17,82411825,82412306,1.28
chr17,82448046,82448608,0.77
chr17,82580232,82580842,4.86
chr17,82897955,82898417,3.19
chr17,82925703,82926277,0.39
chr17,82983907,82984481,2.58
chr17,83002621,83003128,0.34
chr17,83003482,83003954,0.00
chr17,83003762,83004234,0.00
chr17,83011760,83012304,1.02
chr17,83047611,83048086,6.13
chr17,83092348,83092805,0.36
chr17,83134448,83134900,1.59
chr18,512028,512546,2.40
chr18,514316,514808,1.85
chr18,514483,514943,1.50
chr18,514728,515189,1.88
chr18,514912,515436,3.88
chr18,3600698,3601155,3.54
chr18,3674554,3675092,2.40
chr18,7098512,7099040,1.33
chr18,10356827,10357295,3.51
chr18,12979759,12980529,0.34
chr18,13106203,13106683,2.94
chr18,13675472,13676098,3.71
chr18,13887084,13887588,1.25
chr18,23218197,23218669,2.67
chr18,27364914,27365384,1.22
chr18,28694404,28694856,3.17
chr18,37337787,37338397,1.45
chr18,37337933,37338438,1.71
chr18,42005574,42006549,2.51
chr18,44306483,44307019,1.88
chr18,44544547,44545079,3.74
chr18,57642016,57642620,4.29
chr18,57678477,57679200,1.09
chr18,58170443,58170925,3.48
chr18,62039450,62040078,1.40
chr18,62580814,62581522,0.77
chr18,62581269,62582021,1.95
chr18,64062819,64063285,2.74
chr18,69659686,69660137,1.00
chr18,71198233,71198867,1.90
chr18,73249303,73249758,3.15
chr18,74915513,74916347,1.90
chr18,76423390,76423855,3.23
chr18,76424045,76424506,2.56
chr18,76645207,76645723,1.16
chr18,76810108,76810667,4.27
chr18,78916152,78916745,9.03
chr18,79144782,79146136,2.61
chr18,79245923,79246444,2.23
chr18,79346238,79346776,2.32
chr18,79357400,79357910,5.66
chr18,79358273,79358796,2.99
chr18,79374058,79374510,1.37
chr18,79525063,79525561,1.84
chr18,79694019,79694607,0.55
chr18,79745118,79745742,0.96
chr18,79745367,79745879,0.23
chr18,79745675,79746131,0.18
chr18,79807850,79808310,4.11
chr18,79807985,79808685,2.42
chr18,79808427,79808887,1.84
chr18,79915927,79916387,2.40
chr18,79920057,79920533,0.72
chr18,79920755,79921231,0.27
chr18,79921498,79922053,2.99
chr18,80071086,80072037,2.15
chr18,80072328,80073008,2.75
chr18,80075086,80075876,1.29
chr19,311772,312229,1.35
chr19,422899,423604,1.55
chr19,426299,426804,1.95
chr19,427417,427891,1.33
chr19,472991,473516,3.04
chr19,642003,642488,0.95
chr19,818738,819456,1.95
chr19,861123,861588,0.68
chr19,949815,950273,2.02
chr19,1033455,1034523,1.87
chr19,1034668,1035208,2.16
chr19,1195476,1197535,1.01
chr19,2128242,2129037,1.55
chr19,2346982,2347789,1.58
chr19,2773385,2773867,0.83
chr19,2773489,2773971,0.83
chr19,2835934,2836389,3.26
chr19,3173052,3175582,0.31
chr19,3175259,3175967,0.57
chr19,4011458,4011909,1.41
chr19,6693718,6694332,3.08
chr19,6700132,6700725,4.06
chr19,7361824,7362283,2.92
chr19,7765533,7766002,2.94
chr19,8543437,8544002,0.78
chr19,15580879,15581343,3.49
chr19,15673985,15674460,1.02
chr19,15676154,15676634,1.10
chr19,15676317,15676775,1.00
chr19,15676375,15677007,1.00
chr19,15677031,15677526,0.00
chr19,17314939,17315409,3.59
chr19,17637473,17638137,1.66
chr19,21776597,21777130,1.18
chr19,24041789,24042349,2.20
chr19,30500315,30500782,1.90
chr19,36728423,36728879,3.18
chr19,37746870,37747401,1.00
chr19,37747003,37747534,1.00
chr19,40248633,40249108,4.50
chr19,43216358,43216929,0.63
chr19,44487980,44488431,1.93
chr19,47027223,47027749,0.14
chr19,48342089,48342542,3.05
chr19,49414474,49414932,1.43
chr19,50225675,50226372,0.22
chr19,50678794,50679289,0.36
chr19,50838779,50839301,1.28
chr19,51353221,51353695,1.55
chr19,51495046,51495497,0.93
chr19,51952710,51953286,3.28
chr19,52811708,52812186,1.36
chr19,52811853,52812380,1.24
chr19,53880183,53880663,1.04
chr19,54168575,54169033,0.14
chr19,54168593,54169048,0.10
chr19,54171967,54172442,0.71
chr19,54171968,54172553,0.58
chr19,54471786,54472262,0.00
chr19,54711399,54711943,0.24
chr19,54711580,54712444,0.00
chr19,54738655,54739132,0.00
chr19,55078060,55078645,0.00
chr19,55093075,55094273,0.51
chr19,55097322,55097786,0.70
chr19,55147145,55147618,1.02
chr19,55361414,55361991,0.80
chr19,55508438,55508912,2.55
chr19,55530238,55530972,2.68
chr19,56098417,56099032,2.11
chr19,56148808,56149281,3.61
chr19,56176048,56176598,2.55
chr19,56176259,56176709,1.91
chr19,56444467,56445199,4.97
chr19,56444879,56445362,5.08
chr19,57137635,57138136,1.10
chr19,58258197,58258687,2.58
chr19,58405045,58405621,1.41
chr19,58410318,58410950,0.98
chr19,58599965,58600459,3.78
chr19,58600084,58600763,4.49
chr20,1258454,1259103,5.28
chr20,3227832,3228286,1.78
chr20,4185197,4185881,2.62
chr20,4224341,4224795,2.84
chr20,5452974,5453489,0.21
chr20,8570325,8570811,1.76
chr20,10149914,10150376,2.28
chr20,14699554,14700014,2.03
chr20,36858135,36858593,1.00
chr20,37361587,37362057,2.27
chr20,53469374,53469930,1.94
chr20,55532515,55533044,1.65
chr20,58541995,58542539,2.34
chr20,61264288,61264755,4.00
chr20,61264414,61264880,4.76
chr20,61534521,61535001,2.75
chr20,61641475,61641936,1.79
chr20,61641597,61642068,1.79
chr20,61641691,61642152,2.26
chr20,61723686,61724136,2.26
chr20,61783571,61784097,5.11
chr20,61783810,61784273,3.59
chr20,61784288,61784750,4.55
chr20,62417259,62417710,0.78
chr20,62417653,62418106,0.64
chr20,62654983,62655439,1.48
chr20,62740109,62740584,3.49
chr20,62960814,62961270,1.45
chr20,62965813,62966268,1.36
chr20,62965995,62966450,1.80
chr20,63028706,63029199,6.05
chr20,63266423,63266880,1.54
chr20,63371978,63372563,1.21
chr20,63559259,63559780,2.08
chr20,63669444,63670186,2.36
chr20,63723247,63723703,3.10
chr20,63879923,63880443,6.15
chr20,64118324,64118774,0.00
chr20,64123282,64123751,0.46
chr20,64126742,64127332,0.44
chr20,64126953,64127581,0.46
chr20,64127561,64128075,0.58
chr20,64220581,64221062,0.51
chr21,6349073,6349538,0.57
chr21,8810280,8810806,2.67
chr21,18315296,18315870,1.39
chr21,21789615,21790257,2.89
chr21,30209978,30210514,0.49
chr21,31918763,31919218,2.73
chr21,32477496,32478039,0.91
chr21,33239554,33240016,3.48
chr21,34926291,34926757,1.92
chr21,35630335,35630795,4.70
chr21,36144284,36144855,1.44
chr21,38063760,38064368,0.63
chr21,38108900,38109670,1.61
chr21,40440126,40440749,1.39
chr21,40498469,40498929,2.36
chr21,40636908,40637516,1.17
chr21,41806276,41806792,0.86
chr21,41855688,41856226,0.92
chr21,42131145,42131689,3.73
chr21,42283525,42284226,0.79
chr21,43582614,43583499,1.04
chr21,43631855,43632307,0.50
chr21,44164122,44164606,2.16
chr21,44183886,44184418,0.18
chr21,44410267,44410782,3.98
chr21,44410423,44410946,4.14
chr21,44422521,44423091,2.87
chr21,44912581,44913121,1.38
chr21,45378830,45379292,1.32
chr21,45486135,45486673,4.76
chr21,45500608,45501085,0.03
chr21,45506915,45507380,0.46
chr21,45510778,45511234,3.71
chr21,45814868,45815651,1.80
chr21,45815348,45815822,2.60
chr21,45852225,45852703,4.39
chr21,45886020,45886472,4.99
chr21,45886086,45886538,5.08
chr21,45886381,45886833,2.34
chr21,46111386,46111848,1.36
chr21,46171862,46172328,0.00
chr21,46395175,46395687,3.87
chr22,15689940,15690451,5.23
chr22,16522908,16523369,2.38
chr22,17146293,17147375,2.56
chr22,21183470,21184089,5.08
chr22,24316620,24317723,1.23
chr22,24604982,24605432,3.72
chr22,29509440,29509940,2.74
chr22,31591485,31592466,0.06
chr22,31591706,31592254,0.00
chr22,31591875,31592402,0.00
chr22,37509570,37510089,2.25
chr22,38229503,38230017,3.40
chr22,43281288,43281738,1.57
chr22,43496479,43496933,0.00
chr22,44154740,44155195,2.28
chr22,44800877,44801438,0.07
chr22,44813158,44813629,3.42
chr22,45568328,45568819,3.51
chr22,46606239,46606737,1.95
chr22,46614749,46615405,2.04
chr22,46615564,46616032,0.90
chr22,46628307,46628777,1.47
chr22,47070414,47070910,7.47
chr22,47162415,47162889,1.72
chr22,47916057,47916515,1.08
chr22,48610318,48610782,2.32
chr22,48667518,48668000,1.03
chr22,48667617,48668181,0.60
chr22,48667861,48668753,1.37
chr22,48667891,48668413,0.08
chr22,49629390,49629854,1.08
chr22,50146975,50147471,1.74
chr22,50488615,50489083,0.12
chr22,50547670,50548142,0.64
chr22,50715809,50716291,1.46
chrX,2844299,2844753,3.14
chrX,2844839,2845619,3.07
chrX,5670196,5670707,3.78
chrX,7608957,7609484,0.57
chrX,13881235,13882803,1.35
chrX,27210315,27211042,1.59
chrX,29168550,29169001,4.99
chrX,30868309,30868781,2.85
chrX,33009300,33009796,4.89
chrX,33009832,33010282,5.27
chrX,41211564,41212090,2.30
chrX,47148385,47148878,1.54
chrX,70373300,70373812,1.74
chrX,71520211,71521444,0.50
chrX,87582852,87583339,1.00
chrX,105446943,105447402,0.88
chrX,107781975,107782428,5.28
chrX,120296683,120297154,4.76
chrX,121198897,121199355,2.84
chrX,134750613,134751078,0.54
chrX,141401763,141402236,3.08
chrX,150583310,150583774,4.17
chrX,151913794,151916238,0.60
chrX,153126152,153126930,1.80
