chr1,821153,821829,4.92
chr1,839131,839657,6.58
chr1,996416,996928,3.63
chr1,1192277,1192797,7.53
chr1,1934723,1935784,3.41
chr1,1979207,1979665,4.26
chr1,2106500,2106958,8.46
chr1,2121396,2122101,3.22
chr1,3181068,3181607,9.67
chr1,3510249,3510757,2.53
chr1,4077917,4078375,5.64
chr1,4136097,4136895,7.60
chr1,4520552,4521048,6.03
chr1,5387216,5387776,2.26
chr1,5711861,5712479,3.65
chr1,5816696,5817192,3.44
chr1,5829435,5829970,2.58
chr1,7500040,7500519,3.96
chr1,8026811,8027379,2.65
chr1,8344695,8345229,5.00
chr1,10187465,10188099,2.16
chr1,11522374,11522884,1.33
chr1,16132494,16132980,2.76
chr1,16303429,16304005,1.67
chr1,17165771,17166256,2.18
chr1,17208262,17208736,3.70
chr1,17351756,17352236,3.66
chr1,18097306,18097834,4.07
chr1,18472314,18472926,3.04
chr1,19932779,19933260,4.68
chr1,20463342,20463795,1.90
chr1,20712484,20712964,4.83
chr1,21179692,21180238,5.50
chr1,23703475,23703943,6.21
chr1,23899693,23900143,1.76
chr1,25054097,25054654,3.33
chr1,25767675,25768205,3.96
chr1,27854115,27854565,1.12
chr1,29771110,29771786,11.99
chr1,30799860,30800338,4.93
chr1,31494600,31495123,10.67
chr1,31578738,31579204,2.73
chr1,34992479,34993013,6.35
chr1,35888792,35889280,2.14
chr1,36958432,36959190,1.62
chr1,37427265,37427725,3.00
chr1,38529993,38530451,3.64
chr1,42323845,42324335,3.50
chr1,43904678,43905142,1.85
chr1,44140075,44140559,5.19
chr1,47743051,47743765,1.14
chr1,51804481,51805001,4.26
chr1,53099053,53099802,5.49
chr1,53556221,53556795,2.31
chr1,56885194,56885658,0.89
chr1,58729763,58730413,7.12
chr1,63400057,63400507,2.19
chr1,66090439,66090909,3.43
chr1,71927947,71928399,6.66
chr1,73971663,73972190,6.52
chr1,77444051,77444515,1.66
chr1,79571202,79571757,1.98
chr1,80330351,80330809,4.66
chr1,83892329,83892785,4.84
chr1,84027355,84027853,1.38
chr1,86110904,86111423,3.69
chr1,86797549,86798089,2.90
chr1,90183748,90184201,3.70
chr1,91168368,91168822,2.98
chr1,97323140,97323592,2.83
chr1,99111720,99112186,2.88
chr1,99823481,99823964,1.75
chr1,102093438,102093898,7.10
chr1,105374049,105374507,1.90
chr1,108523299,108523788,3.82
chr1,108771700,108772216,4.98
chr1,111501873,111502364,4.11
chr1,113415959,113416496,6.26
chr1,144137639,144138144,1.83
chr1,149023386,149023924,2.71
chr1,150401225,150401895,1.68
chr1,152213083,152213834,4.25
chr1,152267762,152268217,5.08
chr1,154713948,154714404,3.72
chr1,155809589,155810091,3.01
chr1,159449444,159449992,2.37
chr1,163059193,163059676,5.65
chr1,167056475,167056959,5.02
chr1,175231389,175231847,3.21
chr1,175650748,175651251,2.87
chr1,177149434,177150002,4.39
chr1,181136535,181137028,4.60
chr1,181734268,181734893,3.32
chr1,192002817,192003370,7.42
chr1,195142862,195143314,2.61
chr1,200910858,200911309,2.33
chr1,201209553,201210277,8.83
chr1,201258235,201258715,4.67
chr1,202172462,202172956,9.79
chr1,202204573,202205051,17.60
chr1,202624378,202625233,8.75
chr1,204195204,204195694,4.72
chr1,205410987,205411444,2.83
chr1,205972685,205973263,2.88
chr1,207846540,207847000,2.11
chr1,210533048,210533548,2.77
chr1,215093564,215094025,3.40
chr1,215209245,215209740,6.91
chr1,216779140,216779659,5.25
chr1,219960291,219961237,1.68
chr1,223936829,223937298,5.23
chr1,226955347,226955888,2.91
chr1,227906474,227906951,2.61
chr1,230335288,230335970,3.99
chr1,230588445,230589042,2.10
chr1,231011022,231011725,3.34
chr1,231201872,231202368,5.10
chr1,234098465,234098935,2.07
chr1,234247996,234248506,5.34
chr1,235078235,235078725,3.22
chr1,238641696,238642221,6.80
chr1,241220770,241221248,3.41
chr1,242210306,242210757,2.09
chr1,242393952,242394582,5.78
chr1,244936872,244937404,3.34
chr1,246071974,246072431,6.37
chr1,246232591,246233222,0.91
chr1,246233493,246234378,4.34
chr1,246484606,246485058,4.88
chr1,247032295,247032789,2.23
chr1,247339537,247340159,1.67
chr1,248306227,248306766,0.99
chr1,248674882,248675345,5.09
chr1,248803254,248803777,7.55
chr2,5564084,5564538,4.19
chr2,5748150,5748650,1.60
chr2,7188914,7189370,3.07
chr2,7903214,7903768,2.53
chr2,8028119,8028584,1.16
chr2,9305091,9305893,6.49
chr2,10535961,10536523,1.22
chr2,10553907,10554357,1.00
chr2,12153149,12153612,2.01
chr2,12171564,12172016,1.66
chr2,12455885,12456432,4.87
chr2,15097849,15098315,6.91
chr2,17778067,17778523,1.99
chr2,18296270,18296722,7.00
chr2,18911506,18912167,1.61
chr2,25300417,25300877,2.30
chr2,31283439,31283893,1.50
chr2,32111048,32111516,8.19
chr2,34816620,34817072,3.05
chr2,41697277,41697853,2.07
chr2,42549019,42549517,2.47
chr2,43515085,43515550,6.83
chr2,47084413,47084873,1.13
chr2,47900425,47900877,4.42
chr2,48469251,48469733,4.00
chr2,51548854,51549396,5.47
chr2,53868286,53868755,1.11
chr2,66073973,66074456,4.87
chr2,67671772,67672290,4.61
chr2,67813126,67813606,3.26
chr2,68449577,68450118,1.88
chr2,69096087,69096579,3.05
chr2,71711563,71712068,2.29
chr2,74330664,74331140,3.98
chr2,75611319,75611957,4.05
chr2,78573811,78574262,2.35
chr2,82190364,82190823,4.53
chr2,87396821,87397278,2.39
chr2,87825308,87825781,5.26
chr2,89264103,89264591,3.84
chr2,89671571,89672047,5.95
chr2,89773933,89774486,2.60
chr2,89781424,89782041,2.10
chr2,89788904,89789376,4.06
chr2,89790439,89790939,6.38
chr2,98472988,98473508,2.96
chr2,103392344,103392796,7.31
chr2,103705008,103705480,7.04
chr2,108415281,108415792,4.82
chr2,109077900,109078410,3.84
chr2,112054423,112054923,2.62
chr2,112446634,112447111,3.96
chr2,113098607,113099084,3.21
chr2,116829476,116829934,3.29
chr2,117041174,117041628,3.21
chr2,117044025,117044757,4.53
chr2,119195476,119196013,2.72
chr2,119444204,119445164,4.01
chr2,123401977,123402449,1.69
chr2,123955776,123956232,9.03
chr2,124510135,124510677,2.45
chr2,125013170,125013620,1.22
chr2,125422614,125423173,1.97
chr2,128792186,128792645,3.14
chr2,130060462,130061161,2.30
chr2,132266622,132267088,1.77
chr2,134151588,134152236,4.55
chr2,136347107,136347606,2.90
chr2,138115185,138115649,2.15
chr2,140228049,140228521,8.63
chr2,140543948,140544413,1.00
chr2,142115392,142115887,3.98
chr2,144497632,144498082,4.40
chr2,145831595,145832066,4.07
chr2,148345241,148345767,1.60
chr2,150024795,150025281,1.80
chr2,151875497,151876147,2.22
chr2,154938894,154939373,5.33
chr2,155411825,155412633,3.98
chr2,159874119,159874780,10.68
chr2,169465194,169466047,2.84
chr2,169466989,169467526,2.89
chr2,169561670,169562150,5.66
chr2,171558214,171558677,1.00
chr2,179015442,179016020,6.69
chr2,183791651,183792123,3.04
chr2,191452840,191453292,1.00
chr2,191699579,191700077,7.76
chr2,191758008,191758472,1.41
chr2,194049500,194050000,2.69
chr2,194463479,194463941,1.81
chr2,198848593,198849169,2.63
chr2,205380072,205380547,1.81
chr2,209435740,209436190,4.93
chr2,210512680,210513136,3.70
chr2,212191351,212191898,3.53
chr2,213407528,213408195,2.93
chr2,215608127,215608735,7.27
chr2,218178659,218179118,2.86
chr2,221368051,221368893,2.93
chr2,221566676,221567169,1.73
chr2,225016398,225016854,3.48
chr2,225181540,225182031,3.05
chr2,226453284,226453744,3.93
chr2,227203084,227203576,12.56
chr2,231005152,231005726,2.78
chr2,231971454,231971989,2.76
chr2,232086178,232086786,2.03
chr2,232836075,232836534,2.82
chr2,232889859,232890373,2.63
chr2,232899464,232900190,3.94
chr2,232994897,232995754,4.67
chr2,233176247,233176806,2.78
chr2,233463247,233463715,4.93
chr2,235010560,235011146,4.19
chr2,236356829,236357289,3.12
chr2,237030891,237031502,1.66
chr2,237211587,237212040,1.00
chr2,237516714,237517198,2.94
chr2,238053786,238054282,3.52
chr2,238118636,238119516,3.36
chr2,238767126,238767626,3.46
chr2,238783231,238783767,2.71
chr2,239150599,239151075,1.85
chr2,239176073,239176557,1.87
chr2,239592170,239592751,4.40
chr2,239732984,239733594,4.99
chr2,239815792,239816262,3.36
chr2,240309322,240309900,6.23
chr2,240527219,240527864,2.84
chr2,240625436,240625949,2.27
chr2,240693586,240694116,1.67
chr2,240812313,240812805,2.61
chr2,240906728,240907206,3.61
chr2,241115405,241115941,8.09
chr3,1158617,1159073,4.30
chr3,1707925,1708607,7.93
chr3,4456645,4457099,5.56
chr3,6388342,6388814,3.58
chr3,7778626,7779094,2.59
chr3,13868369,13868879,1.69
chr3,18788411,18788870,3.43
chr3,21143400,21143924,3.35
chr3,27883895,27884346,8.98
chr3,29007247,29007705,9.12
chr3,35468944,35469410,1.61
chr3,35563764,35564652,2.86
chr3,36300167,36301135,2.71
chr3,36879653,36880275,4.32
chr3,38053397,38053874,2.81
chr3,39468686,39469151,4.71
chr3,40084219,40084719,11.73
chr3,40211930,40212384,1.00
chr3,47316271,47316773,6.40
chr3,49527269,49527833,1.77
chr3,49605937,49606397,5.38
chr3,51015536,51016044,3.29
chr3,51308587,51309107,2.54
chr3,56514013,56514544,3.37
chr3,56515154,56515618,5.45
chr3,56967112,56967566,4.47
chr3,59986340,59986823,3.06
chr3,60860576,60861036,5.57
chr3,66208545,66209039,7.29
chr3,69367301,69367751,1.00
chr3,70211143,70211661,1.66
chr3,72044878,72045560,6.05
chr3,72074325,72074789,3.40
chr3,75678395,75678853,4.90
chr3,75752554,75753380,5.83
chr3,75778548,75779053,4.70
chr3,76013508,76013967,3.23
chr3,76014285,76014745,1.87
chr3,76149631,76150085,5.03
chr3,76203211,76203779,4.33
chr3,80235438,80235926,2.00
chr3,80644831,80645309,3.96
chr3,81737163,81737613,1.00
chr3,82916176,82916660,4.38
chr3,83731135,83731650,3.26
chr3,86833654,86834181,3.16
chr3,86859769,86860243,7.10
chr3,96004484,96005196,3.98
chr3,96239633,96240105,5.79
chr3,96621606,96622233,8.86
chr3,98688684,98689151,3.88
chr3,102808265,102808923,3.17
chr3,108575384,108576052,3.55
chr3,111007762,111008224,8.61
chr3,114246894,114247346,3.54
chr3,124110115,124110575,6.04
chr3,130499243,130499833,4.99
chr3,131978086,131978628,3.68
chr3,133884632,133885126,4.34
chr3,138050557,138051052,11.12
chr3,143978424,143978882,3.07
chr3,145273076,145273566,6.65
chr3,156910992,156911454,1.00
chr3,157199579,157200029,2.43
chr3,158228783,158229291,8.14
chr3,162318629,162319499,5.74
chr3,164437498,164438018,4.49
chr3,175012867,175013327,2.86
chr3,176297498,176297956,5.41
chr3,178757989,178758597,2.81
chr3,181133933,181134432,4.45
chr3,182727149,182727636,2.94
chr3,183171557,183172135,5.35
chr3,183956415,183956911,5.70
chr3,183957417,183958161,5.88
chr3,185454584,185455119,4.61
chr3,191671052,191671514,3.07
chr3,193888844,193889307,5.62
chr3,194324484,194324945,4.43
chr3,194990976,194991457,1.08
chr3,195110170,195110650,2.93
chr3,196002454,196003420,2.09
chr3,196165000,196165476,4.83
chr3,196172796,196173384,3.91
chr3,197032274,197032970,3.36
chr3,197384270,197384945,2.82
chr3,197390192,197390648,5.07
chr3,197581595,197582170,3.24
chr3,197641450,197641990,5.27
chr3,197643662,197644156,5.68
chr4,731340,731887,2.31
chr4,736558,737043,4.03
chr4,744482,744996,2.19
chr4,869368,869830,3.76
chr4,904016,904506,4.42
chr4,1338455,1338972,4.56
chr4,1514376,1514910,2.01
chr4,1524133,1524626,6.76
chr4,1615246,1615732,2.98
chr4,2398498,2398978,3.25
chr4,2627227,2627732,0.80
chr4,2945927,2946445,3.79
chr4,3310026,3310480,5.21
chr4,3655280,3655786,1.32
chr4,3814687,3815146,6.32
chr4,3825856,3826394,4.09
chr4,5100434,5100992,3.21
chr4,5856619,5857151,6.84
chr4,6160753,6161211,3.00
chr4,6879797,6880258,7.54
chr4,7019525,7020087,4.28
chr4,7165230,7165697,1.97
chr4,7203318,7203813,2.21
chr4,7387458,7387932,9.42
chr4,7789182,7789647,3.46
chr4,8131583,8132048,1.62
chr4,8741809,8742369,4.35
chr4,8769373,8769842,5.13
chr4,8842183,8842895,5.62
chr4,11278423,11278873,4.07
chr4,11444917,11445411,3.45
chr4,12109134,12109603,3.30
chr4,14491500,14491974,2.50
chr4,14836515,14837076,2.01
chr4,15212531,15213007,2.32
chr4,15867627,15868077,3.57
chr4,16110030,16110517,2.28
chr4,17458972,17460044,5.55
chr4,26214661,26215478,3.83
chr4,30062949,30063431,4.72
chr4,30277998,30278796,5.86
chr4,36941906,36942368,1.99
chr4,39812703,39813695,4.31
chr4,39813840,39814451,1.84
chr4,41490848,41491320,1.58
chr4,47975957,47976481,2.31
chr4,58193933,58194383,3.63
chr4,60121835,60122509,5.69
chr4,61847615,61848096,7.19
chr4,64834459,64834951,5.93
chr4,68242051,68242511,3.56
chr4,74561017,74561469,1.42
chr4,74562515,74562967,1.00
chr4,82222466,82223010,1.91
chr4,85874558,85875014,4.19
chr4,87615722,87616254,4.02
chr4,88379947,88380402,8.09
chr4,91496391,91496861,4.21
chr4,92384356,92384847,2.16
chr4,93912562,93913061,5.01
chr4,100178428,100178878,9.12
chr4,101470383,101470843,7.40
chr4,108746943,108747449,4.07
chr4,110083954,110084459,2.13
chr4,110266810,110267342,1.90
chr4,114520501,114521466,3.85
chr4,126100675,126101143,4.36
chr4,130010885,130011335,8.11
chr4,134956202,134956653,7.25
chr4,136373757,136374467,5.27
chr4,143883350,143883820,7.44
chr4,148492401,148492857,1.00
chr4,150194996,150195512,4.30
chr4,156161612,156162270,5.55
chr4,156324840,156325339,7.83
chr4,158256722,158257329,3.57
chr4,159524470,159524943,2.95
chr4,160350384,160350842,3.21
chr4,160356033,160356508,5.87
chr4,163894622,163895108,6.24
chr4,166664916,166665405,6.38
chr4,167222846,167223310,3.44
chr4,167406438,167406914,5.85
chr4,169787117,169787663,2.57
chr4,171419390,171419862,5.67
chr4,176739740,176740200,3.60
chr4,177541025,177541491,1.44
chr4,180390084,180391001,4.54
chr4,180944137,180944804,1.53
chr4,181079919,181080386,4.61
chr4,182100952,182101464,5.34
chr4,183164073,183164557,1.00
chr4,183359811,183360262,3.45
chr4,183553222,183553710,7.05
chr4,183885896,183886348,6.34
chr4,184652766,184653254,1.28
chr4,185560504,185560964,3.38
chr4,186204100,186204598,3.83
chr4,186486753,186487401,3.13
chr4,186659351,186659871,2.61
chr4,186821337,186821866,4.05
chr4,187692190,187692688,1.32
chr4,188503435,188503896,0.46
chr4,188507061,188507582,1.00
chr4,188823203,188823673,2.54
chr4,188870704,188871173,2.55
chr4,188874062,188874657,5.01
chr4,188961947,188962491,5.94
chr4,189050760,189051349,3.31
chr4,189052078,189052532,2.11
chr4,189184125,189184632,1.72
chr4,189280184,189280662,4.67
chr5,83051,83631,1.75
chr5,158121,158601,4.76
chr5,165249,166013,1.13
chr5,175676,176479,2.21
chr5,309415,309899,1.00
chr5,343037,343655,1.94
chr5,474327,474995,5.38
chr5,628574,629109,7.09
chr5,635704,636183,3.04
chr5,661047,661518,2.65
chr5,1238144,1238842,6.09
chr5,1272904,1273990,3.34
chr5,1276454,1276907,3.25
chr5,1291341,1291825,2.26
chr5,1307187,1307691,3.06
chr5,1471637,1472138,2.05
chr5,1562301,1562792,4.01
chr5,1613193,1613928,1.87
chr5,1622533,1623074,6.47
chr5,1845132,1845606,2.55
chr5,2246133,2246606,3.91
chr5,2332593,2333083,4.49
chr5,2490107,2490563,5.71
chr5,2490716,2491671,11.71
chr5,2564188,2564642,3.47
chr5,2904523,2905040,3.17
chr5,3001007,3001515,3.10
chr5,3323973,3324447,10.20
chr5,3653308,3653800,7.20
chr5,3761270,3761725,3.76
chr5,4003076,4003560,3.12
chr5,4459098,4459569,1.00
chr5,4842784,4843302,3.59
chr5,5816060,5816512,4.93
chr5,10681290,10681749,3.96
chr5,21833103,21833557,8.09
chr5,23633172,23633629,4.51
chr5,24856382,24856833,1.24
chr5,27790523,27790997,5.83
chr5,28618990,28619531,2.28
chr5,34854919,34855374,2.69
chr5,35672033,35672492,1.00
chr5,43031845,43032512,4.33
chr5,50180205,50180940,5.29
chr5,50183507,50184354,1.81
chr5,50187902,50188634,2.31
chr5,50221137,50222048,2.39
chr5,50251564,50252467,2.74
chr5,50644975,50645587,3.19
chr5,52912283,52912737,4.82
chr5,54419056,54419555,1.28
chr5,58596914,58597481,4.69
chr5,60667627,60668103,6.10
chr5,66522159,66522688,8.54
chr5,67326660,67327204,4.02
chr5,80691724,80692196,9.04
chr5,86274505,86274955,1.00
chr5,86419665,86420140,3.24
chr5,87257610,87258149,7.17
chr5,92346345,92346838,3.79
chr5,95927248,95927744,3.69
chr5,97935539,97935989,5.39
chr5,101086918,101087372,6.11
chr5,102050560,102051020,1.42
chr5,109353529,109354288,5.20
chr5,112954895,112955390,1.83
chr5,117643836,117644296,3.63
chr5,120047929,120048551,4.19
chr5,121705171,121705735,3.48
chr5,125060714,125061176,2.75
chr5,130143510,130143968,1.72
chr5,132175585,132176144,4.62
chr5,137537533,137538337,1.21
chr5,138772589,138773064,1.11
chr5,143444639,143445089,4.80
chr5,145372690,145373155,1.29
chr5,152697117,152697586,2.32
chr5,156423021,156423476,3.65
chr5,157044271,157044827,2.84
chr5,160653206,160653705,5.18
chr5,162781371,162782189,4.24
chr5,165118150,165118600,2.75
chr5,170149857,170150337,1.22
chr5,170375360,170375814,2.85
chr5,170517660,170518149,3.56
chr5,170915879,170916333,2.19
chr5,172076203,172076700,1.65
chr5,172368276,172368840,3.60
chr5,172570845,172571325,2.34
chr5,174521581,174522092,2.53
chr5,176592197,176592682,3.42
chr5,179212066,179212728,3.11
chr5,180615454,180615911,4.89
chr5,180618188,180618638,2.88
chr5,180916840,180917309,4.42
chr5,181045574,181046063,1.17
chr5,181160498,181161048,1.65
chr6,147554,148028,1.33
chr6,396734,397255,5.17
chr6,469016,469773,2.71
chr6,780235,780705,3.66
chr6,785966,786422,2.99
chr6,857446,857898,3.15
chr6,1053737,1054191,6.26
chr6,1141596,1142072,5.57
chr6,1146292,1146761,4.78
chr6,1204930,1205466,1.31
chr6,1478067,1478531,3.97
chr6,1745100,1745572,1.00
chr6,2907042,2907502,3.86
chr6,3776716,3777175,4.42
chr6,5035350,5035828,0.82
chr6,6821664,6822120,4.37
chr6,10319341,10319801,2.81
chr6,18888353,18888831,4.74
chr6,22619824,22620298,9.33
chr6,23291049,23291563,3.55
chr6,23623269,23623733,1.78
chr6,23948313,23948954,1.15
chr6,27589773,27590236,3.21
chr6,28054567,28055024,2.00
chr6,31429527,31429979,1.89
chr6,39280767,39281245,7.55
chr6,40209082,40209562,4.16
chr6,40737856,40738406,3.63
chr6,43294106,43294564,5.62
chr6,43737967,43738471,3.17
chr6,44711029,44711489,5.48
chr6,46514459,46514910,4.35
chr6,51271685,51272145,1.67
chr6,55477035,55477624,3.86
chr6,55627820,55628285,6.64
chr6,61307629,61308345,1.80
chr6,61955330,61955796,1.29
chr6,67177362,67177820,2.84
chr6,69920928,69921387,2.34
chr6,76546905,76547404,4.76
chr6,77590431,77590918,4.61
chr6,80368902,80369437,4.22
chr6,80620977,80621625,3.30
chr6,81740756,81741211,2.60
chr6,82816741,82817219,1.00
chr6,90963932,90964407,8.13
chr6,94957201,94958062,5.11
chr6,95502229,95503124,3.47
chr6,102419147,102419813,3.47
chr6,108533765,108534237,3.09
chr6,109046874,109047352,1.20
chr6,111422375,111422831,3.41
chr6,115311162,115311632,2.29
chr6,123265995,123266451,3.16
chr6,125962037,125962518,2.09
chr6,129286488,129287083,6.83
chr6,134687476,134687926,3.62
chr6,135934731,135935215,1.26
chr6,140681244,140681716,2.74
chr6,141372448,141372898,2.50
chr6,149762538,149763509,3.11
chr6,149964891,149965417,1.85
chr6,154099817,154100333,4.15
chr6,154525386,154525850,2.86
chr6,155707832,155708292,2.29
chr6,157146998,157147776,0.87
chr6,157827243,157827715,3.16
chr6,158169399,158169972,6.71
chr6,161654973,161655455,3.82
chr6,161873935,161874480,3.26
chr6,162011122,162011706,4.51
chr6,162327321,162327775,2.46
chr6,163593698,163594400,0.92
chr6,164931339,164931889,3.82
chr6,165749019,165749473,2.61
chr6,166396036,166396520,1.89
chr6,166415771,166416235,8.33
chr6,166783967,166784909,2.18
chr6,167169610,167170097,3.84
chr6,167386901,167387358,8.23
chr6,167388136,167388596,4.13
chr6,167392670,167393413,2.48
chr6,167516077,167516708,2.45
chr6,167552639,167553135,4.76
chr6,167561847,167562319,4.53
chr6,167562522,167562990,3.59
chr6,167590133,167590655,2.45
chr6,167651462,167652031,12.49
chr6,167671302,167671772,3.03
chr6,167976000,167976481,2.25
chr6,167977522,167978018,7.18
chr6,168075652,168076118,2.47
chr6,168233576,168234087,3.51
chr6,168237685,168238140,2.44
chr6,168560406,168561461,6.80
chr6,168562166,168562618,14.90
chr6,168572853,168573313,5.06
chr6,168589814,168590603,1.81
chr6,168594941,168595395,6.68
chr6,168991127,168991586,7.46
chr6,169242674,169243296,1.25
chr6,169314297,169314791,4.56
chr6,169396187,169396671,1.63
chr6,169923649,169924199,2.52
chr6,169972975,169973564,2.10
chr6,170079387,170079861,3.67
chr6,170133250,170133708,2.35
chr6,170139038,170139708,5.81
chr6,170140819,170141310,6.45
chr6,170150006,170150469,3.93
chr6,170264671,170265263,1.66
chr7,248299,248808,2.04
chr7,297001,297523,2.41
chr7,303553,304043,2.26
chr7,361214,362118,6.99
chr7,370887,371359,1.95
chr7,451129,451650,4.94
chr7,459006,459470,4.91
chr7,467695,468310,4.55
chr7,469982,470668,1.55
chr7,551351,551998,2.31
chr7,608442,608907,1.90
chr7,752090,752630,4.77
chr7,889724,890597,2.78
chr7,1127435,1127927,1.03
chr7,1551037,1551519,3.39
chr7,1887670,1888531,7.97
chr7,2115102,2115778,2.60
chr7,2493749,2494200,2.57
chr7,2514434,2514930,5.97
chr7,2627156,2627765,3.77
chr7,4260586,4261048,3.89
chr7,8152624,8153111,4.88
chr7,11180158,11180646,3.54
chr7,13070372,13070848,4.07
chr7,15530060,15530510,4.12
chr7,15530800,15531350,2.53
chr7,21377274,21377764,3.18
chr7,21724591,21725094,3.12
chr7,24774039,24774493,2.49
chr7,25213081,25213539,4.60
chr7,32420127,32420583,4.68
chr7,37292558,37293216,1.65
chr7,38124279,38124751,3.81
chr7,38570812,38571263,1.27
chr7,44036294,44036754,4.25
chr7,45610467,45610960,2.91
chr7,49981847,49982297,2.95
chr7,53502852,53503350,2.27
chr7,54347890,54348507,5.04
chr7,54396159,54396622,4.90
chr7,55167185,55167685,7.09
chr7,56639232,56639797,2.18
chr7,57216780,57217370,2.43
chr7,57316999,57317507,3.79
chr7,57444540,57445042,4.17
chr7,57445359,57445953,4.76
chr7,57485964,57486618,5.18
chr7,57489073,57489554,4.16
chr7,57492474,57493290,4.52
chr7,57493620,57494253,6.94
chr7,57868816,57869368,1.66
chr7,57907886,57908456,0.56
chr7,57914010,57914579,1.00
chr7,62337316,62337768,2.17
chr7,62341812,62342284,2.10
chr7,62342508,62343285,2.20
chr7,62555650,62556176,1.61
chr7,62567255,62567997,2.84
chr7,62769334,62769904,1.72
chr7,65647261,65647721,3.72
chr7,67369475,67370010,2.60
chr7,67888532,67889216,2.44
chr7,68319819,68320275,1.62
chr7,69356649,69357125,2.60
chr7,73040048,73040514,1.87
chr7,80863541,80864046,3.64
chr7,83096739,83097189,6.95
chr7,84086268,84086752,5.81
chr7,85460127,85460675,3.33
chr7,87502322,87502773,2.25
chr7,87626059,87626948,4.43
chr7,88625470,88625926,2.81
chr7,97579041,97579606,3.62
chr7,98242451,98243084,4.46
chr7,98548166,98548658,2.11
chr7,103159936,103160396,1.12
chr7,106631009,106631492,5.45
chr7,106771767,106772225,7.34
chr7,112796282,112796794,2.54
chr7,114888685,114889135,3.37
chr7,127323983,127324486,1.64
chr7,137152881,137153333,3.72
chr7,142542460,142543089,1.58
chr7,143859678,143860206,4.17
chr7,144780896,144781370,4.80
chr7,147775110,147775566,4.57
chr7,150033496,150033972,5.19
chr7,150035059,150035621,2.04
chr7,151397431,151397901,7.42
chr7,151603373,151603833,2.49
chr7,153189190,153189650,6.60
chr7,153505857,153506638,6.89
chr7,154264858,154265318,3.98
chr7,154749077,154749529,8.83
chr7,155118477,155118928,2.45
chr7,155123913,155124511,3.54
chr7,155159490,155159948,4.59
chr7,155317904,155318384,2.22
chr7,155335344,155335824,6.58
chr7,155338051,155338550,3.02
chr7,155346556,155347242,1.18
chr7,155445410,155445886,5.12
chr7,155859623,155860185,2.81
chr7,155993085,155993575,3.66
chr7,156264956,156265446,4.96
chr7,156266031,156266656,5.92
chr7,156331691,156332163,5.05
chr7,156982702,156983254,4.25
chr7,157298887,157299808,4.34
chr7,157461078,157461656,3.03
chr7,157480121,157480654,4.66
chr7,157543890,157544340,3.58
chr7,157836863,157837442,3.91
chr7,157878582,157879183,5.73
chr7,157901501,157901973,4.01
chr7,157926706,157927166,4.29
chr7,157953964,157954546,4.19
chr7,158029455,158029922,2.60
chr7,158048519,158049015,3.47
chr7,158089722,158090317,5.15
chr7,158109001,158109472,6.38
chr7,158158482,158159358,9.98
chr7,158164153,158164615,1.54
chr7,158166058,158166511,4.64
chr7,158187977,158188458,0.96
chr7,158249177,158249655,1.80
chr7,158331106,158331603,13.44
chr7,158341849,158342390,5.96
chr7,158360999,158361482,1.17
chr7,158521366,158522283,3.11
chr7,158523546,158524040,1.55
chr7,158556982,158557557,4.04
chr7,158648317,158649017,5.99
chr7,158667104,158667635,2.65
chr7,158667927,158668439,2.86
chr7,158878729,158879181,3.96
chr7,158992471,158992960,3.21
chr7,159023489,159024019,2.78
chr7,159100918,159101427,3.18
chr7,159169971,159170425,7.44
chr7,159171665,159172503,6.05
chr8,282285,283322,3.06
chr8,592980,593450,2.06
chr8,679779,680262,8.26
chr8,713739,714397,3.33
chr8,801775,802400,1.65
chr8,2855601,2856054,2.74
chr8,3237562,3238026,4.45
chr8,3323875,3324414,10.84
chr8,3558472,3558955,6.37
chr8,3670788,3671286,5.95
chr8,3983781,3984307,4.74
chr8,5383971,5384445,4.20
chr8,6112706,6113156,3.56
chr8,6648847,6649607,3.02
chr8,6790459,6790929,5.32
chr8,10609804,10610261,2.64
chr8,11026114,11026589,6.50
chr8,11455621,11456422,4.54
chr8,11782626,11783088,3.15
chr8,12205077,12205527,6.64
chr8,13218672,13219182,3.52
chr8,16102722,16103190,7.94
chr8,16460549,16461001,3.00
chr8,16707791,16708271,3.88
chr8,19461594,19462049,4.74
chr8,20504905,20505364,2.62
chr8,21310782,21311486,2.82
chr8,21312569,21313055,3.73
chr8,25605384,25605861,4.92
chr8,26221602,26222184,3.73
chr8,26244507,26244961,3.83
chr8,33318477,33319017,2.43
chr8,39502590,39503054,5.19
chr8,42919230,42919697,2.24
chr8,45977808,45978375,2.89
chr8,45993053,45993624,2.87
chr8,49417338,49417793,1.00
chr8,49767921,49768415,3.79
chr8,51696543,51697041,2.09
chr8,55721960,55722432,2.48
chr8,56845541,56846007,1.00
chr8,57021981,57022608,2.25
chr8,57522397,57523253,6.35
chr8,62211785,62212579,4.34
chr8,64232531,64232985,5.94
chr8,66375941,66376454,4.56
chr8,69247948,69248440,6.01
chr8,73148877,73149613,4.61
chr8,78687502,78687972,2.28
chr8,78886038,78886526,2.09
chr8,81684855,81685331,4.99
chr8,83614245,83614723,3.66
chr8,95630501,95630951,3.61
chr8,97840641,97841353,2.73
chr8,99496879,99497329,1.93
chr8,101623360,101623856,2.17
chr8,101652119,101652800,2.58
chr8,115768136,115768623,2.76
chr8,116811838,116812301,4.82
chr8,120919774,120920238,4.58
chr8,123747081,123747535,1.08
chr8,124009614,124010107,1.66
chr8,131230357,131231049,1.57
chr8,132746178,132746688,1.00
chr8,133402824,133403345,3.84
chr8,134243406,134243869,2.76
chr8,138206510,138206994,3.10
chr8,138691631,138692165,13.34
chr8,138712487,138713017,4.39
chr8,138805646,138806161,2.97
chr8,139677533,139678152,4.48
chr8,139687244,139687732,5.16
chr8,140156875,140157568,10.81
chr8,140338606,140339059,4.06
chr8,140595564,140596021,4.59
chr8,141554610,141555147,8.74
chr8,141592151,141592705,3.02
chr8,141713689,141714205,1.64
chr8,141737932,141738391,3.61
chr8,141871613,141872187,6.48
chr8,141983400,141983879,4.57
chr8,142049801,142050351,3.57
chr8,142150430,142151157,2.72
chr8,142163948,142164577,3.79
chr8,142185559,142186010,4.81
chr8,142217644,142218236,6.09
chr8,142222864,142223498,4.45
chr8,142282394,142282852,4.30
chr8,142300897,142301364,2.99
chr8,142325771,142326265,2.41
chr8,142519888,142520599,3.55
chr8,142609932,142610384,6.44
chr8,142684924,142685400,4.66
chr8,143256120,143256588,5.02
chr8,143390228,143390759,4.17
chr8,143912232,143912720,3.47
chr8,144022513,144023510,2.16
chr8,144038114,144038832,2.82
chr8,144513551,144514034,1.24
chr8,144556467,144557567,4.48
chr9,399819,400321,2.11
chr9,9844850,9845351,2.11
chr9,9947253,9947730,4.09
chr9,14860982,14861440,3.08
chr9,20135138,20135590,1.00
chr9,25693246,25693703,3.86
chr9,26104220,26104682,1.39
chr9,29867657,29868518,1.85
chr9,32900416,32901306,4.69
chr9,36764168,36764623,2.40
chr9,37683572,37684062,4.59
chr9,40816047,40816618,4.76
chr9,41104581,41105060,6.26
chr9,41108331,41108969,4.29
chr9,41285480,41286014,2.83
chr9,43327568,43328074,1.84
chr9,65071253,65071824,1.73
chr9,65222225,65222682,4.78
chr9,69367552,69368014,6.12
chr9,71031821,71032275,2.90
chr9,73124072,73124590,6.13
chr9,75518832,75519502,4.59
chr9,79933912,79934429,3.14
chr9,83378250,83378702,4.17
chr9,86053489,86053955,8.63
chr9,88677359,88677849,2.38
chr9,89059078,89059926,3.00
chr9,89253996,89254628,4.12
chr9,90884248,90884740,7.33
chr9,93587055,93587618,2.20
chr9,93671150,93671692,5.45
chr9,97255896,97256403,5.72
chr9,100100549,100101004,6.17
chr9,102363649,102364112,3.10
chr9,103012980,103013548,4.72
chr9,103619545,103620043,6.67
chr9,103851895,103852355,4.83
chr9,108247595,108248067,5.72
chr9,110390036,110390536,4.26
chr9,112866578,112867052,4.11
chr9,128118668,128119278,2.77
chr9,128139467,128139948,0.64
chr9,130344880,130345339,2.44
chr9,131515628,131516191,2.13
chr9,132173628,132174139,4.88
chr9,133191008,133191548,3.55
chr9,133254757,133255344,8.16
chr9,133383238,133383786,1.91
chr9,133705069,133705571,1.32
chr9,133791744,133792218,3.39
chr9,133952636,133953240,2.11
chr9,134524370,134525030,3.80
chr9,134574257,134575138,2.77
chr9,134759224,134759698,3.28
chr9,134829139,134829626,4.02
chr9,134848843,134849315,2.79
chr9,134851883,134852541,7.97
chr9,135091296,135091850,2.55
chr9,135304167,135304718,3.36
chr9,136237343,136237916,2.94
chr9,136351897,136352527,3.26
chr9,136632397,136632854,15.96
chr9,136755626,136756194,3.08
chr9,136953098,136953584,2.79
chr9,137101728,137102284,1.83
chr9,137150755,137151253,3.22
chr9,137378704,137379231,2.87
chr9,137488657,137489157,2.67
chr9,137669121,137669594,2.73
chr9,137780278,137780764,5.93
chr9,137948829,137949311,2.00
chr10,336966,337438,2.37
chr10,523308,523835,2.15
chr10,632663,633117,5.48
chr10,655825,656371,2.19
chr10,656906,657534,1.25
chr10,1009837,1010393,4.70
chr10,1015397,1015910,4.34
chr10,1219847,1220345,4.45
chr10,1375587,1376182,1.54
chr10,1409459,1410279,3.28
chr10,1438611,1439147,2.35
chr10,1460631,1461099,4.14
chr10,1540310,1540793,2.69
chr10,1558448,1558907,4.21
chr10,1577003,1577482,8.32
chr10,1674822,1675486,2.81
chr10,1699045,1699525,2.14
chr10,1700806,1701290,1.72
chr10,2501365,2501828,5.15
chr10,2522825,2523353,2.19
chr10,2906740,2907192,1.84
chr10,3115089,3115583,1.99
chr10,3314493,3314950,7.01
chr10,3457226,3457718,5.48
chr10,3679154,3679613,1.00
chr10,4495665,4496142,5.99
chr10,4607175,4607625,2.64
chr10,6819089,6819573,2.65
chr10,7377966,7378464,4.57
chr10,7953676,7954280,2.58
chr10,10266172,10266797,1.13
chr10,11369208,11369910,4.46
chr10,11885161,11885639,3.65
chr10,14568194,14568650,8.19
chr10,15149182,15149642,3.29
chr10,18565997,18566489,2.39
chr10,19314866,19315356,3.59
chr10,20126258,20126824,4.22
chr10,21325859,21326398,2.50
chr10,28901631,28902091,3.12
chr10,30715768,30716218,5.22
chr10,35667165,35667644,2.87
chr10,39210966,39211515,2.95
chr10,39213862,39214763,2.00
chr10,39474852,39475423,3.60
chr10,46162494,46163010,6.26
chr10,46218754,46219230,2.52
chr10,48676045,48676727,5.68
chr10,50956840,50957300,1.00
chr10,51857853,51858327,2.48
chr10,52834681,52835446,6.60
chr10,56543167,56543664,4.03
chr10,60239884,60240335,3.20
chr10,60469355,60469859,5.89
chr10,62370566,62371258,4.68
chr10,68059274,68059933,2.94
chr10,71420222,71420676,5.78
chr10,71688774,71689325,1.40
chr10,78443021,78443492,2.59
chr10,80025725,80026184,3.22
chr10,86991212,86991668,2.15
chr10,98407541,98407996,2.36
chr10,103250822,103251405,1.52
chr10,104696028,104696590,1.74
chr10,113942483,113942938,4.10
chr10,118282691,118283163,3.89
chr10,118843006,118843464,5.45
chr10,119426741,119427401,3.47
chr10,119953436,119953895,1.93
chr10,121177734,121178208,3.28
chr10,122643845,122644373,2.27
chr10,123255235,123255699,1.63
chr10,123999541,124000079,4.11
chr10,124226942,124227412,11.91
chr10,124380292,124380819,3.84
chr10,124610369,124611231,1.14
chr10,125227787,125228253,4.49
chr10,126564721,126565198,2.26
chr10,128944074,128944531,1.56
chr10,129249346,129249919,1.02
chr10,130301021,130301526,1.54
chr10,130572150,130572616,6.10
chr10,130790506,130790987,6.69
chr10,131176697,131177163,4.52
chr10,131289659,131290122,1.49
chr10,131346803,131347305,4.47
chr10,131462296,131462752,3.02
chr10,131486560,131487018,2.22
chr10,131512132,131512649,2.69
chr10,131631688,131632246,4.62
chr10,131819665,131820123,4.93
chr10,131916566,131917032,4.29
chr10,132386983,132387462,2.98
chr10,132514373,132514824,2.11
chr10,132521756,132522591,2.30
chr10,132724561,132725174,2.34
chr10,132767612,132768392,4.77
chr10,132798008,132798556,3.14
chr10,132864086,132864635,1.52
chr10,132877562,132878043,3.77
chr10,132895691,132896249,4.90
chr10,133011067,133011535,15.89
chr10,133051463,133051916,5.34
chr10,133163756,133164210,2.83
chr10,133202975,133203483,2.05
chr10,133208213,133208735,2.01
chr10,133280736,133281330,2.62
chr10,133525052,133525536,3.77
chr11,220807,221271,4.29
chr11,326117,326584,3.25
chr11,412447,412930,1.19
chr11,431280,431800,1.66
chr11,1204529,1205065,2.01
chr11,1341385,1342072,3.87
chr11,2193881,2194367,5.20
chr11,2205134,2205779,2.14
chr11,2385403,2385865,3.45
chr11,3233609,3234078,1.04
chr11,4137477,4138276,2.07
chr11,5194053,5194531,2.44
chr11,5657354,5657830,1.00
chr11,11559649,11560335,2.47
chr11,18143451,18143938,1.00
chr11,24566694,24567147,1.23
chr11,27517463,27517982,2.46
chr11,34026848,34027452,4.09
chr11,36350806,36351737,8.04
chr11,37348325,37348895,3.59
chr11,37596354,37596965,9.54
chr11,42681804,42682386,6.77
chr11,48692298,48693042,2.61
chr11,50176467,50176925,3.21
chr11,50702472,50703040,1.95
chr11,50729410,50729945,3.99
chr11,50735100,50735671,3.34
chr11,50736932,50737683,2.60
chr11,50806300,50806871,2.69
chr11,62362311,62362770,4.37
chr11,68084129,68084631,3.71
chr11,68372047,68372612,3.84
chr11,68667127,68667581,1.57
chr11,68891880,68892396,3.34
chr11,69498246,69499028,2.98
chr11,70945994,70946539,2.75
chr11,71095645,71096205,2.16
chr11,71380380,71380904,9.67
chr11,71677730,71678182,3.26
chr11,72201338,72201796,6.28
chr11,73251210,73251800,2.71
chr11,73544769,73545221,3.98
chr11,76164221,76164683,1.43
chr11,79139465,79139921,5.34
chr11,81522770,81523234,8.03
chr11,82416358,82416818,3.07
chr11,84099810,84100382,3.79
chr11,86307115,86307578,3.43
chr11,89156625,89157110,5.07
chr11,90003509,90003978,2.92
chr11,90270944,90271488,2.57
chr11,92705327,92705844,2.27
chr11,97914578,97915054,2.52
chr11,102730878,102731533,7.88
chr11,104791211,104791738,4.38
chr11,106709789,106710391,6.61
chr11,109502091,109502555,4.54
chr11,110930623,110931093,1.46
chr11,111358110,111358592,4.67
chr11,117251008,117251544,2.36
chr11,117486055,117486590,3.54
chr11,118330847,118331304,1.79
chr11,120328575,120329042,7.66
chr11,124296637,124297193,8.65
chr11,126799132,126799620,6.49
chr11,127591883,127592384,3.15
chr11,128868365,128868835,2.53
chr11,128930675,128931129,0.99
chr11,129563210,129563678,1.38
chr11,133027454,133027985,6.21
chr11,133140802,133141307,2.98
chr11,134138167,134138640,4.60
chr11,134439996,134440532,2.07
chr11,134507676,134508148,2.57
chr11,134565404,134565908,3.08
chr11,134704522,134705022,1.99
chr11,134759992,134760540,7.68
chr12,2105427,2105880,6.58
chr12,2771231,2771732,4.36
chr12,3768160,3768694,1.60
chr12,4243772,4244247,3.01
chr12,5928205,5928668,5.10
chr12,5983467,5984097,6.00
chr12,6291094,6291713,6.51
chr12,7420815,7421297,2.71
chr12,9402586,9403153,3.02
chr12,11874269,11874795,4.37
chr12,12590146,12590617,5.07
chr12,14179418,14179976,4.17
chr12,14586017,14586669,3.12
chr12,26802359,26802809,3.02
chr12,28650007,28650512,4.19
chr12,29643258,29643730,5.22
chr12,34235928,34236396,6.27
chr12,34632865,34633434,2.00
chr12,37825572,37826142,1.74
chr12,38118565,38119056,1.97
chr12,39713027,39713505,5.68
chr12,41401990,41402448,4.17
chr12,46089009,46089464,5.14
chr12,46318617,46319108,3.23
chr12,47632930,47633558,6.86
chr12,50872532,50873000,4.49
chr12,51498585,51499284,1.82
chr12,59436705,59437233,2.24
chr12,60638642,60639218,5.91
chr12,62215389,62215907,1.81
chr12,64366018,64366472,5.69
chr12,66160621,66161142,2.84
chr12,73709977,73710452,4.80
chr12,76121926,76122379,5.65
chr12,82640004,82640537,4.17
chr12,84220998,84221526,2.47
chr12,84615678,84616141,12.42
chr12,85879049,85879568,6.36
chr12,90092727,90093219,5.39
chr12,90223451,90223926,12.22
chr12,95148716,95149319,5.24
chr12,96664532,96665014,2.89
chr12,105035919,105036630,3.19
chr12,109210048,109210542,8.33
chr12,109442916,109443450,3.27
chr12,109634292,109634758,1.29
chr12,109661444,109662149,7.23
chr12,112296737,112297482,3.84
chr12,113450337,113450787,2.64
chr12,116841610,116842082,2.15
chr12,119075723,119076212,4.03
chr12,120928345,120928802,4.27
chr12,124333704,124334154,3.31
chr12,124373537,124374027,4.30
chr12,124439054,124439572,8.52
chr12,124671617,124672223,4.36
chr12,125527154,125527641,2.24
chr12,127480477,127480981,2.65
chr12,127545626,127546090,3.45
chr12,128085151,128085617,4.90
chr12,128113141,128113607,2.98
chr12,128188513,128189587,5.41
chr12,128292389,128292848,4.17
chr12,128385134,128385589,1.60
chr12,128473022,128473517,3.24
chr12,128708338,128708855,15.31
chr12,129387971,129388454,6.84
chr12,129388733,129389298,4.25
chr12,129867888,129868394,2.42
chr12,130583915,130584855,5.51
chr12,130782201,130782685,4.36
chr12,131036325,131036877,3.38
chr12,131046055,131046509,5.00
chr12,131259053,131259577,3.00
chr12,131382763,131383215,1.32
chr12,131685872,131686380,8.25
chr12,131801293,131801843,2.26
chr12,131857427,131857894,2.87
chr12,132166260,132166711,1.68
chr12,132295653,132296120,3.24
chr12,132411139,132411722,3.25
chr12,132463885,132464402,5.03
chr12,132894931,132895412,3.65
chr13,19364730,19365443,2.17
chr13,20497173,20497694,6.15
chr13,20550340,20550790,1.20
chr13,21289787,21290266,4.11
chr13,21890319,21890792,3.93
chr13,22933475,22934008,5.05
chr13,23059545,23060011,3.79
chr13,24190042,24190566,3.40
chr13,24355732,24356317,4.74
chr13,27370614,27371113,3.47
chr13,27934552,27935158,3.53
chr13,27998556,27999364,5.65
chr13,30842411,30842887,1.60
chr13,35762088,35762580,4.86
chr13,35958027,35958484,14.49
chr13,40955278,40955989,1.51
chr13,49269040,49269506,1.24
chr13,60977098,60978112,9.05
chr13,63445160,63445612,4.89
chr13,63917605,63918141,1.85
chr13,64379109,64379587,5.49
chr13,67607970,67608432,5.22
chr13,69247151,69247605,2.07
chr13,71735064,71735603,6.29
chr13,74810036,74810502,4.16
chr13,77703775,77704253,14.54
chr13,82604249,82605119,5.72
chr13,82628757,82629351,4.11
chr13,85699843,85700309,3.97
chr13,85730026,85730510,6.00
chr13,91571948,91572438,3.85
chr13,94288594,94289057,5.66
chr13,99427042,99427504,4.86
chr13,99462949,99463413,3.92
chr13,103556096,103556558,5.91
chr13,104238191,104238801,7.46
chr13,104524538,104525136,1.22
chr13,109293133,109293681,1.77
chr13,109311231,109311710,2.22
chr13,109343428,109343954,11.68
chr13,109383444,109383894,5.32
chr13,109694412,109694931,3.04
chr13,110154568,110155036,1.86
chr13,110252805,110253337,4.14
chr13,110313345,110313813,1.69
chr13,110481020,110481990,11.41
chr13,110496448,110497020,5.09
chr13,111326060,111326548,4.31
chr13,111567917,111568415,6.56
chr13,112078559,112079194,1.89
chr13,112147446,112147942,4.26
chr13,112163338,112163966,2.45
chr13,112741093,112741570,2.77
chr13,112864704,112865158,2.84
chr13,113079682,113080178,7.53
chr13,113089033,113089573,4.26
chr13,113136422,113137149,1.62
chr13,113231947,113232475,3.98
chr13,113330549,113331127,4.33
chr13,113345801,113346259,2.78
chr13,113346979,113347461,2.43
chr13,113371207,113372004,2.55
chr13,113424498,113425007,2.08
chr13,113434353,113434837,4.04
chr13,113541366,113541823,4.53
chr13,113789920,113790544,4.06
chr13,113955389,113956047,3.27
chr13,114007726,114008185,2.32
chr13,114008715,114009172,2.93
chr13,114028157,114028649,1.80
chr13,114029193,114029818,2.62
chr13,114052735,114053273,5.63
chr13,114073053,114073717,5.07
chr13,114199636,114200190,4.91
chr14,18501698,18502242,3.47
chr14,18966508,18966968,1.94
chr14,19170247,19170699,7.17
chr14,20236247,20236738,4.07
chr14,22367664,22368115,2.73
chr14,24364458,24364908,2.76
chr14,24696767,24697335,4.47
chr14,31249801,31250257,3.90
chr14,41983828,41984292,2.71
chr14,42051011,42051567,4.71
chr14,42649811,42650263,3.59
chr14,43508672,43509198,2.24
chr14,44916038,44916745,5.57
chr14,46010884,46011346,3.58
chr14,50390316,50390772,5.22
chr14,55331498,55332108,2.73
chr14,70424196,70424648,7.19
chr14,79631590,79632069,4.10
chr14,82675608,82676062,7.35
chr14,82810563,82811055,3.46
chr14,85847901,85848757,5.83
chr14,86443203,86443912,6.58
chr14,89788147,89788681,3.96
chr14,91156903,91157467,2.11
chr14,94940029,94940480,5.49
chr14,95423304,95423806,2.38
chr14,96708639,96709098,4.09
chr14,97787922,97788382,6.10
chr14,99332535,99333035,1.48
chr14,100705730,100706180,2.20
chr14,101196339,101196795,2.68
chr14,101724765,101725217,4.53
chr14,103155216,103155760,1.45
chr14,104097698,104098327,4.42
chr14,104215019,104215530,3.77
chr14,104325007,104325495,3.36
chr14,104948354,104949249,4.26
chr14,105458846,105459305,1.16
chr14,105502022,105502484,4.14
chr15,17072786,17073773,2.63
chr15,23440117,23440850,5.50
chr15,23676061,23676527,5.06
chr15,27306775,27307263,6.02
chr15,27308169,27308770,6.79
chr15,27848730,27849316,3.68
chr15,28914888,28915360,4.19
chr15,37863963,37864429,1.68
chr15,40355913,40356379,1.95
chr15,54552201,54552651,2.31
chr15,57689494,57690022,3.09
chr15,59539469,59540025,3.55
chr15,64577070,64577628,3.54
chr15,66998260,66998770,2.10
chr15,67040985,67041443,2.02
chr15,67246428,67246894,3.88
chr15,68396737,68397497,4.90
chr15,70384573,70385043,3.65
chr15,74976887,74977347,7.34
chr15,76230092,76230714,0.90
chr15,80004637,80005152,3.36
chr15,85896610,85897102,5.02
chr15,90256366,90256830,4.03
chr15,91750415,91751148,3.21
chr15,91956775,91957241,3.28
chr15,96822626,96823122,2.70
chr15,98437538,98438070,3.30
chr15,98522376,98522845,2.27
chr15,99799576,99800067,4.28
chr15,100225772,100226241,2.12
chr15,100511371,100511832,1.00
chr15,100581983,100582781,1.00
chr15,101153756,101154208,3.72
chr15,101908013,101908503,4.89
chr16,123729,124217,3.58
chr16,267539,268055,4.95
chr16,334189,334713,4.28
chr16,378142,378716,1.87
chr16,570843,571429,1.44
chr16,599412,599895,5.40
chr16,1036348,1036808,2.76
chr16,1191050,1191503,5.00
chr16,1247985,1248477,4.08
chr16,1728564,1729022,2.33
chr16,1738442,1738913,2.88
chr16,2164063,2164586,3.43
chr16,2442228,2442751,2.85
chr16,3053981,3054589,2.43
chr16,3157560,3158015,2.90
chr16,5825541,5825993,2.61
chr16,6773397,6773875,3.26
chr16,7566980,7567442,4.50
chr16,7932286,7932786,7.42
chr16,8562725,8563185,5.23
chr16,10039804,10040323,2.79
chr16,10652380,10653088,0.96
chr16,10858946,10859778,1.40
chr16,18942445,18942905,3.53
chr16,23253271,23253772,1.00
chr16,26811447,26812263,3.49
chr16,29141733,29142191,2.33
chr16,29153446,29153981,3.54
chr16,30751703,30752409,2.09
chr16,31232230,31232726,1.49
chr16,33774231,33774751,2.61
chr16,34067019,34067626,6.97
chr16,34085048,34085589,40.15
chr16,34096247,34096835,5.72
chr16,34099281,34099843,3.70
chr16,34106357,34107093,4.04
chr16,34107980,34108542,2.11
chr16,34112072,34112778,3.11
chr16,34662894,34663525,2.56
chr16,34808326,34808831,5.58
chr16,46907770,46908232,2.18
chr16,48966594,48967046,2.94
chr16,58747368,58747826,2.67
chr16,60406424,60406942,4.41
chr16,60884133,60884614,5.64
chr16,62984299,62984763,3.42
chr16,65129086,65129560,3.64
chr16,65321711,65322351,2.77
chr16,65465206,65465876,5.60
chr16,65805623,65806087,2.58
chr16,77333955,77334405,6.03
chr16,78321106,78321572,3.62
chr16,80197056,80197554,7.49
chr16,80568484,80568952,1.04
chr16,81550690,81551329,2.32
chr16,81669459,81669913,2.63
chr16,82209762,82210316,3.64
chr16,83918268,83918770,5.30
chr16,83950077,83950537,14.03
chr16,84124708,84125184,3.32
chr16,85230880,85231368,4.45
chr16,85388064,85388652,1.50
chr16,86107715,86108472,6.36
chr16,86144871,86145466,4.21
chr16,86464110,86464597,4.94
chr16,86845335,86845819,7.89
chr16,87144909,87145471,9.19
chr16,87221955,87222486,1.64
chr16,87563850,87564349,1.24
chr16,88460717,88461215,2.23
chr16,88546676,88547268,2.69
chr16,88929748,88930256,6.26
chr16,88980051,88980551,5.92
chr16,89142422,89142952,3.18
chr16,89833979,89834445,3.91
chr16,89852635,89853195,1.91
chr16,89902199,89902911,1.00
chr16,90121928,90122481,4.20
chr17,541530,542076,3.31
chr17,548194,548692,4.79
chr17,645635,646120,3.53
chr17,646273,646758,14.53
chr17,768554,769011,4.46
chr17,809823,810387,1.76
chr17,891577,892050,4.82
chr17,2035230,2035702,1.81
chr17,3031639,3032118,6.59
chr17,3383739,3384194,1.00
chr17,3867871,3868510,3.47
chr17,9429573,9430029,5.58
chr17,10126175,10126811,3.93
chr17,10846268,10847025,6.71
chr17,11711676,11712128,4.61
chr17,12351056,12351526,10.63
chr17,12442259,12442711,4.71
chr17,39849990,39850465,3.64
chr17,49150057,49150508,1.96
chr17,51717508,51717958,1.94
chr17,56220620,56221080,2.22
chr17,56743451,56744005,3.26
chr17,60042180,60042913,3.79
chr17,60692470,60693006,1.26
chr17,64360622,64361329,2.16
chr17,68958635,68959151,3.53
chr17,69721997,69722581,3.57
chr17,72304481,72305021,6.91
chr17,74514021,74514576,4.04
chr17,74563252,74563732,4.24
chr17,74568895,74569424,2.59
chr17,75967484,75967938,3.15
chr17,77484710,77485215,2.01
chr17,77562426,77562932,5.81
chr17,79151683,79152147,2.24
chr17,79512459,79512909,6.46
chr17,79554208,79554682,2.45
chr17,80024311,80024785,9.83
chr17,80089952,80090416,4.81
chr17,80825065,80825518,3.05
chr17,80896227,80896677,1.86
chr17,80918240,80918748,2.46
chr17,81155920,81156378,2.53
chr17,81253511,81253962,2.26
chr17,81416152,81416671,2.55
chr17,81425898,81426481,3.83
chr17,81531040,81531503,6.98
chr17,81990265,81990733,1.96
chr17,82149793,82150301,1.66
chr17,82224001,82224479,2.07
chr17,82424877,82425402,1.81
chr17,82575717,82576246,2.04
chr17,82613983,82614455,1.45
chr17,82846064,82846519,5.91
chr17,82848884,82849390,3.22
chr17,83017961,83018481,3.46
chr17,83108721,83109171,2.73
chr18,596603,597054,3.61
chr18,1962701,1963290,2.24
chr18,6272175,6272692,1.89
chr18,10150630,10151218,7.51
chr18,13261945,13262437,12.64
chr18,13288584,13289036,3.24
chr18,13673664,13674155,7.41
chr18,14222460,14222930,3.85
chr18,14650535,14651111,5.21
chr18,15239047,15239638,3.28
chr18,15318574,15319043,2.00
chr18,22740343,22740824,5.22
chr18,28156288,28156952,3.52
chr18,28694363,28694856,3.19
chr18,30230711,30231175,2.34
chr18,30490871,30491363,3.79
chr18,31149888,31150491,3.61
chr18,34984706,34985164,4.34
chr18,39324288,39324924,6.61
chr18,39477070,39477522,2.35
chr18,42009416,42009876,1.00
chr18,43699150,43699636,2.58
chr18,47402113,47402596,1.13
chr18,47850424,47851049,5.83
chr18,48221188,48221649,2.49
chr18,53085789,53086525,1.47
chr18,53300792,53301266,3.41
chr18,54538103,54538892,2.99
chr18,54779808,54780602,2.95
chr18,56261882,56262359,1.76
chr18,57732027,57732545,4.56
chr18,58550340,58550819,5.61
chr18,61114887,61115570,2.34
chr18,63198737,63199191,4.00
chr18,65913544,65914072,6.79
chr18,68209784,68210396,4.10
chr18,71198235,71198790,2.01
chr18,72675448,72675938,4.01
chr18,74218463,74218924,6.88
chr18,74361434,74361925,3.63
chr18,74960451,74960919,5.77
chr18,75105022,75105498,1.75
chr18,76239729,76240408,2.99
chr18,77490268,77490720,2.03
chr18,77545311,77545762,2.22
chr18,77957728,77958181,3.84
chr18,78009998,78010553,3.85
chr18,78130620,78131180,5.98
chr18,78369794,78370425,2.19
chr18,78372805,78373358,3.29
chr18,78653932,78654401,0.68
chr18,78718676,78719148,3.67
chr18,78738406,78738870,3.08
chr18,78835681,78836139,5.84
chr18,79144840,79145762,2.43
chr18,79236515,79237017,3.58
chr18,79356606,79357194,3.47
chr18,79366922,79367383,6.21
chr18,79473931,79474454,4.22
chr18,79726639,79727112,2.23
chr18,79786113,79786580,4.33
chr18,79828807,79829262,1.90
chr18,79865928,79866541,3.29
chr18,79909388,79910250,3.72
chr19,245554,246023,2.80
chr19,298173,298655,2.25
chr19,398337,398795,4.22
chr19,410563,411259,2.99
chr19,602944,603423,4.36
chr19,866320,866771,1.97
chr19,1165663,1166127,2.02
chr19,2345562,2346038,4.15
chr19,2348602,2349102,12.09
chr19,2802033,2802625,2.00
chr19,2835913,2836395,3.03
chr19,4035634,4036126,11.75
chr19,4334652,4335127,2.47
chr19,4511125,4511920,4.47
chr19,4553183,4553648,1.35
chr19,4671713,4672311,6.30
chr19,6700196,6700677,3.98
chr19,7153057,7153571,3.64
chr19,8422440,8423150,3.09
chr19,8574345,8574795,3.54
chr19,9701426,9701882,5.77
chr19,10714828,10715386,5.16
chr19,12989093,12989608,2.54
chr19,15932881,15933341,1.03
chr19,16069331,16069852,4.82
chr19,18658711,18659161,2.00
chr19,20822769,20823322,1.89
chr19,21914020,21914482,6.15
chr19,22105110,22105596,1.40
chr19,27675995,27676465,3.14
chr19,28888112,28888679,5.56
chr19,29494380,29494861,1.35
chr19,29566895,29567791,2.70
chr19,30383452,30384292,2.56
chr19,31747553,31748025,4.55
chr19,32084881,32085333,3.52
chr19,32539193,32539685,1.12
chr19,33249817,33250277,5.73
chr19,37746872,37747534,1.00
chr19,40964968,40965446,3.71
chr19,43517210,43517743,4.01
chr19,43672523,43673047,1.26
chr19,44921504,44922021,3.86
chr19,45193665,45194375,1.92
chr19,46187221,46187993,4.53
chr19,48023291,48023765,5.27
chr19,48903537,48904057,2.22
chr19,49414474,49414961,1.53
chr19,49462651,49463123,1.84
chr19,50811672,50812204,3.16
chr19,53819434,53819898,6.27
chr19,55359856,55360366,1.35
chr19,55849882,55850358,5.23
chr19,56234875,56235380,2.75
chr19,56609416,56609910,2.44
chr19,57319135,57319687,8.06
chr19,57499372,57499838,1.00
chr19,58258197,58258657,2.55
chr19,58487972,58488428,7.25
chr20,1765792,1766299,4.10
chr20,6462511,6462967,2.46
chr20,9766266,9766730,3.87
chr20,14954848,14955407,7.21
chr20,15020950,15021478,4.10
chr20,16259569,16260147,2.78
chr20,18209093,18209572,7.57
chr20,18209811,18210791,5.68
chr20,18485973,18486423,3.56
chr20,20354751,20355445,3.07
chr20,21721295,21721771,8.60
chr20,23334049,23334745,3.73
chr20,24529630,24530082,2.00
chr20,24793565,24794035,2.41
chr20,30421054,30421529,2.09
chr20,30977440,30978009,3.81
chr20,30984519,30985085,2.90
chr20,31470685,31471517,1.01
chr20,33057324,33057820,2.44
chr20,36396153,36396729,2.21
chr20,38313930,38314390,4.81
chr20,38463846,38464346,3.02
chr20,38652951,38653453,4.11
chr20,38895659,38896165,4.22
chr20,43427539,43428015,1.69
chr20,44133744,44134239,5.44
chr20,48124885,48125372,5.23
chr20,50775628,50776093,5.23
chr20,52377318,52377790,3.39
chr20,52424289,52424769,3.14
chr20,57833560,57834188,4.67
chr20,58426968,58427527,3.84
chr20,58694881,58695361,3.84
chr20,60314193,60314799,8.31
chr20,61051543,61051993,4.58
chr20,61282744,61283221,3.10
chr20,61375752,61376248,4.75
chr20,61383248,61383829,3.60
chr20,61390276,61390779,4.92
chr20,61545876,61546326,4.38
chr20,62595836,62596406,2.71
chr20,63158260,63158821,3.04
chr20,63233976,63234445,2.09
chr20,63335116,63335572,2.54
chr20,63559279,63559919,2.12
chr20,63571401,63571852,11.22
chr20,63757660,63758182,1.06
chr20,63846839,63847501,5.97
chr20,63970689,63971142,4.21
chr20,64096720,64097171,6.99
chr21,5231284,5231779,9.60
chr21,5291954,5292524,4.43
chr21,9007449,9007945,12.56
chr21,9037715,9038310,3.43
chr21,9098822,9099289,3.94
chr21,9102259,9102759,5.27
chr21,9719740,9720209,2.45
chr21,9735890,9736450,5.19
chr21,9767204,9767712,7.50
chr21,10140460,10140993,10.53
chr21,10374423,10374933,7.25
chr21,14097911,14098382,7.39
chr21,14161491,14161978,6.28
chr21,15030705,15031253,4.38
chr21,16971848,16972352,4.29
chr21,16972685,16973273,6.06
chr21,18251320,18251816,8.53
chr21,21264896,21265436,4.92
chr21,27209257,27209709,2.61
chr21,30570915,30571415,3.93
chr21,32030203,32030663,2.00
chr21,33323457,33323998,4.70
chr21,36031611,36032354,0.78
chr21,36496535,36497083,1.16
chr21,37329024,37329474,5.32
chr21,37756390,37757003,6.55
chr21,38429278,38429766,3.08
chr21,40348085,40348632,8.29
chr21,40636912,40637406,1.75
chr21,42283525,42283983,1.09
chr21,42293298,42293751,3.21
chr21,43275917,43276381,1.68
chr21,43786967,43787529,4.85
chr21,44088594,44089088,4.40
chr21,44465733,44466244,3.31
chr21,44991142,44991626,5.24
chr21,45393532,45394004,1.91
chr21,45470726,45471335,1.94
chr21,45633514,45633983,8.04
chr21,45896203,45896662,9.42
chr21,45980597,45981174,4.32
chr21,46047239,46047710,5.54
chr21,46052824,46053322,2.26
chr21,46058155,46058617,5.80
chr21,46059688,46060142,9.02
chr21,46140350,46140851,5.60
chr21,46414259,46414800,1.67
chr22,10577435,10577889,4.72
chr22,12386667,12387236,3.67
chr22,12402559,12403130,6.42
chr22,12406047,12406615,5.33
chr22,12513488,12514059,7.21
chr22,12523455,12524190,3.82
chr22,12528832,12529401,7.45
chr22,12534256,12534826,3.65
chr22,15689060,15689512,8.31
chr22,16308023,16308498,2.15
chr22,16308689,16309497,1.27
chr22,16310957,16311661,1.00
chr22,16321675,16322173,1.44
chr22,18106282,18106775,6.91
chr22,18186031,18186485,3.63
chr22,18370302,18370756,7.76
chr22,18387693,18388163,4.88
chr22,19570387,19570903,4.89
chr22,20224741,20225410,3.61
chr22,20251470,20252149,10.62
chr22,21164014,21164489,7.30
chr22,24270088,24270572,2.35
chr22,25948246,25948727,2.11
chr22,29119835,29120374,7.27
chr22,32291935,32292402,2.71
chr22,34328714,34329174,2.82
chr22,35343348,35343898,4.06
chr22,35463345,35463889,6.70
chr22,37097647,37098111,4.43
chr22,38613102,38613604,4.98
chr22,38761513,38761985,3.12
chr22,40007123,40007758,2.21
chr22,43432423,43432873,8.22
chr22,44539582,44540293,3.32
chr22,44652796,44653481,4.82
chr22,44691984,44692458,2.17
chr22,44884061,44884602,2.14
chr22,44983979,44984430,2.79
chr22,45929607,45930091,7.04
chr22,45982677,45983135,4.61
chr22,46614584,46615035,2.82
chr22,46616655,46617155,4.71
chr22,46858782,46859233,4.14
chr22,47069450,47069992,2.16
chr22,47091071,47091573,2.60
chr22,48381308,48381964,2.47
chr22,48528987,48529490,1.87
chr22,48604983,48605437,4.14
chr22,48851173,48851713,1.35
chr22,49118871,49119361,2.47
chr22,49155646,49156144,4.96
chr22,49385433,49385916,3.63
chr22,49388141,49388619,5.41
chr22,49623946,49624461,2.51
chr22,49973046,49973775,3.11
chr22,50168161,50168638,5.14
chr22,50233851,50234537,3.86
chr22,50234722,50235392,3.94
chrX,2844304,2844784,3.27
chrX,3036495,3037029,1.43
chrX,3165139,3165653,3.07
chrX,3325778,3326344,9.55
chrX,3524434,3524967,3.05
chrX,5670204,5670684,3.84
chrX,6581902,6582401,4.15
chrX,9703010,9703460,3.86
chrX,26085161,26085708,4.16
chrX,30788440,30788945,2.38
chrX,30792676,30793575,4.10
chrX,30794445,30794953,3.20
chrX,30795163,30795614,3.07
chrX,30801502,30801988,2.41
chrX,31066731,31067213,5.96
chrX,44601687,44602151,3.95
chrX,45334760,45335238,7.60
chrX,47353660,47354112,4.83
chrX,47971358,47971832,5.95
chrX,54064993,54065907,1.45
chrX,57697784,57698302,1.23
chrX,58045765,58046713,1.81
chrX,62964702,62965222,4.03
chrX,63625430,63625881,2.86
chrX,65002248,65002725,3.24
chrX,65212100,65212638,2.05
chrX,66285691,66286163,4.41
chrX,67415237,67415703,4.22
chrX,70917233,70917719,2.22
chrX,75334548,75335059,1.87
chrX,81554929,81555479,5.05
chrX,82740616,82741164,3.11
chrX,83878021,83878566,4.23
chrX,85087875,85088330,3.55
chrX,86871200,86872033,4.46
chrX,87024595,87025088,5.20
chrX,88904960,88905436,4.61
chrX,88976849,88977306,4.60
chrX,89201241,89201710,13.67
chrX,89204210,89205112,17.62
chrX,89206017,89206491,6.90
chrX,89319501,89319985,4.54
chrX,95003343,95003812,4.28
chrX,98654072,98654549,6.42
chrX,98848986,98849532,3.51
chrX,101433003,101433453,2.10
chrX,102559547,102560005,5.10
chrX,106452622,106453107,2.97
chrX,106520614,106521126,3.45
chrX,108775493,108775944,3.38
chrX,110689248,110689744,5.17
chrX,112236198,112236694,2.35
chrX,115347441,115347891,1.30
chrX,116556431,116556901,6.34
chrX,118647626,118648140,5.38
chrX,119210257,119210726,3.92
chrX,120374521,120374996,4.89
chrX,122815477,122816077,4.80
chrX,125279025,125279641,1.91
chrX,126080418,126080940,3.48
chrX,126367888,126368344,2.99
chrX,126778291,126778946,4.71
chrX,128168073,128168549,1.82
chrX,129431236,129431803,3.46
chrX,129784703,129785252,1.84
chrX,132044504,132044996,2.88
chrX,132194462,132194940,4.22
chrX,133528773,133529329,5.99
chrX,135114829,135115316,2.02
chrX,136450862,136451362,5.05
chrX,137315125,137315998,3.18
chrX,139709206,139709687,4.02
chrX,141789998,141790464,2.61
chrX,142057988,142058457,3.21
chrX,142745219,142745686,2.69
chrX,146034882,146035338,3.01
chrX,146125387,146125867,2.29
chrX,147562887,147563343,3.63
chrX,148195844,148196335,8.49
chrX,149911454,149912026,2.58
chrX,150520596,150521101,6.60
chrX,150583260,150584069,4.56
chrX,151763179,151763700,2.18
chrX,153382387,153382903,4.38
chrX,153620177,153620633,6.22
