chr1,1247854,1248517,4.26
chr1,1651221,1651674,3.92
chr1,1717404,1717855,2.23
chr1,2261845,2262315,3.87
chr1,2436205,2436748,2.12
chr1,3001832,3002312,3.88
chr1,3287365,3287862,3.00
chr1,3300147,3300608,4.21
chr1,3929488,3930170,1.71
chr1,4099655,4100137,7.26
chr1,4381192,4381642,3.43
chr1,4427862,4428362,2.47
chr1,4616236,4616781,1.81
chr1,5303799,5304301,1.00
chr1,7115341,7115840,3.36
chr1,7829712,7830166,4.37
chr1,9123042,9123518,3.88
chr1,10274473,10274959,3.13
chr1,13604950,13605412,2.01
chr1,17358069,17358791,2.79
chr1,21817927,21818460,2.29
chr1,21959636,21960086,1.46
chr1,22659085,22659539,4.21
chr1,24211728,24212185,2.29
chr1,34102373,34102868,2.81
chr1,36283416,36283868,1.00
chr1,40558380,40558899,3.72
chr1,41635341,41635825,4.94
chr1,42277306,42278021,1.37
chr1,45768733,45769186,0.99
chr1,52802991,52803465,4.61
chr1,55508849,55509330,2.12
chr1,58729067,58729527,3.40
chr1,58980908,58981456,3.30
chr1,76646255,76646777,4.24
chr1,77475182,77475745,2.92
chr1,78532210,78532672,2.79
chr1,80329065,80329541,5.01
chr1,89354333,89354857,1.00
chr1,101553153,101553623,1.54
chr1,102645233,102645700,0.98
chr1,109054897,109055628,1.04
chr1,110569427,110569917,2.92
chr1,110773596,110774095,2.00
chr1,111295385,111295847,2.82
chr1,111529694,111530221,3.57
chr1,118401172,118401654,4.57
chr1,150367155,150367613,1.00
chr1,153243146,153243637,4.01
chr1,156836532,156836984,1.00
chr1,158881699,158882155,1.49
chr1,160984850,160985561,3.26
chr1,165582724,165583310,7.64
chr1,165761772,165762452,1.05
chr1,166077649,166078173,2.58
chr1,169502476,169502977,2.91
chr1,169671131,169671627,1.00
chr1,171096253,171096703,4.92
chr1,175426602,175427072,3.78
chr1,176300682,176301140,1.00
chr1,178695576,178696030,5.20
chr1,180214496,180215215,1.03
chr1,182720786,182721284,3.91
chr1,183149239,183149728,1.89
chr1,186326815,186327289,4.11
chr1,186795180,186796075,1.00
chr1,188238589,188239159,4.56
chr1,190628641,190629105,1.90
chr1,194098731,194099470,5.29
chr1,195571783,195572252,1.81
chr1,199478311,199478879,3.87
chr1,204876823,204877281,1.24
chr1,205981240,205981710,5.42
chr1,208642723,208643182,2.93
chr1,220444601,220445051,3.14
chr1,225574413,225575131,2.26
chr1,231733508,231733962,1.10
chr1,233339041,233339492,3.35
chr1,233594313,233594816,3.86
chr1,233729209,233729939,1.30
chr1,235294205,235294760,4.41
chr1,236038470,236039040,1.00
chr1,237578488,237578951,1.00
chr1,242143950,242144425,3.57
chr1,245270059,245270529,1.00
chr1,246251199,246251661,2.42
chr1,246275783,246276595,3.70
chr1,246395404,246395860,4.11
chr1,247327562,247328041,1.00
chr1,247373256,247373851,1.55
chr1,247406028,247406658,1.26
chr1,247433723,247434247,3.95
chr1,248187489,248187955,3.76
chr1,248671351,248671904,4.38
chr2,5474477,5474942,2.61
chr2,6253102,6253704,1.75
chr2,7767510,7767980,1.99
chr2,8860024,8860495,2.54
chr2,10291161,10291669,3.30
chr2,11091858,11092332,3.89
chr2,11617936,11618400,2.61
chr2,11853860,11854433,1.66
chr2,13925641,13926116,2.64
chr2,14054672,14055139,5.76
chr2,15787555,15788011,4.65
chr2,18755230,18755682,5.16
chr2,21527969,21528427,2.07
chr2,25004551,25005266,2.16
chr2,25380560,25381034,3.41
chr2,26654940,26655468,2.30
chr2,27101185,27101636,1.00
chr2,28458168,28459057,1.00
chr2,29005431,29005900,3.46
chr2,34603562,34604221,1.00
chr2,35453578,35454038,2.53
chr2,36181840,36182311,4.75
chr2,37031689,37032149,3.11
chr2,37519403,37520005,3.26
chr2,38402379,38402841,2.87
chr2,39185194,39185644,4.39
chr2,51716179,51716649,2.22
chr2,53598383,53598855,1.98
chr2,56265178,56265637,3.00
chr2,56519373,56519857,1.00
chr2,57435068,57435548,3.31
chr2,61848662,61849166,3.20
chr2,64253267,64253731,2.69
chr2,71691276,71691767,1.08
chr2,75823063,75823547,3.23
chr2,76121346,76121797,3.27
chr2,78593005,78593545,1.00
chr2,80075466,80075930,4.11
chr2,80372930,80373382,2.18
chr2,82134976,82135432,4.60
chr2,83172107,83172558,1.00
chr2,85008034,85008576,3.29
chr2,89787961,89788436,2.11
chr2,96084918,96085449,1.19
chr2,100445152,100445614,4.00
chr2,106273848,106274338,1.25
chr2,111780661,111781136,3.18
chr2,112346784,112347244,1.64
chr2,114478663,114479165,1.00
chr2,114773119,114773582,5.15
chr2,116837027,116837635,3.85
chr2,117853808,117854259,2.39
chr2,118867028,118867492,4.15
chr2,121115836,121116294,3.62
chr2,125106169,125106635,2.66
chr2,129735304,129735755,1.11
chr2,131424901,131425418,1.50
chr2,133788506,133788985,1.00
chr2,134007825,134008285,2.62
chr2,139229709,139230229,2.54
chr2,154938272,154938740,3.35
chr2,160089558,160090086,1.00
chr2,164149936,164150390,2.90
chr2,166693510,166693985,4.51
chr2,167563353,167563873,1.56
chr2,168388563,168389049,3.47
chr2,175237735,175238188,1.85
chr2,175325190,175325731,1.08
chr2,177351171,177351696,1.44
chr2,179557323,179557809,2.22
chr2,180700975,180701427,1.95
chr2,181288396,181288955,3.03
chr2,182626564,182627014,5.92
chr2,183682029,183682546,2.57
chr2,188789113,188789573,1.85
chr2,188980153,188980605,1.00
chr2,191742043,191742493,1.10
chr2,192682016,192682468,4.50
chr2,193808185,193808669,4.26
chr2,194703157,194704143,3.33
chr2,194977813,194978280,2.53
chr2,201685008,201685477,3.13
chr2,205057120,205057586,3.09
chr2,207476019,207476469,1.87
chr2,211058773,211059281,1.92
chr2,213913373,213913839,1.00
chr2,213979998,213980614,3.14
chr2,220953726,220954191,3.40
chr2,221366169,221366625,2.51
chr2,228263907,228264423,1.87
chr2,229183813,229184282,1.30
chr2,231249601,231250149,1.49
chr2,231578868,231579535,1.15
chr2,233432007,233432541,2.79
chr2,233790260,233790874,2.74
chr2,236910231,236910681,4.51
chr2,237647463,237647926,1.42
chr2,238110403,238110853,1.14
chr2,239119711,239120182,1.00
chr2,240181317,240181771,2.30
chr2,240892369,240892823,2.47
chr3,134103,134727,1.83
chr3,1638713,1639309,2.89
chr3,2389062,2389523,2.42
chr3,3789594,3790292,5.74
chr3,5233943,5234513,2.56
chr3,8307555,8308027,2.77
chr3,8411514,8412064,8.92
chr3,11292345,11292957,1.22
chr3,11604850,11605496,3.25
chr3,14154595,14155073,3.08
chr3,16117409,16117930,6.75
chr3,20855131,20855614,2.47
chr3,22379053,22379541,2.37
chr3,25130694,25131162,1.00
chr3,31814938,31815396,1.00
chr3,32160066,32160797,1.06
chr3,34518959,34519441,3.43
chr3,38326652,38327119,2.07
chr3,40090967,40091533,2.49
chr3,45031603,45032074,5.43
chr3,48561433,48561924,2.50
chr3,53034948,53035459,1.11
chr3,59791776,59792242,1.00
chr3,75689602,75690112,6.27
chr3,75996520,75996989,1.00
chr3,76439040,76439561,1.00
chr3,78842118,78842639,5.94
chr3,82464541,82465017,4.53
chr3,82465529,82465989,3.35
chr3,82641929,82642520,2.40
chr3,82907930,82908568,1.24
chr3,83495508,83495960,1.32
chr3,86286740,86287196,2.57
chr3,105280577,105281101,2.93
chr3,106511991,106512478,3.22
chr3,107446310,107446798,1.00
chr3,109861760,109862288,1.49
chr3,114303305,114303799,1.11
chr3,124779894,124780371,3.01
chr3,126475905,126476385,3.14
chr3,128544172,128544778,1.00
chr3,129465424,129466134,2.24
chr3,139706826,139707284,1.00
chr3,140419509,140419995,0.68
chr3,141771209,141771694,3.87
chr3,143448704,143449740,1.89
chr3,144238290,144238756,2.48
chr3,144389765,144390273,3.13
chr3,153301054,153301530,2.02
chr3,160684364,160684945,4.99
chr3,165092622,165093093,1.00
chr3,171316702,171317164,1.90
chr3,173550429,173550887,1.00
chr3,176181224,176181722,8.02
chr3,176361535,176362018,2.75
chr3,177224928,177225393,2.06
chr3,179900987,179901439,1.00
chr3,181288199,181288670,1.35
chr3,184414414,184414938,4.48
chr3,186631134,186631615,3.05
chr3,187085486,187085967,2.33
chr3,189546110,189546580,2.77
chr3,194152171,194152638,3.66
chr3,194663156,194663948,1.00
chr3,194736211,194736663,3.84
chr3,196103428,196103933,1.42
chr3,196663030,196663483,3.08
chr3,197576761,197577230,6.16
chr3,197589728,197590204,1.10
chr4,270621,271187,2.10
chr4,707296,707947,2.22
chr4,1240040,1240495,2.40
chr4,1324444,1324938,3.84
chr4,1379565,1380075,1.23
chr4,1555577,1556130,5.50
chr4,1599026,1599492,2.28
chr4,2429840,2430303,1.76
chr4,2960689,2961158,6.17
chr4,3440432,3440974,1.67
chr4,3522345,3522843,2.97
chr4,3859328,3859793,3.60
chr4,4068643,4069231,8.72
chr4,7230423,7230888,5.40
chr4,7255675,7256159,1.10
chr4,7522496,7523140,1.00
chr4,7766330,7766800,1.00
chr4,8184664,8185114,1.31
chr4,8759169,8759643,4.46
chr4,9473314,9474222,5.10
chr4,9493115,9493595,2.96
chr4,14914367,14914864,7.61
chr4,18752752,18753371,1.00
chr4,20472047,20472839,5.81
chr4,21519296,21519786,5.16
chr4,25249224,25249692,2.65
chr4,29264409,29264899,3.69
chr4,32829520,32830060,3.27
chr4,34902290,34902741,1.00
chr4,35217914,35218398,3.30
chr4,37036970,37037439,4.60
chr4,43026240,43026700,4.16
chr4,44016575,44017176,4.03
chr4,45026043,45026567,1.00
chr4,48104076,48104741,3.87
chr4,54549916,54550416,1.98
chr4,57856382,57856930,4.03
chr4,61632934,61633888,1.00
chr4,63202439,63203000,4.64
chr4,63849667,63850131,3.35
chr4,64868319,64868871,7.12
chr4,64906185,64906640,2.53
chr4,65531247,65531704,3.16
chr4,70517621,70518108,3.52
chr4,71346185,71346646,1.92
chr4,73446387,73446851,1.24
chr4,73835779,73836298,1.00
chr4,76149970,76150479,3.97
chr4,79558350,79558834,1.46
chr4,80800253,80800705,2.87
chr4,81902418,81902934,4.22
chr4,90648313,90648769,2.82
chr4,93244289,93244799,3.03
chr4,93517730,93518226,2.53
chr4,96374300,96374782,1.00
chr4,107165493,107165950,2.69
chr4,109220901,109221360,3.08
chr4,115095929,115096415,3.57
chr4,116615277,116615749,2.94
chr4,117739877,117740370,1.95
chr4,129221848,129222475,4.07
chr4,130689837,130690405,1.00
chr4,134668626,134669104,1.00
chr4,135007634,135008144,4.12
chr4,139026660,139027379,1.48
chr4,142245680,142246176,2.08
chr4,142581266,142581762,1.00
chr4,143852301,143852781,2.26
chr4,147350337,147350799,1.96
chr4,147441542,147442001,1.18
chr4,148507625,148508155,1.73
chr4,152728122,152728576,1.59
chr4,155489661,155490124,3.81
chr4,159748862,159749376,1.00
chr4,162292995,162293491,1.00
chr4,163496601,163497055,2.52
chr4,163594895,163595438,2.30
chr4,164458701,164459161,3.13
chr4,167450981,167451465,4.49
chr4,168692903,168693419,2.46
chr4,169783232,169783707,1.76
chr4,170370729,170371194,1.00
chr4,174265036,174265498,2.06
chr4,175434815,175435375,1.26
chr4,177414577,177415114,1.00
chr4,179678821,179679305,4.04
chr4,179878335,179879067,2.29
chr4,181855794,181856274,2.92
chr4,182013755,182014231,5.71
chr4,182114072,182114527,3.09
chr4,183382338,183383059,1.06
chr4,183464052,183464514,1.00
chr4,183857049,183857500,2.95
chr4,184962196,184962704,3.84
chr4,185221764,185222266,4.06
chr4,186034172,186034662,3.71
chr4,186238662,186239133,2.13
chr4,186371946,186372449,5.52
chr4,186476343,186476799,5.96
chr4,187764218,187764822,1.00
chr4,187933277,187933735,2.07
chr4,188973391,188973997,2.01
chr4,189117140,189117643,2.59
chr4,189129717,189130263,3.44
chr4,189307273,189307950,1.82
chr5,196437,196921,2.08
chr5,500428,500904,2.50
chr5,641940,642454,4.12
chr5,774508,774968,5.94
chr5,1284239,1284699,4.25
chr5,1950698,1951541,2.68
chr5,1994147,1994611,3.41
chr5,2512088,2512623,3.08
chr5,2594153,2594633,3.46
chr5,2784269,2784780,1.00
chr5,3015234,3015716,1.00
chr5,3078327,3078811,2.91
chr5,3202294,3202757,6.39
chr5,3637557,3638056,1.43
chr5,4578838,4579459,2.38
chr5,4815877,4816422,6.46
chr5,4843635,4844089,3.13
chr5,9162264,9162772,4.26
chr5,11120347,11120859,6.11
chr5,12426418,12426962,4.49
chr5,12435340,12435797,2.96
chr5,16525057,16525510,3.84
chr5,16624076,16624530,2.66
chr5,19220992,19221446,3.04
chr5,19466047,19466509,2.71
chr5,19849399,19849887,1.00
chr5,20557645,20558183,1.00
chr5,20647967,20648429,3.12
chr5,37583317,37583780,2.19
chr5,41411675,41412161,3.27
chr5,44162213,44162691,4.40
chr5,53172111,53172573,1.88
chr5,58981250,58981702,2.46
chr5,59171774,59172284,4.23
chr5,59200398,59200892,4.13
chr5,61281992,61282502,2.95
chr5,64436610,64437084,1.00
chr5,74110961,74111503,4.19
chr5,78429842,78430413,2.60
chr5,78592421,78592933,1.00
chr5,84890121,84890575,2.44
chr5,85856292,85856765,3.92
chr5,86920991,86921447,1.00
chr5,95312965,95313456,1.00
chr5,96982695,96983167,2.17
chr5,96989115,96989613,2.41
chr5,97282061,97282553,5.08
chr5,99426548,99427000,3.35
chr5,100137125,100137604,1.73
chr5,100338907,100339380,5.62
chr5,100492905,100493411,3.45
chr5,103579738,103580192,2.44
chr5,105750569,105751053,1.00
chr5,107848033,107848536,3.89
chr5,115654680,115655153,1.62
chr5,115928700,115929156,3.84
chr5,116129206,116129822,4.59
chr5,120633510,120633980,1.00
chr5,121599485,121599943,5.82
chr5,121924173,121924647,1.00
chr5,123622404,123622896,3.88
chr5,125148446,125148898,1.00
chr5,128991898,128992384,1.62
chr5,129407687,129408180,3.23
chr5,131784811,131785313,1.12
chr5,139398561,139399255,1.00
chr5,143284751,143285216,1.00
chr5,144615230,144615701,2.96
chr5,149197790,149198253,1.00
chr5,166866924,166867516,1.92
chr5,167047217,167047699,2.05
chr5,168185722,168186172,1.20
chr5,172189613,172190069,2.34
chr5,172484882,172485368,3.18
chr5,175788437,175788914,1.00
chr5,176859553,176860013,1.57
chr5,178486849,178487332,3.49
chr5,179174580,179175048,1.52
chr5,179849666,179850116,4.10
chr5,180095940,180096511,2.06
chr5,180296553,180297055,1.71
chr5,180639051,180639579,1.00
chr5,181091401,181091867,5.15
chr5,181139087,181139638,1.00
chr6,229437,229929,4.05
chr6,676596,677320,1.91
chr6,909254,909734,5.06
chr6,1533756,1534256,4.06
chr6,1534641,1535091,5.69
chr6,1827128,1827606,3.73
chr6,2605086,2605546,3.24
chr6,3093767,3094291,1.98
chr6,3146377,3146961,3.42
chr6,5134717,5135173,2.60
chr6,9025296,9025747,4.03
chr6,9145865,9146321,1.00
chr6,11801079,11801529,3.29
chr6,13230953,13231432,3.47
chr6,26276347,26276838,1.00
chr6,40134064,40134534,1.72
chr6,47382359,47382878,1.21
chr6,49897963,49898434,1.89
chr6,54851745,54852286,2.96
chr6,55542929,55543576,2.46
chr6,60699940,60700398,1.00
chr6,61954440,61954954,1.00
chr6,64304306,64304798,1.00
chr6,67117953,67118433,3.97
chr6,67232552,67233107,2.72
chr6,67694762,67695238,2.05
chr6,70187205,70187793,1.47
chr6,71645309,71645783,0.96
chr6,71875563,71876041,1.77
chr6,76556536,76557029,2.79
chr6,80760782,80761266,1.00
chr6,81857261,81857724,1.00
chr6,82384706,82385158,1.00
chr6,86851845,86852326,3.62
chr6,87750790,87751240,2.84
chr6,92098076,92098802,1.00
chr6,93834576,93835040,4.58
chr6,101761635,101762138,1.24
chr6,103676791,103677269,4.49
chr6,103679460,103679984,3.26
chr6,120310042,120310526,2.94
chr6,122815235,122815691,1.00
chr6,123976112,123976604,1.65
chr6,130261001,130261523,1.00
chr6,133833208,133833736,1.00
chr6,134475610,134476130,1.00
chr6,134907804,134908270,4.65
chr6,141432161,141432627,5.02
chr6,142004230,142004764,3.53
chr6,150372505,150372971,1.56
chr6,153611166,153611725,3.27
chr6,154357431,154358063,5.82
chr6,158571165,158571631,2.83
chr6,158704846,158705668,4.23
chr6,159283193,159283645,6.02
chr6,160840569,160841038,1.00
chr6,161090407,161090997,1.00
chr6,161552195,161552657,4.74
chr6,161645730,161646328,1.96
chr6,161895266,161895886,3.30
chr6,163300710,163301209,1.18
chr6,163322727,163323200,2.95
chr6,163613721,163614178,1.84
chr6,167103866,167104360,3.11
chr6,167318254,167318720,3.58
chr6,167551991,167552445,3.00
chr6,168086337,168086802,3.10
chr6,168283770,168284237,1.99
chr6,168295770,168296307,1.45
chr6,168742732,168743362,1.58
chr6,169025000,169025522,1.45
chr6,169262792,169263361,2.03
chr6,169325492,169325976,2.95
chr6,169373734,169374196,1.00
chr6,169644516,169645257,2.33
chr6,169967050,169967798,1.00
chr6,169988278,169988799,2.72
chr6,170039365,170039875,2.66
chr6,170168726,170169182,2.76
chr6,170171046,170171706,3.71
chr6,170191542,170192018,1.74
chr7,206995,207579,2.12
chr7,308812,309344,2.71
chr7,350656,351143,6.81
chr7,414927,415384,1.92
chr7,457091,457751,1.02
chr7,599553,600226,3.26
chr7,738846,739384,2.66
chr7,767920,768376,4.39
chr7,1081496,1081953,3.51
chr7,1882707,1883197,1.20
chr7,1904269,1904807,3.59
chr7,1996624,1997113,1.00
chr7,2104438,2104893,3.06
chr7,2132172,2132623,2.85
chr7,2225029,2225489,2.48
chr7,2377265,2377793,16.13
chr7,2378243,2378707,3.85
chr7,2859214,2859763,2.31
chr7,3480154,3480619,3.66
chr7,4139297,4139783,4.99
chr7,5803009,5803656,1.39
chr7,10794930,10795452,2.69
chr7,12888302,12888769,2.13
chr7,13130875,13131333,1.00
chr7,14211934,14212585,1.92
chr7,14379612,14380088,3.00
chr7,14641028,14641488,2.16
chr7,15184614,15185068,2.11
chr7,15354164,15354636,3.01
chr7,19307754,19308220,2.64
chr7,19494894,19495348,4.45
chr7,21210051,21210524,3.04
chr7,22162913,22163421,1.00
chr7,23810222,23810703,3.13
chr7,29540785,29541237,3.02
chr7,30570008,30570474,1.00
chr7,33672201,33672662,4.91
chr7,35682056,35682526,2.92
chr7,39015319,39015773,1.91
chr7,43834667,43835136,2.16
chr7,44870903,44871377,2.69
chr7,47111350,47111918,3.83
chr7,47536066,47536533,2.30
chr7,48039526,48039998,3.01
chr7,52267444,52267896,3.12
chr7,53128130,53128845,2.82
chr7,53635040,53635609,2.94
chr7,56167377,56167831,5.39
chr7,56265500,56265980,4.72
chr7,57490167,57490641,5.78
chr7,57491286,57491863,4.99
chr7,62574452,62575023,1.00
chr7,67594745,67595253,1.00
chr7,70888037,70888489,1.00
chr7,70982605,70983238,1.00
chr7,70983925,70984409,1.00
chr7,75683665,75684124,3.92
chr7,76152365,76152823,2.59
chr7,78234356,78234844,2.22
chr7,79324277,79324740,1.35
chr7,79730247,79730729,2.37
chr7,92917624,92918108,2.18
chr7,93540475,93540988,3.08
chr7,94202160,94202709,3.07
chr7,94839400,94839862,1.55
chr7,99605189,99605751,2.39
chr7,101609483,101609951,2.36
chr7,102369012,102369622,3.16
chr7,105341882,105342341,3.53
chr7,105351648,105352138,2.71
chr7,108177441,108177934,1.00
chr7,108867525,108868313,1.00
chr7,121648507,121648979,4.66
chr7,123042815,123043289,0.94
chr7,123213601,123214158,1.06
chr7,124628472,124628930,3.09
chr7,124659633,124660185,8.49
chr7,126217933,126218438,5.60
chr7,126656944,126657414,3.10
chr7,128603209,128603693,1.00
chr7,137946565,137947066,1.00
chr7,138354940,138355437,3.04
chr7,138718077,138718609,1.27
chr7,145322378,145323077,1.06
chr7,151820285,151820847,1.16
chr7,151841454,151841907,3.45
chr7,152886099,152886573,2.46
chr7,153329179,153329705,3.70
chr7,153367225,153367675,5.15
chr7,153698436,153698909,1.88
chr7,154656633,154657144,2.49
chr7,154661521,154662051,5.31
chr7,154879083,154879803,2.86
chr7,155914083,155914537,3.03
chr7,155932460,155933068,2.92
chr7,155933769,155934410,1.68
chr7,157418717,157419170,2.92
chr7,157430408,157430868,3.70
chr7,157439420,157439875,4.41
chr7,157620889,157621354,4.95
chr7,157941956,157942407,3.03
chr7,157982057,157982509,2.58
chr7,157994522,157995000,1.31
chr7,158123728,158124179,2.28
chr7,158253674,158254370,5.30
chr7,158418321,158418771,1.15
chr7,158796696,158797243,5.23
chr7,158959705,158960165,1.46
chr7,159152046,159152502,5.01
chr7,159161995,159162539,3.16
chr7,159206788,159207283,4.30
chr7,159208486,159209048,6.97
chr8,695292,695857,1.99
chr8,699527,699997,1.66
chr8,1387994,1388446,0.90
chr8,2085996,2086452,1.67
chr8,3190036,3190514,2.74
chr8,3838424,3838910,1.21
chr8,9249261,9249736,3.19
chr8,9830909,9831360,3.49
chr8,10833378,10833906,4.04
chr8,11637352,11637926,1.00
chr8,12182889,12183393,4.90
chr8,12591149,12591617,6.17
chr8,13953545,13954027,3.96
chr8,18593935,18594540,3.98
chr8,19479562,19480031,1.11
chr8,23040206,23040666,1.65
chr8,28278126,28278582,2.99
chr8,34585260,34585742,2.63
chr8,34772405,34772868,2.75
chr8,35089665,35090139,1.42
chr8,38508873,38509332,2.54
chr8,38879551,38880027,4.45
chr8,39044852,39045316,7.81
chr8,40118342,40118832,3.41
chr8,40601382,40601905,4.13
chr8,42327597,42328309,0.84
chr8,46469485,46470218,2.69
chr8,53948332,53948794,3.19
chr8,54494379,54494853,3.11
chr8,55766802,55767304,1.00
chr8,57527180,57527643,3.31
chr8,58163193,58163676,2.45
chr8,62581683,62582171,4.33
chr8,63123601,63124145,7.13
chr8,63856951,63857475,1.00
chr8,64847008,64847730,1.00
chr8,66376884,66377453,3.70
chr8,69445178,69445891,2.07
chr8,69625919,69626436,2.69
chr8,76303420,76303945,3.76
chr8,76565196,76565692,5.74
chr8,81133769,81134463,1.00
chr8,83716558,83717019,2.21
chr8,84287110,84287566,1.21
chr8,89455831,89456393,4.01
chr8,103370471,103371191,1.73
chr8,107361310,107361830,1.00
chr8,107368250,107369050,1.00
chr8,107551152,107551630,3.10
chr8,111541459,111542067,1.00
chr8,115092023,115092477,1.00
chr8,120118681,120119170,4.30
chr8,121716491,121716955,2.29
chr8,127407809,127408343,3.39
chr8,130779508,130779969,4.31
chr8,131553749,131554199,4.35
chr8,134439316,134439788,1.00
chr8,134454921,134455417,3.28
chr8,135834980,135835496,2.87
chr8,137052262,137052758,3.75
chr8,137065539,137066037,2.82
chr8,137235675,137236170,7.39
chr8,137848105,137848829,1.00
chr8,139001627,139002144,1.00
chr8,139872528,139873128,1.05
chr8,140199305,140199769,1.00
chr8,141252912,141253420,3.67
chr8,142226753,142227258,2.50
chr8,142253265,142253726,1.45
chr8,142754568,142755037,2.48
chr8,142791555,142792007,3.66
chr8,143179554,143180024,4.57
chr8,144179720,144180175,1.36
chr8,144281163,144281773,2.86
chr8,144349441,144349908,1.48
chr9,469190,469770,1.83
chr9,3039302,3039782,1.87
chr9,7366899,7367434,2.40
chr9,12962592,12963047,3.05
chr9,19122286,19122782,2.76
chr9,22057761,22058238,2.41
chr9,25776681,25777150,2.61
chr9,26814187,26814670,1.00
chr9,36008772,36009236,1.09
chr9,37918225,37918687,2.66
chr9,38764639,38765106,1.00
chr9,41107228,41107706,4.31
chr9,69088029,69088749,2.47
chr9,71853382,71853835,1.00
chr9,74467465,74467935,1.00
chr9,74558438,74558904,1.00
chr9,80740644,80741124,1.00
chr9,82510227,82510713,3.43
chr9,83230989,83231449,1.00
chr9,88959169,88959669,3.20
chr9,90902995,90903467,2.75
chr9,91583093,91583555,3.44
chr9,92925134,92925588,3.03
chr9,94270593,94271060,1.00
chr9,95593866,95594329,1.80
chr9,97410769,97411281,1.00
chr9,98427500,98427960,0.99
chr9,103173654,103174114,1.30
chr9,104020213,104020668,2.56
chr9,111911705,111912162,3.89
chr9,115095248,115095828,3.64
chr9,116288949,116289421,4.04
chr9,118609062,118609514,1.00
chr9,119594617,119595205,2.25
chr9,121652956,121653416,2.36
chr9,121790731,121791215,1.35
chr9,122531872,122532365,3.94
chr9,124895068,124895615,2.85
chr9,126815103,126815557,2.06
chr9,127464162,127464618,2.92
chr9,128138454,128138934,1.40
chr9,128437614,128438068,4.34
chr9,132269636,132270118,2.59
chr9,132513703,132514313,4.26
chr9,133190131,133190755,2.52
chr9,133305788,133306273,1.00
chr9,133511468,133511927,4.15
chr9,133827042,133827593,1.32
chr9,133828120,133828664,1.91
chr9,134295530,134296011,2.48
chr9,134622368,134622968,1.93
chr9,135280209,135280668,4.25
chr9,135286292,135286755,3.24
chr9,135679755,135680244,1.42
chr9,136307786,136308276,3.12
chr9,137145328,137145787,2.05
chr10,264683,265201,2.30
chr10,417838,418383,2.00
chr10,587889,588427,3.70
chr10,678415,678938,2.49
chr10,723562,724196,1.35
chr10,728799,729275,1.54
chr10,1327593,1328077,0.64
chr10,1489047,1489509,2.92
chr10,1495396,1495903,2.52
chr10,1560272,1560786,3.83
chr10,1773200,1773654,3.41
chr10,2477325,2477792,1.09
chr10,3053305,3053939,1.64
chr10,3215721,3216196,1.00
chr10,3318326,3318793,3.50
chr10,3406808,3407259,1.00
chr10,3458086,3458578,5.01
chr10,4594422,4594930,3.15
chr10,5480753,5481282,4.15
chr10,9396045,9396613,1.10
chr10,9407319,9407773,3.34
chr10,10266918,10267421,1.68
chr10,10938875,10939399,1.00
chr10,15229540,15230087,4.95
chr10,15337274,15337727,3.19
chr10,15490265,15490975,2.06
chr10,18041391,18041855,1.73
chr10,18442726,18443218,3.71
chr10,18560828,18561590,1.00
chr10,19171754,19172221,3.34
chr10,19215516,19216055,2.93
chr10,22663844,22664404,3.76
chr10,31687241,31687703,3.79
chr10,35742679,35743162,1.52
chr10,43708960,43709416,4.82
chr10,44414330,44414784,2.52
chr10,50976960,50977458,1.53
chr10,51553826,51554314,3.23
chr10,52187998,52188466,2.51
chr10,52603930,52604412,1.00
chr10,53326540,53327167,1.10
chr10,53965780,53966268,3.60
chr10,59218474,59218942,2.16
chr10,59681541,59682012,3.92
chr10,59881871,59882509,1.78
chr10,62280804,62281282,2.42
chr10,68827427,68828163,1.00
chr10,70220663,70221147,3.07
chr10,70582795,70583266,1.13
chr10,70918605,70919067,3.95
chr10,71759676,71760154,3.54
chr10,77040944,77041663,2.52
chr10,81593705,81594182,2.10
chr10,81693985,81694499,3.89
chr10,87801283,87801741,3.61
chr10,89788377,89788829,2.84
chr10,102885290,102886029,1.83
chr10,106250536,106251061,1.20
chr10,109822706,109823163,4.34
chr10,110720437,110720890,2.95
chr10,112392133,112392666,1.81
chr10,112439835,112440325,1.00
chr10,116196368,116196849,3.16
chr10,116505597,116506320,4.11
chr10,119287123,119287573,1.33
chr10,122633142,122633607,1.51
chr10,125428085,125428549,6.39
chr10,128382585,128383205,4.11
chr10,130270692,130271148,1.26
chr10,130383722,130384250,1.04
chr10,130784413,130784871,1.97
chr10,131108202,131108665,2.86
chr10,131344111,131344762,2.24
chr10,131363581,131364035,2.84
chr10,131754434,131754918,1.98
chr10,131807580,131808054,6.70
chr10,131918062,131918534,4.99
chr10,132060990,132061465,1.19
chr10,132114989,132115459,3.09
chr10,132190903,132191358,1.11
chr10,132741523,132741978,3.14
chr10,132758043,132758525,2.23
chr10,132771453,132772065,1.01
chr10,132772488,132773097,4.15
chr10,133041604,133042344,0.94
chr10,133053743,133054223,1.99
chr10,133220525,133220989,1.67
chr10,133221631,133222199,1.00
chr10,133369144,133369644,1.00
chr11,223596,224140,1.71
chr11,424832,425407,1.77
chr11,442203,442666,1.79
chr11,468795,469259,3.79
chr11,1155067,1156158,1.00
chr11,1166694,1167269,3.97
chr11,1796518,1797010,3.43
chr11,3103535,3104033,2.36
chr11,5844017,5844488,3.34
chr11,9040306,9040766,4.90
chr11,10353186,10353647,4.62
chr11,13745671,13746160,1.13
chr11,17174092,17174805,2.30
chr11,17924988,17925467,1.00
chr11,20975430,20975916,6.35
chr11,22268974,22269452,1.00
chr11,22986148,22986598,4.07
chr11,23188402,23188865,2.74
chr11,25658280,25658734,2.36
chr11,25901700,25902204,6.57
chr11,26056661,26057138,1.47
chr11,26528928,26529447,4.87
chr11,28688224,28688688,4.44
chr11,32755655,32756415,3.51
chr11,34405536,34405990,6.50
chr11,41286387,41286865,2.49
chr11,41758354,41758864,1.00
chr11,44378853,44379327,1.00
chr11,47865920,47866842,3.03
chr11,48658442,48659053,2.23
chr11,50177090,50177568,4.93
chr11,60823770,60824236,1.00
chr11,64855656,64856152,1.23
chr11,65596634,65597112,2.60
chr11,65839014,65839708,2.43
chr11,68717883,68718341,2.84
chr11,71085889,71086362,1.65
chr11,71137893,71138389,3.09
chr11,81436888,81437402,1.00
chr11,87531562,87532112,1.00
chr11,88188999,88189694,1.00
chr11,91113877,91114329,3.48
chr11,92157905,92158432,2.22
chr11,97260729,97261225,3.27
chr11,97952398,97953070,1.00
chr11,99185624,99186085,1.00
chr11,104407090,104407592,1.85
chr11,106289552,106290056,3.10
chr11,106638057,106638511,3.32
chr11,108964129,108964653,1.09
chr11,116818124,116818735,3.51
chr11,117925802,117926318,1.29
chr11,118875609,118876094,6.55
chr11,119848604,119849292,0.75
chr11,123128158,123128612,2.71
chr11,123681587,123682047,4.28
chr11,129670987,129671486,1.76
chr11,130431259,130431725,2.56
chr11,131873333,131873787,1.51
chr11,134069273,134069725,1.58
chr11,134094415,134094875,4.92
chr11,134523278,134523740,3.12
chr11,134531517,134531989,3.17
chr11,134749742,134750214,1.95
chr12,192600,193062,1.13
chr12,239023,239501,2.84
chr12,1774634,1775167,1.00
chr12,2279980,2280442,4.89
chr12,3555580,3556144,1.88
chr12,3601728,3602193,4.62
chr12,4972856,4973420,2.24
chr12,6465162,6465614,1.04
chr12,7196012,7196469,3.62
chr12,7196804,7197322,8.72
chr12,7436983,7437474,4.04
chr12,8446829,8447312,2.66
chr12,9197467,9197929,1.00
chr12,10525941,10526392,4.74
chr12,14002224,14002732,1.91
chr12,18164258,18164966,1.00
chr12,25450617,25451078,3.35
chr12,30869681,30870158,3.65
chr12,32253919,32254450,2.44
chr12,41363435,41363923,1.00
chr12,43685079,43685559,0.91
chr12,44152026,44152553,3.00
chr12,44797628,44798094,3.03
chr12,45038393,45038875,1.00
chr12,46495715,46496190,2.33
chr12,48056717,48057188,3.89
chr12,49245952,49246427,2.72
chr12,58451889,58452352,5.39
chr12,59572557,59573007,5.57
chr12,59671813,59672304,4.03
chr12,61006895,61007375,2.37
chr12,63948715,63949171,5.89
chr12,69200642,69201099,5.49
chr12,69229008,69229464,5.48
chr12,71135016,71135475,1.00
chr12,71365233,71365744,2.89
chr12,76612224,76612686,4.21
chr12,78293950,78294406,5.80
chr12,79179128,79179693,4.57
chr12,80179953,80180513,4.66
chr12,85759327,85759777,1.47
chr12,87485613,87486123,3.61
chr12,88701445,88701905,2.68
chr12,94176945,94177411,2.40
chr12,95749547,95750200,2.51
chr12,96826980,96827433,2.63
chr12,97621602,97622062,1.66
chr12,102835441,102835987,1.00
chr12,105496907,105497361,2.91
chr12,110507268,110507718,1.00
chr12,114635031,114635524,2.84
chr12,119656929,119657432,2.15
chr12,119951625,119952153,1.46
chr12,123521419,123521893,0.98
chr12,123752884,123753364,1.00
chr12,125534450,125534906,4.16
chr12,129189887,129190344,2.20
chr12,129798496,129798948,1.00
chr12,129924426,129924936,2.05
chr12,130257947,130258406,3.53
chr12,130563801,130564315,2.56
chr12,130657443,130657917,2.34
chr12,131070812,131071292,2.97
chr12,131276851,131277310,5.65
chr12,131332105,131332569,1.00
chr12,131367144,131367649,3.41
chr12,131434088,131434560,0.89
chr12,131631417,131631999,1.00
chr12,132315032,132315485,2.57
chr12,132358607,132359190,2.24
chr12,132496615,132497120,3.36
chr12,132620663,132621124,1.77
chr12,132775923,132776402,1.50
chr12,132873306,132873796,1.03
chr13,19403440,19403894,1.00
chr13,20365102,20365774,1.32
chr13,22899955,22900405,3.32
chr13,27494810,27495270,1.47
chr13,29375315,29375809,2.96
chr13,29389513,29389965,2.89
chr13,30395804,30396312,1.00
chr13,30843875,30844544,1.78
chr13,35762853,35763321,3.65
chr13,37306173,37306685,1.09
chr13,41356173,41356668,1.00
chr13,41427777,41428259,2.14
chr13,42181616,42182268,4.33
chr13,45287603,45288063,2.40
chr13,45377750,45378230,2.12
chr13,45513019,45513469,4.81
chr13,47441359,47441863,1.00
chr13,48731396,48731860,1.00
chr13,48735615,48736124,1.00
chr13,49900352,49900815,1.25
chr13,52707098,52707610,2.06
chr13,53328365,53328839,3.08
chr13,54319266,54319728,1.92
chr13,56777233,56777717,1.96
chr13,57765596,57766116,1.00
chr13,57954592,57955050,1.79
chr13,61441149,61441705,2.95
chr13,62019191,62019656,3.07
chr13,62991965,62992430,2.44
chr13,65296644,65297199,1.00
chr13,67376210,67376662,1.00
chr13,68079773,68080224,2.10
chr13,70160463,70160990,3.15
chr13,70854412,70854866,2.01
chr13,73087940,73088410,2.31
chr13,73574838,73575415,1.20
chr13,76318685,76319176,4.45
chr13,79372670,79373229,1.92
chr13,79391913,79392385,1.00
chr13,81781306,81781761,1.00
chr13,87627555,87628099,3.82
chr13,88719827,88720309,1.00
chr13,92903108,92903565,1.68
chr13,93095464,93095938,3.38
chr13,94429574,94430026,2.97
chr13,94501782,94502442,1.00
chr13,100976523,100977024,2.46
chr13,100986173,100986673,4.16
chr13,102234136,102234688,2.87
chr13,105597669,105598219,1.00
chr13,109560643,109561097,3.34
chr13,110677338,110677911,1.45
chr13,111959858,111960310,3.31
chr13,112148737,112149233,6.57
chr13,112766649,112767208,1.31
chr13,112800859,112801410,1.00
chr13,112844976,112845974,1.74
chr13,112961861,112962321,1.30
chr13,113025037,113025489,1.82
chr13,113215550,113216037,2.93
chr13,113875870,113876542,2.43
chr13,113990784,113991248,1.57
chr13,113998835,113999315,1.12
chr13,114075244,114075698,2.64
chr13,114103976,114104533,1.20
chr13,114139427,114139983,0.97
chr14,21427152,21427646,1.09
chr14,23925143,23925596,2.25
chr14,25867638,25868096,4.41
chr14,30089198,30089696,1.00
chr14,39094029,39094483,2.89
chr14,41132961,41133412,3.47
chr14,41482459,41482925,2.62
chr14,42329980,42330509,2.74
chr14,43080522,43080997,1.00
chr14,43430046,43430529,1.00
chr14,45767091,45767551,4.89
chr14,49820774,49821702,1.23
chr14,55489603,55490053,5.57
chr14,59748908,59749388,4.53
chr14,59908822,59909279,1.00
chr14,63154617,63155311,1.00
chr14,73023051,73023505,2.77
chr14,76286941,76287407,2.72
chr14,76332370,76332832,6.00
chr14,76727138,76727596,1.50
chr14,77783309,77784047,0.96
chr14,78926663,78927160,4.17
chr14,84956659,84957151,2.11
chr14,88796511,88796975,5.30
chr14,90454992,90455470,2.10
chr14,92488218,92488770,1.38
chr14,95927591,95928096,0.72
chr14,96745516,96745988,1.24
chr14,99520241,99520761,1.52
chr14,104165535,104165995,4.29
chr14,104209072,104209557,2.72
chr15,22224193,22224710,3.98
chr15,23862376,23862929,1.00
chr15,24395560,24396054,4.34
chr15,25999818,26000281,1.99
chr15,26822944,26823407,1.00
chr15,27387991,27388559,1.66
chr15,30929517,30929997,1.00
chr15,31510993,31511509,1.49
chr15,32949740,32950266,2.38
chr15,34047971,34048635,3.34
chr15,36662240,36662692,2.18
chr15,45891948,45892439,1.00
chr15,47000463,47000914,3.27
chr15,50495039,50495495,3.50
chr15,55039342,55039800,4.65
chr15,59704462,59704923,1.00
chr15,62378460,62378926,3.19
chr15,64340779,64341504,1.00
chr15,69383127,69383618,2.45
chr15,72275660,72276252,1.82
chr15,72425411,72425885,3.46
chr15,79182473,79182959,3.34
chr15,79677283,79677767,2.12
chr15,79839983,79840439,2.88
chr15,81129556,81130033,3.52
chr15,84918603,84919135,4.37
chr15,85304565,85305067,1.27
chr15,86633599,86634080,2.09
chr15,87034909,87035409,3.09
chr15,87156620,87157434,2.35
chr15,89324834,89325404,1.10
chr15,90819008,90819549,1.10
chr15,92630586,92631055,5.63
chr15,95796558,95797013,1.97
chr15,98055276,98055996,3.77
chr15,100066569,100067167,4.25
chr15,100659997,100660451,1.52
chr15,100909223,100909699,1.13
chr15,101100724,101101183,1.48
chr16,81541,81998,4.31
chr16,321013,321464,2.58
chr16,579227,579699,4.58
chr16,746012,746541,2.82
chr16,1592414,1592878,3.04
chr16,3469030,3469525,2.42
chr16,3944389,3944861,2.53
chr16,5488344,5488925,4.54
chr16,5723177,5723678,4.60
chr16,6636560,6637013,1.06
chr16,6779565,6780117,6.29
chr16,7229434,7229901,2.05
chr16,8564641,8565101,2.71
chr16,13198002,13198480,3.93
chr16,25071967,25072456,1.07
chr16,27294156,27294610,7.07
chr16,27841890,27842360,1.00
chr16,28852784,28853248,4.06
chr16,30153102,30153637,1.05
chr16,34166060,34166632,2.39
chr16,48917426,48917883,6.25
chr16,52115401,52115854,1.00
chr16,56568001,56568457,1.27
chr16,57693534,57693998,1.00
chr16,57728909,57729361,3.88
chr16,57745094,57745544,3.79
chr16,58331518,58331988,3.03
chr16,58766806,58767262,2.87
chr16,59003774,59004299,4.31
chr16,59774253,59774877,6.57
chr16,60028518,60029034,3.32
chr16,60647398,60647854,3.30
chr16,75061254,75061731,1.00
chr16,80980030,80980722,1.07
chr16,82130387,82131021,3.89
chr16,83764420,83764890,1.07
chr16,86419145,86419611,3.08
chr16,86430934,86431388,3.95
chr16,87671396,87671848,2.01
chr16,87989424,87989883,2.13
chr16,88000433,88001515,1.93
chr16,88141330,88141795,1.24
chr16,88276699,88277154,4.77
chr16,88279145,88279977,5.98
chr16,88324927,88325386,2.65
chr16,88366339,88366844,2.85
chr16,88741523,88742103,2.17
chr16,89016625,89017089,3.13
chr16,89160173,89160665,2.10
chr16,89398126,89398587,3.47
chr16,89652052,89652529,3.02
chr16,89732488,89733119,1.00
chr16,89745188,89745702,1.72
chr16,89848678,89849210,1.31
chr16,89982224,89982707,3.83
chr16,90003199,90003709,1.82
chr17,417614,418082,3.42
chr17,509216,509683,2.03
chr17,552733,553263,2.02
chr17,643477,643929,3.66
chr17,841309,841786,5.24
chr17,913943,914478,1.22
chr17,1053116,1053602,0.49
chr17,1550805,1551258,1.93
chr17,2052237,2053267,1.10
chr17,2153551,2154028,2.19
chr17,3013932,3014391,1.34
chr17,3306554,3307031,3.14
chr17,4458229,4458707,3.85
chr17,5240767,5241249,8.38
chr17,8245624,8246161,2.99
chr17,8480876,8481345,1.16
chr17,11694532,11695078,2.46
chr17,12913444,12913898,2.72
chr17,17307273,17307789,1.34
chr17,28371375,28371852,3.57
chr17,31771531,31772033,1.42
chr17,32091920,32092378,1.69
chr17,33150486,33151067,3.01
chr17,34838153,34838692,1.21
chr17,41184343,41184800,1.00
chr17,41630576,41631108,1.30
chr17,42966967,42967549,2.32
chr17,54138816,54139267,3.67
chr17,54337167,54337668,2.75
chr17,57053282,57053752,3.52
chr17,57153994,57154485,1.00
chr17,58726254,58726808,4.31
chr17,63501090,63501671,3.90
chr17,66561874,66562384,3.22
chr17,67026285,67026739,2.45
chr17,71928324,71928796,3.91
chr17,73192628,73193130,1.62
chr17,74396776,74397310,1.21
chr17,75043987,75044704,2.67
chr17,75802830,75803326,2.69
chr17,78474701,78475175,4.62
chr17,79008975,79009428,3.48
chr17,80257413,80257884,2.23
chr17,80260371,80261017,3.37
chr17,81143270,81143741,1.33
chr17,81488176,81488631,4.78
chr17,82148129,82148741,2.01
chr17,82151050,82151535,3.14
chr17,82160127,82160579,1.00
chr17,82227369,82227835,1.11
chr17,82388592,82389043,1.26
chr17,82984210,82984680,2.17
chr17,83134394,83134845,2.43
chr18,393153,393606,2.04
chr18,1219188,1219643,1.00
chr18,1720076,1720560,1.38
chr18,1854555,1855077,1.00
chr18,2997178,2997659,1.00
chr18,5306647,5307531,1.00
chr18,9923053,9923548,1.00
chr18,10757246,10757724,1.00
chr18,11826036,11826532,1.39
chr18,13676107,13676647,4.56
chr18,13887113,13887617,1.07
chr18,26465801,26466280,1.23
chr18,26593290,26593747,4.54
chr18,29783799,29784321,1.76
chr18,39323628,39324102,1.00
chr18,41348746,41349274,1.00
chr18,44544036,44544494,4.02
chr18,57787200,57787652,2.47
chr18,58459907,58460377,3.82
chr18,59233999,59234708,1.42
chr18,60634988,60635464,2.29
chr18,62039283,62039780,2.05
chr18,62580317,62580893,1.71
chr18,66804124,66804575,2.71
chr18,66871344,66871832,3.94
chr18,68096145,68096635,4.50
chr18,68279884,68280412,2.08
chr18,68856905,68857371,2.15
chr18,69434307,69434840,1.09
chr18,69616206,69616687,3.56
chr18,75012075,75012591,4.60
chr18,75067209,75067695,1.67
chr18,75067824,75068274,1.24
chr18,76423683,76424145,6.15
chr18,76466951,76467513,1.84
chr18,76585189,76586130,3.89
chr18,77373179,77373779,1.35
chr18,78851152,78851630,6.26
chr18,79245991,79246488,2.26
chr18,79327256,79327748,1.11
chr18,79408792,79409392,1.00
chr18,79739576,79740306,1.63
chr18,79888170,79888687,1.00
chr18,79919333,79919999,2.14
chr18,79920973,79921450,1.15
chr19,311772,312229,1.35
chr19,351030,351484,1.43
chr19,393819,394293,2.78
chr19,421823,422274,1.64
chr19,468604,469084,3.14
chr19,480719,481170,9.27
chr19,2772557,2773080,2.76
chr19,3866188,3866649,1.00
chr19,4210365,4210822,3.17
chr19,6948745,6949211,3.28
chr19,6991888,6992346,1.00
chr19,10087783,10088487,2.70
chr19,14377133,14377600,2.02
chr19,15673782,15674318,1.16
chr19,15676182,15676796,1.18
chr19,20624127,20624694,3.45
chr19,21973784,21974268,3.36
chr19,23585947,23586505,1.20
chr19,29390338,29390791,1.00
chr19,29909824,29910392,1.34
chr19,35045450,35045919,2.62
chr19,38902284,38902766,1.52
chr19,43788042,43788538,3.44
chr19,45023715,45024207,1.23
chr19,46452644,46453371,0.88
chr19,47490251,47490707,2.90
chr19,48334232,48334684,2.18
chr19,49875093,49875565,2.57
chr19,51180630,51181096,1.00
chr19,52613480,52613964,2.18
chr19,52687176,52687640,3.64
chr19,55530506,55530980,2.72
chr19,55861960,55862464,6.07
chr19,56079717,56080255,2.12
chr19,56176409,56176859,1.90
chr20,709559,710052,2.74
chr20,1019544,1020063,2.44
chr20,1995106,1995574,1.09
chr20,2240844,2241327,1.87
chr20,2969362,2969874,2.50
chr20,3257776,3258311,2.21
chr20,8570325,8570811,1.86
chr20,13358478,13358944,3.26
chr20,14702364,14702850,3.17
chr20,16501060,16501538,3.19
chr20,17303295,17303747,1.00
chr20,17468044,17468498,4.39
chr20,18111790,18112252,2.84
chr20,18776342,18776968,1.00
chr20,21120129,21120615,2.14
chr20,24681867,24682325,3.89
chr20,24982034,24982491,1.03
chr20,33093345,33093848,2.76
chr20,35960533,35960983,3.02
chr20,42633784,42634259,4.52
chr20,49834169,49834631,2.47
chr20,50300901,50301398,2.45
chr20,52553930,52554444,5.00
chr20,55347094,55347572,1.00
chr20,55625024,55625475,9.73
chr20,55627954,55628406,3.39
chr20,57190156,57190628,1.26
chr20,60087240,60087781,2.35
chr20,61102216,61102672,0.66
chr20,61201725,61202324,5.85
chr20,61309156,61309607,1.00
chr20,61675089,61675541,4.74
chr20,61784397,61784859,5.10
chr20,61856392,61856843,3.51
chr20,63731257,63731761,4.58
chr20,63776847,63777337,2.46
chr20,63849625,63850076,3.64
chr21,13506734,13507234,3.99
chr21,14087894,14088512,1.58
chr21,16359519,16359980,4.64
chr21,16730204,16731282,3.39
chr21,19772976,19773428,3.23
chr21,23120748,23121210,2.32
chr21,23349826,23350286,5.27
chr21,23456426,23457145,1.33
chr21,24016138,24016610,3.47
chr21,26639531,26640000,3.75
chr21,35630344,35630798,5.25
chr21,36215580,36216278,1.00
chr21,38215723,38216295,1.36
chr21,39135897,39136379,1.09
chr21,41806322,41806883,3.20
chr21,41890907,41891397,3.15
chr21,42131179,42131794,3.66
chr21,42714455,42714991,1.21
chr21,42839785,42840244,1.26
chr21,44409353,44410102,4.40
chr21,44733151,44733741,2.05
chr21,44763480,44764071,2.35
chr21,44981332,44982016,4.55
chr21,45028504,45028976,2.53
chr21,45108516,45108980,1.00
chr21,45486009,45486478,4.65
chr21,45501737,45502268,3.33
chr21,45510754,45511211,3.62
chr21,45606748,45607218,2.89
chr21,45886400,45886852,2.35
chr21,45902053,45902513,4.04
chr21,46041531,46042027,1.11
chr21,46111386,46111910,1.40
chr22,11953803,11954261,7.42
chr22,12531601,12532170,4.24
chr22,15765187,15765756,3.63
chr22,17184692,17185148,4.32
chr22,19136039,19136518,2.56
chr22,19551073,19551553,2.85
chr22,19959599,19960066,2.53
chr22,24605766,24606234,1.54
chr22,26495348,26495884,2.49
chr22,29239673,29240125,3.36
chr22,29299760,29300230,1.00
chr22,31812335,31813051,2.11
chr22,33344514,33344994,2.81
chr22,33673618,33674139,2.75
chr22,33680177,33680710,2.82
chr22,36730828,36731400,1.00
chr22,39357399,39357861,1.59
chr22,43281003,43281497,1.50
chr22,44660926,44661392,1.00
chr22,44813158,44813629,3.54
chr22,45568215,45568858,3.23
chr22,45587076,45587590,1.00
chr22,45952932,45953423,2.12
chr22,46567010,46567610,4.83
chr22,46605783,46606374,1.67
chr22,46621413,46621885,2.21
chr22,46630649,46631102,4.31
chr22,46687075,46687538,3.84
chr22,46967590,46968058,2.74
chr22,47210909,47211465,1.00
chr22,47260618,47261090,2.89
chr22,47520289,47520773,4.15
chr22,48320060,48320510,1.82
chr22,48337094,48337565,1.14
chr22,48916420,48916933,1.46
chr22,49354700,49355157,1.00
chr22,49407241,49407709,5.79
chr22,49433128,49433650,1.54
chr22,49856452,49856947,1.45
chrX,3487071,3487525,2.27
chrX,4442654,4443141,5.72
chrX,4858535,4858997,2.62
chrX,5302587,5303182,7.75
chrX,7622492,7622947,2.13
chrX,8725351,8725853,3.17
chrX,19467494,19467956,1.13
chrX,29802980,29803510,2.42
chrX,30267476,30267948,2.40
chrX,31421690,31422162,2.11
chrX,41440679,41441169,9.89
chrX,44552298,44552835,2.61
chrX,44600684,44601158,3.65
chrX,45136343,45136803,3.06
chrX,45721006,45721462,1.00
chrX,45736440,45736905,1.99
chrX,55212320,55212784,1.41
chrX,76310477,76311017,3.81
chrX,76972623,76973100,2.68
chrX,82072820,82073281,3.49
chrX,84874551,84875180,1.52
chrX,87233813,87234289,7.20
chrX,98116065,98116597,1.00
chrX,115403120,115403632,6.56
chrX,115404212,115404804,2.92
chrX,115509430,115509896,1.38
chrX,117388493,117388971,1.00
chrX,118494696,118495167,1.35
chrX,120463531,120464157,2.23
chrX,121347456,121347973,2.36
chrX,122465667,122466134,1.00
chrX,124471167,124471618,3.80
chrX,129383904,129384360,3.77
chrX,130530310,130530790,1.15
chrX,135386068,135386524,3.05
chrX,139503424,139503884,4.79
chrX,139504200,139504670,2.54
chrX,142485381,142485935,1.00
chrX,144476897,144477353,3.60
chrX,147602824,147603320,4.49
chrX,147842172,147842681,2.27
chrX,148546939,148547416,1.00
chrX,151134790,151135274,1.00
chrX,153026473,153027089,2.86
chrX,154519522,154520020,1.73
