chr1,1247854,1248517,45.74
chr1,1651221,1651674,83.30
chr1,1717404,1717855,72.47
chr1,2261845,2262315,53.56
chr1,2436205,2436748,22.41
chr1,3001832,3002312,24.79
chr1,3287365,3287862,47.05
chr1,3300147,3300608,50.63
chr1,3929488,3930170,41.98
chr1,4099655,4100137,84.14
chr1,4381192,4381642,58.20
chr1,4427862,4428362,71.63
chr1,4616236,4616781,33.06
chr1,5303799,5304301,50.59
chr1,7115341,7115840,76.04
chr1,7829712,7830166,68.66
chr1,9123042,9123518,54.29
chr1,10274473,10274959,86.71
chr1,13604950,13605412,63.38
chr1,17358069,17358791,40.05
chr1,21817927,21818460,41.85
chr1,21959636,21960086,55.43
chr1,22659085,22659539,46.69
chr1,24211728,24212185,80.27
chr1,34102373,34102868,50.52
chr1,36283416,36283868,85.31
chr1,40558380,40558899,57.94
chr1,41635341,41635825,94.68
chr1,42277306,42278021,29.83
chr1,45768733,45769186,31.72
chr1,52802991,52803465,53.70
chr1,55508849,55509330,80.01
chr1,58729067,58729527,116.10
chr1,58980908,58981456,67.39
chr1,76646255,76646777,76.38
chr1,77475182,77475745,66.16
chr1,78532210,78532672,74.32
chr1,80329065,80329541,70.99
chr1,89354333,89354857,57.95
chr1,101553153,101553623,81.66
chr1,102645233,102645700,52.52
chr1,109054897,109055628,80.50
chr1,110569427,110569917,78.64
chr1,110773596,110774095,56.92
chr1,111295385,111295847,75.05
chr1,111529694,111530221,66.03
chr1,118401172,118401654,61.94
chr1,150367155,150367613,76.62
chr1,153243146,153243637,46.89
chr1,156836532,156836984,44.05
chr1,158881699,158882155,87.01
chr1,160984850,160985561,54.83
chr1,165582724,165583310,96.68
chr1,165761772,165762452,48.65
chr1,166077649,166078173,59.10
chr1,169502476,169502977,67.71
chr1,169671131,169671627,65.86
chr1,171096253,171096703,33.78
chr1,175426602,175427072,71.75
chr1,176300682,176301140,88.99
chr1,178695576,178696030,141.83
chr1,180214496,180215215,31.91
chr1,182720786,182721284,147.53
chr1,183149239,183149728,57.87
chr1,186326815,186327289,79.65
chr1,186795180,186796075,49.37
chr1,188238589,188239159,62.62
chr1,190628641,190629105,72.34
chr1,194098731,194099470,76.75
chr1,195571783,195572252,64.26
chr1,199478311,199478879,69.38
chr1,204876823,204877281,63.55
chr1,205981240,205981710,86.12
chr1,208642723,208643182,54.15
chr1,220444601,220445051,58.28
chr1,225574413,225575131,37.64
chr1,231733508,231733962,39.63
chr1,233339041,233339492,54.45
chr1,233594313,233594816,86.35
chr1,233729209,233729939,31.98
chr1,235294205,235294760,59.63
chr1,236038470,236039040,62.00
chr1,237578488,237578951,53.08
chr1,242143950,242144425,51.31
chr1,245270059,245270529,63.94
chr1,246251199,246251661,55.41
chr1,246275783,246276595,72.16
chr1,246395404,246395860,66.37
chr1,247327562,247328041,52.07
chr1,247373256,247373851,26.23
chr1,247406028,247406658,29.76
chr1,247433723,247434247,43.97
chr1,248187489,248187955,48.51
chr1,248671351,248671904,50.95
chr2,5474477,5474942,23.15
chr2,6253102,6253704,53.71
chr2,7767510,7767980,39.38
chr2,8860024,8860495,71.54
chr2,10291161,10291669,93.94
chr2,11091858,11092332,55.67
chr2,11617936,11618400,32.08
chr2,11853860,11854433,27.40
chr2,13925641,13926116,77.20
chr2,14054672,14055139,71.95
chr2,15787555,15788011,63.13
chr2,18755230,18755682,38.06
chr2,21527969,21528427,61.99
chr2,25004551,25005266,39.26
chr2,25380560,25381034,57.53
chr2,26654940,26655468,59.62
chr2,27101185,27101636,40.06
chr2,28458168,28459057,46.21
chr2,29005431,29005900,63.86
chr2,34603562,34604221,46.45
chr2,35453578,35454038,110.34
chr2,36181840,36182311,117.81
chr2,37031689,37032149,77.23
chr2,37519403,37520005,55.68
chr2,38402379,38402841,57.21
chr2,39185194,39185644,53.35
chr2,51716179,51716649,72.34
chr2,53598383,53598855,41.37
chr2,56265178,56265637,82.86
chr2,56519373,56519857,76.47
chr2,57435068,57435548,78.85
chr2,61848662,61849166,79.02
chr2,64253267,64253731,36.62
chr2,71691276,71691767,37.95
chr2,75823063,75823547,92.58
chr2,76121346,76121797,77.10
chr2,78593005,78593545,42.80
chr2,80075466,80075930,88.58
chr2,80372930,80373382,72.71
chr2,82134976,82135432,81.15
chr2,83172107,83172558,87.53
chr2,85008034,85008576,98.14
chr2,89787961,89788436,145.57
chr2,96084918,96085449,36.47
chr2,100445152,100445614,70.71
chr2,106273848,106274338,31.65
chr2,111780661,111781136,90.62
chr2,112346784,112347244,50.60
chr2,114478663,114479165,82.27
chr2,114773119,114773582,78.72
chr2,116837027,116837635,79.56
chr2,117853808,117854259,55.94
chr2,118867028,118867492,80.35
chr2,121115836,121116294,51.82
chr2,125106169,125106635,87.03
chr2,129735304,129735755,44.46
chr2,131424901,131425418,41.42
chr2,133788506,133788985,65.98
chr2,134007825,134008285,32.67
chr2,139229709,139230229,64.96
chr2,154938272,154938740,22.26
chr2,160089558,160090086,61.13
chr2,164149936,164150390,58.14
chr2,166693510,166693985,63.70
chr2,167563353,167563873,23.24
chr2,168388563,168389049,86.10
chr2,175237735,175238188,71.06
chr2,175325190,175325731,54.93
chr2,177351171,177351696,43.85
chr2,179557323,179557809,79.45
chr2,180700975,180701427,56.03
chr2,181288396,181288955,87.77
chr2,182626564,182627014,101.61
chr2,183682029,183682546,89.33
chr2,188789113,188789573,121.09
chr2,188980153,188980605,100.68
chr2,191742043,191742493,27.31
chr2,192682016,192682468,83.38
chr2,193808185,193808669,89.15
chr2,194703157,194704143,36.06
chr2,194977813,194978280,55.12
chr2,201685008,201685477,46.40
chr2,205057120,205057586,95.06
chr2,207476019,207476469,52.47
chr2,211058773,211059281,78.02
chr2,213913373,213913839,72.73
chr2,213979998,213980614,61.17
chr2,220953726,220954191,64.85
chr2,221366169,221366625,59.81
chr2,228263907,228264423,20.15
chr2,229183813,229184282,59.34
chr2,231249601,231250149,39.06
chr2,231578868,231579535,36.14
chr2,233432007,233432541,65.35
chr2,233790260,233790874,27.30
chr2,236910231,236910681,82.46
chr2,237647463,237647926,44.68
chr2,238110403,238110853,44.63
chr2,239119711,239120182,30.03
chr2,240181317,240181771,59.78
chr2,240892369,240892823,23.74
chr3,134103,134727,52.68
chr3,1638713,1639309,43.04
chr3,2389062,2389523,54.14
chr3,3789594,3790292,61.25
chr3,5233943,5234513,49.82
chr3,8307555,8308027,68.92
chr3,8411514,8412064,95.64
chr3,11292345,11292957,28.81
chr3,11604850,11605496,34.53
chr3,14154595,14155073,74.08
chr3,16117409,16117930,65.52
chr3,20855131,20855614,74.97
chr3,22379053,22379541,49.12
chr3,25130694,25131162,78.25
chr3,31814938,31815396,45.19
chr3,32160066,32160797,29.82
chr3,34518959,34519441,58.57
chr3,38326652,38327119,59.30
chr3,40090967,40091533,52.02
chr3,45031603,45032074,59.48
chr3,48561433,48561924,41.74
chr3,53034948,53035459,48.38
chr3,59791776,59792242,57.92
chr3,75689602,75690112,147.33
chr3,75996520,75996989,66.41
chr3,76439040,76439561,66.29
chr3,78842118,78842639,77.49
chr3,82464541,82465017,68.12
chr3,82465529,82465989,105.81
chr3,82641929,82642520,54.39
chr3,82907930,82908568,38.85
chr3,83495508,83495960,87.17
chr3,86286740,86287196,71.03
chr3,105280577,105281101,58.00
chr3,106511991,106512478,146.04
chr3,107446310,107446798,76.90
chr3,109861760,109862288,71.62
chr3,114303305,114303799,90.67
chr3,124779894,124780371,28.17
chr3,126475905,126476385,28.45
chr3,128544172,128544778,67.34
chr3,129465424,129466134,33.70
chr3,139706826,139707284,59.13
chr3,140419509,140419995,20.86
chr3,141771209,141771694,55.87
chr3,143448704,143449740,30.00
chr3,144238290,144238756,54.28
chr3,144389765,144390273,76.54
chr3,153301054,153301530,50.18
chr3,160684364,160684945,60.76
chr3,165092622,165093093,53.42
chr3,171316702,171317164,78.08
chr3,173550429,173550887,83.74
chr3,176181224,176181722,71.27
chr3,176361535,176362018,48.40
chr3,177224928,177225393,66.54
chr3,179900987,179901439,76.93
chr3,181288199,181288670,61.44
chr3,184414414,184414938,43.29
chr3,186631134,186631615,63.18
chr3,187085486,187085967,46.02
chr3,189546110,189546580,97.72
chr3,194152171,194152638,49.90
chr3,194663156,194663948,26.98
chr3,194736211,194736663,36.73
chr3,196103428,196103933,34.26
chr3,196663030,196663483,69.91
chr3,197576761,197577230,59.28
chr3,197589728,197590204,69.38
chr4,270621,271187,71.09
chr4,707296,707947,35.74
chr4,1240040,1240495,47.10
chr4,1324444,1324938,53.80
chr4,1379565,1380075,28.25
chr4,1555577,1556130,38.58
chr4,1599026,1599492,37.61
chr4,2429840,2430303,46.94
chr4,2960689,2961158,55.69
chr4,3440432,3440974,23.05
chr4,3522345,3522843,28.40
chr4,3859328,3859793,53.07
chr4,4068643,4069231,113.05
chr4,7230423,7230888,94.09
chr4,7255675,7256159,37.21
chr4,7522496,7523140,26.74
chr4,7766330,7766800,37.38
chr4,8184664,8185114,55.67
chr4,8759169,8759643,39.31
chr4,9473314,9474222,57.95
chr4,9493115,9493595,40.56
chr4,14914367,14914864,94.44
chr4,18752752,18753371,52.97
chr4,20472047,20472839,76.31
chr4,21519296,21519786,87.71
chr4,25249224,25249692,33.38
chr4,29264409,29264899,84.98
chr4,32829520,32830060,50.34
chr4,34902290,34902741,93.33
chr4,35217914,35218398,78.86
chr4,37036970,37037439,83.49
chr4,43026240,43026700,57.85
chr4,44016575,44017176,46.75
chr4,45026043,45026567,76.53
chr4,48104076,48104741,58.39
chr4,54549916,54550416,63.65
chr4,57856382,57856930,58.16
chr4,61632934,61633888,42.81
chr4,63202439,63203000,104.59
chr4,63849667,63850131,58.74
chr4,64868319,64868871,93.49
chr4,64906185,64906640,95.76
chr4,65531247,65531704,68.70
chr4,70517621,70518108,92.13
chr4,71346185,71346646,92.04
chr4,73446387,73446851,71.23
chr4,73835779,73836298,48.90
chr4,76149970,76150479,73.36
chr4,79558350,79558834,43.20
chr4,80800253,80800705,49.00
chr4,81902418,81902934,66.10
chr4,90648313,90648769,81.98
chr4,93244289,93244799,75.17
chr4,93517730,93518226,88.32
chr4,96374300,96374782,81.73
chr4,107165493,107165950,79.23
chr4,109220901,109221360,96.65
chr4,115095929,115096415,73.90
chr4,116615277,116615749,57.67
chr4,117739877,117740370,100.40
chr4,129221848,129222475,88.37
chr4,130689837,130690405,83.35
chr4,134668626,134669104,62.28
chr4,135007634,135008144,81.30
chr4,139026660,139027379,39.50
chr4,142245680,142246176,68.27
chr4,142581266,142581762,72.87
chr4,143852301,143852781,81.27
chr4,147350337,147350799,56.20
chr4,147441542,147442001,70.11
chr4,148507625,148508155,102.70
chr4,152728122,152728576,52.82
chr4,155489661,155490124,71.85
chr4,159748862,159749376,43.66
chr4,162292995,162293491,68.83
chr4,163496601,163497055,64.14
chr4,163594895,163595438,50.89
chr4,164458701,164459161,59.89
chr4,167450981,167451465,75.58
chr4,168692903,168693419,77.60
chr4,169783232,169783707,60.52
chr4,170370729,170371194,67.80
chr4,174265036,174265498,92.68
chr4,175434815,175435375,47.65
chr4,177414577,177415114,51.92
chr4,179678821,179679305,85.50
chr4,179878335,179879067,38.79
chr4,181855794,181856274,59.46
chr4,182013755,182014231,94.05
chr4,182114072,182114527,96.88
chr4,183382338,183383059,34.35
chr4,183464052,183464514,47.81
chr4,183857049,183857500,47.40
chr4,184962196,184962704,54.51
chr4,185221764,185222266,59.53
chr4,186034172,186034662,74.05
chr4,186238662,186239133,67.36
chr4,186371946,186372449,88.83
chr4,186476343,186476799,56.50
chr4,187764218,187764822,35.79
chr4,187933277,187933735,54.52
chr4,188973391,188973997,36.56
chr4,189117140,189117643,45.06
chr4,189129717,189130263,70.33
chr4,189307273,189307950,53.89
chr5,196437,196921,24.40
chr5,500428,500904,23.13
chr5,641940,642454,37.96
chr5,774508,774968,84.85
chr5,1284239,1284699,81.60
chr5,1950698,1951541,33.09
chr5,1994147,1994611,72.68
chr5,2512088,2512623,41.82
chr5,2594153,2594633,45.12
chr5,2784269,2784780,52.80
chr5,3015234,3015716,58.20
chr5,3078327,3078811,39.85
chr5,3202294,3202757,68.36
chr5,3637557,3638056,48.06
chr5,4578838,4579459,62.61
chr5,4815877,4816422,74.12
chr5,4843635,4844089,86.06
chr5,9162264,9162772,67.95
chr5,11120347,11120859,86.65
chr5,12426418,12426962,91.81
chr5,12435340,12435797,82.20
chr5,16525057,16525510,44.19
chr5,16624076,16624530,45.34
chr5,19220992,19221446,33.60
chr5,19466047,19466509,61.01
chr5,19849399,19849887,78.10
chr5,20557645,20558183,65.71
chr5,20647967,20648429,45.66
chr5,37583317,37583780,63.30
chr5,41411675,41412161,92.66
chr5,44162213,44162691,70.70
chr5,53172111,53172573,71.06
chr5,58981250,58981702,85.85
chr5,59171774,59172284,70.69
chr5,59200398,59200892,116.06
chr5,61281992,61282502,57.44
chr5,64436610,64437084,81.35
chr5,74110961,74111503,77.10
chr5,78429842,78430413,134.71
chr5,78592421,78592933,58.68
chr5,84890121,84890575,71.86
chr5,85856292,85856765,60.14
chr5,86920991,86921447,105.56
chr5,95312965,95313456,73.31
chr5,96982695,96983167,87.62
chr5,96989115,96989613,89.49
chr5,97282061,97282553,90.17
chr5,99426548,99427000,59.57
chr5,100137125,100137604,86.57
chr5,100338907,100339380,103.72
chr5,100492905,100493411,112.19
chr5,103579738,103580192,113.51
chr5,105750569,105751053,73.95
chr5,107848033,107848536,99.20
chr5,115654680,115655153,43.65
chr5,115928700,115929156,60.85
chr5,116129206,116129822,97.10
chr5,120633510,120633980,71.73
chr5,121599485,121599943,78.98
chr5,121924173,121924647,80.43
chr5,123622404,123622896,71.59
chr5,125148446,125148898,75.20
chr5,128991898,128992384,66.28
chr5,129407687,129408180,57.99
chr5,131784811,131785313,61.42
chr5,139398561,139399255,31.51
chr5,143284751,143285216,68.28
chr5,144615230,144615701,50.29
chr5,149197790,149198253,47.25
chr5,166866924,166867516,42.84
chr5,167047217,167047699,73.74
chr5,168185722,168186172,64.09
chr5,172189613,172190069,51.00
chr5,172484882,172485368,54.07
chr5,175788437,175788914,64.25
chr5,176859553,176860013,36.07
chr5,178486849,178487332,57.01
chr5,179174580,179175048,77.59
chr5,179849666,179850116,75.91
chr5,180095940,180096511,31.73
chr5,180296553,180297055,27.59
chr5,180639051,180639579,34.75
chr5,181091401,181091867,66.90
chr5,181139087,181139638,60.29
chr6,229437,229929,72.85
chr6,676596,677320,45.40
chr6,909254,909734,54.54
chr6,1533756,1534256,62.41
chr6,1534641,1535091,94.94
chr6,1827128,1827606,84.52
chr6,2605086,2605546,55.12
chr6,3093767,3094291,66.92
chr6,3146377,3146961,57.47
chr6,5134717,5135173,55.04
chr6,9025296,9025747,58.11
chr6,9145865,9146321,70.59
chr6,11801079,11801529,78.73
chr6,13230953,13231432,47.66
chr6,26276347,26276838,76.78
chr6,40134064,40134534,27.94
chr6,47382359,47382878,80.99
chr6,49897963,49898434,67.54
chr6,54851745,54852286,50.40
chr6,55542929,55543576,52.44
chr6,60699940,60700398,72.43
chr6,61954440,61954954,72.77
chr6,64304306,64304798,72.92
chr6,67117953,67118433,72.12
chr6,67232552,67233107,140.36
chr6,67694762,67695238,66.48
chr6,70187205,70187793,45.40
chr6,71645309,71645783,43.07
chr6,71875563,71876041,90.98
chr6,76556536,76557029,81.24
chr6,80760782,80761266,83.36
chr6,81857261,81857724,68.34
chr6,82384706,82385158,85.29
chr6,86851845,86852326,88.17
chr6,87750790,87751240,54.54
chr6,92098076,92098802,39.38
chr6,93834576,93835040,39.12
chr6,101761635,101762138,31.79
chr6,103676791,103677269,49.21
chr6,103679460,103679984,69.93
chr6,120310042,120310526,68.44
chr6,122815235,122815691,72.59
chr6,123976112,123976604,46.01
chr6,130261001,130261523,52.31
chr6,133833208,133833736,74.13
chr6,134475610,134476130,61.77
chr6,134907804,134908270,45.68
chr6,141432161,141432627,72.95
chr6,142004230,142004764,134.35
chr6,150372505,150372971,38.91
chr6,153611166,153611725,74.98
chr6,154357431,154358063,62.90
chr6,158571165,158571631,41.06
chr6,158704846,158705668,32.91
chr6,159283193,159283645,109.58
chr6,160840569,160841038,77.52
chr6,161090407,161090997,43.04
chr6,161552195,161552657,49.05
chr6,161645730,161646328,63.69
chr6,161895266,161895886,37.76
chr6,163300710,163301209,33.25
chr6,163322727,163323200,36.91
chr6,163613721,163614178,70.71
chr6,167103866,167104360,58.90
chr6,167318254,167318720,54.27
chr6,167551991,167552445,34.46
chr6,168086337,168086802,43.17
chr6,168283770,168284237,33.68
chr6,168295770,168296307,43.50
chr6,168742732,168743362,29.65
chr6,169025000,169025522,24.95
chr6,169262792,169263361,37.59
chr6,169325492,169325976,30.42
chr6,169373734,169374196,61.31
chr6,169644516,169645257,124.93
chr6,169967050,169967798,31.23
chr6,169988278,169988799,29.58
chr6,170039365,170039875,34.00
chr6,170168726,170169182,38.33
chr6,170171046,170171706,74.24
chr6,170191542,170192018,48.37
chr7,206995,207579,42.33
chr7,308812,309344,52.82
chr7,350656,351143,157.26
chr7,414927,415384,33.58
chr7,457091,457751,18.04
chr7,599553,600226,38.79
chr7,738846,739384,37.62
chr7,767920,768376,55.75
chr7,1081496,1081953,40.47
chr7,1882707,1883197,32.41
chr7,1904269,1904807,42.46
chr7,1996624,1997113,46.32
chr7,2104438,2104893,48.83
chr7,2132172,2132623,48.30
chr7,2225029,2225489,46.55
chr7,2377265,2377793,221.07
chr7,2378243,2378707,69.31
chr7,2859214,2859763,62.05
chr7,3480154,3480619,62.77
chr7,4139297,4139783,63.79
chr7,5803009,5803656,32.52
chr7,10794930,10795452,62.38
chr7,12888302,12888769,47.10
chr7,13130875,13131333,65.74
chr7,14211934,14212585,50.07
chr7,14379612,14380088,47.63
chr7,14641028,14641488,74.43
chr7,15184614,15185068,50.92
chr7,15354164,15354636,85.51
chr7,19307754,19308220,74.14
chr7,19494894,19495348,88.24
chr7,21210051,21210524,72.77
chr7,22162913,22163421,67.25
chr7,23810222,23810703,87.29
chr7,29540785,29541237,82.64
chr7,30570008,30570474,61.63
chr7,33672201,33672662,61.47
chr7,35682056,35682526,64.85
chr7,39015319,39015773,74.56
chr7,43834667,43835136,68.61
chr7,44870903,44871377,46.92
chr7,47111350,47111918,80.47
chr7,47536066,47536533,50.88
chr7,48039526,48039998,62.09
chr7,52267444,52267896,75.44
chr7,53128130,53128845,34.74
chr7,53635040,53635609,39.76
chr7,56167377,56167831,53.64
chr7,56265500,56265980,55.80
chr7,57490167,57490641,131.41
chr7,57491286,57491863,306.07
chr7,62574452,62575023,74.25
chr7,67594745,67595253,44.93
chr7,70888037,70888489,41.71
chr7,70982605,70983238,42.64
chr7,70983925,70984409,87.58
chr7,75683665,75684124,46.80
chr7,76152365,76152823,83.22
chr7,78234356,78234844,83.94
chr7,79324277,79324740,60.40
chr7,79730247,79730729,74.70
chr7,92917624,92918108,79.41
chr7,93540475,93540988,80.82
chr7,94202160,94202709,93.11
chr7,94839400,94839862,68.62
chr7,99605189,99605751,46.78
chr7,101609483,101609951,37.68
chr7,102369012,102369622,56.50
chr7,105341882,105342341,57.95
chr7,105351648,105352138,40.06
chr7,108177441,108177934,59.84
chr7,108867525,108868313,37.57
chr7,121648507,121648979,95.26
chr7,123042815,123043289,42.45
chr7,123213601,123214158,22.89
chr7,124628472,124628930,77.91
chr7,124659633,124660185,111.69
chr7,126217933,126218438,96.14
chr7,126656944,126657414,80.00
chr7,128603209,128603693,73.85
chr7,137946565,137947066,58.65
chr7,138354940,138355437,52.66
chr7,138718077,138718609,30.49
chr7,145322378,145323077,52.56
chr7,151820285,151820847,29.38
chr7,151841454,151841907,76.09
chr7,152886099,152886573,67.13
chr7,153329179,153329705,47.12
chr7,153367225,153367675,52.27
chr7,153698436,153698909,65.49
chr7,154656633,154657144,30.45
chr7,154661521,154662051,85.72
chr7,154879083,154879803,30.50
chr7,155914083,155914537,35.14
chr7,155932460,155933068,42.38
chr7,155933769,155934410,36.29
chr7,157418717,157419170,34.34
chr7,157430408,157430868,38.79
chr7,157439420,157439875,59.54
chr7,157620889,157621354,45.73
chr7,157941956,157942407,29.67
chr7,157982057,157982509,53.31
chr7,157994522,157995000,36.93
chr7,158123728,158124179,42.85
chr7,158253674,158254370,51.54
chr7,158418321,158418771,84.44
chr7,158796696,158797243,42.60
chr7,158959705,158960165,36.93
chr7,159152046,159152502,60.50
chr7,159161995,159162539,68.35
chr7,159206788,159207283,49.58
chr7,159208486,159209048,46.02
chr8,695292,695857,38.88
chr8,699527,699997,30.43
chr8,1387994,1388446,20.13
chr8,2085996,2086452,20.79
chr8,3190036,3190514,57.56
chr8,3838424,3838910,76.75
chr8,9249261,9249736,52.55
chr8,9830909,9831360,64.55
chr8,10833378,10833906,37.32
chr8,11637352,11637926,31.02
chr8,12182889,12183393,64.55
chr8,12591149,12591617,93.12
chr8,13953545,13954027,60.69
chr8,18593935,18594540,60.63
chr8,19479562,19480031,60.52
chr8,23040206,23040666,87.02
chr8,28278126,28278582,62.44
chr8,34585260,34585742,78.22
chr8,34772405,34772868,68.79
chr8,35089665,35090139,56.11
chr8,38508873,38509332,67.95
chr8,38879551,38880027,88.36
chr8,39044852,39045316,125.30
chr8,40118342,40118832,52.05
chr8,40601382,40601905,57.57
chr8,42327597,42328309,20.00
chr8,46469485,46470218,44.77
chr8,53948332,53948794,111.28
chr8,54494379,54494853,68.80
chr8,55766802,55767304,59.10
chr8,57527180,57527643,57.24
chr8,58163193,58163676,57.63
chr8,62581683,62582171,50.33
chr8,63123601,63124145,57.32
chr8,63856951,63857475,67.33
chr8,64847008,64847730,53.03
chr8,66376884,66377453,65.10
chr8,69445178,69445891,42.67
chr8,69625919,69626436,50.69
chr8,76303420,76303945,80.18
chr8,76565196,76565692,66.19
chr8,81133769,81134463,45.93
chr8,83716558,83717019,79.76
chr8,84287110,84287566,64.64
chr8,89455831,89456393,82.39
chr8,103370471,103371191,26.87
chr8,107361310,107361830,67.31
chr8,107368250,107369050,40.09
chr8,107551152,107551630,74.72
chr8,111541459,111542067,63.63
chr8,115092023,115092477,73.43
chr8,120118681,120119170,74.41
chr8,121716491,121716955,53.21
chr8,127407809,127408343,93.30
chr8,130779508,130779969,77.98
chr8,131553749,131554199,97.51
chr8,134439316,134439788,63.90
chr8,134454921,134455417,48.69
chr8,135834980,135835496,56.86
chr8,137052262,137052758,87.53
chr8,137065539,137066037,95.07
chr8,137235675,137236170,140.40
chr8,137848105,137848829,34.89
chr8,139001627,139002144,43.40
chr8,139872528,139873128,58.35
chr8,140199305,140199769,64.19
chr8,141252912,141253420,67.34
chr8,142226753,142227258,27.62
chr8,142253265,142253726,32.99
chr8,142754568,142755037,48.67
chr8,142791555,142792007,63.40
chr8,143179554,143180024,50.25
chr8,144179720,144180175,39.73
chr8,144281163,144281773,28.07
chr8,144349441,144349908,42.44
chr9,469190,469770,43.17
chr9,3039302,3039782,51.00
chr9,7366899,7367434,55.19
chr9,12962592,12963047,98.78
chr9,19122286,19122782,59.20
chr9,22057761,22058238,57.97
chr9,25776681,25777150,75.40
chr9,26814187,26814670,76.93
chr9,36008772,36009236,52.29
chr9,37918225,37918687,36.77
chr9,38764639,38765106,54.61
chr9,41107228,41107706,104.20
chr9,69088029,69088749,40.39
chr9,71853382,71853835,93.83
chr9,74467465,74467935,79.34
chr9,74558438,74558904,72.18
chr9,80740644,80741124,73.97
chr9,82510227,82510713,61.07
chr9,83230989,83231449,48.92
chr9,88959169,88959669,54.95
chr9,90902995,90903467,53.00
chr9,91583093,91583555,60.84
chr9,92925134,92925588,59.48
chr9,94270593,94271060,62.92
chr9,95593866,95594329,53.32
chr9,97410769,97411281,71.36
chr9,98427500,98427960,49.30
chr9,103173654,103174114,72.55
chr9,104020213,104020668,89.50
chr9,111911705,111912162,58.25
chr9,115095248,115095828,104.30
chr9,116288949,116289421,64.23
chr9,118609062,118609514,72.61
chr9,119594617,119595205,39.27
chr9,121652956,121653416,49.28
chr9,121790731,121791215,32.43
chr9,122531872,122532365,54.49
chr9,124895068,124895615,65.49
chr9,126815103,126815557,78.82
chr9,127464162,127464618,48.63
chr9,128138454,128138934,40.61
chr9,128437614,128438068,45.67
chr9,132269636,132270118,63.14
chr9,132513703,132514313,38.23
chr9,133190131,133190755,40.26
chr9,133305788,133306273,40.23
chr9,133511468,133511927,52.16
chr9,133827042,133827593,20.95
chr9,133828120,133828664,24.50
chr9,134295530,134296011,24.45
chr9,134622368,134622968,27.53
chr9,135280209,135280668,39.35
chr9,135286292,135286755,74.05
chr9,135679755,135680244,25.43
chr9,136307786,136308276,74.90
chr9,137145328,137145787,38.81
chr10,264683,265201,60.74
chr10,417838,418383,17.69
chr10,587889,588427,53.01
chr10,678415,678938,22.43
chr10,723562,724196,35.84
chr10,728799,729275,17.72
chr10,1327593,1328077,56.99
chr10,1489047,1489509,56.79
chr10,1495396,1495903,85.32
chr10,1560272,1560786,37.36
chr10,1773200,1773654,41.54
chr10,2477325,2477792,46.18
chr10,3053305,3053939,28.12
chr10,3215721,3216196,58.45
chr10,3318326,3318793,54.67
chr10,3406808,3407259,42.17
chr10,3458086,3458578,93.23
chr10,4594422,4594930,88.03
chr10,5480753,5481282,36.60
chr10,9396045,9396613,55.87
chr10,9407319,9407773,68.29
chr10,10266918,10267421,61.13
chr10,10938875,10939399,43.17
chr10,15229540,15230087,91.54
chr10,15337274,15337727,51.55
chr10,15490265,15490975,39.80
chr10,18041391,18041855,63.87
chr10,18442726,18443218,56.85
chr10,18560828,18561590,50.84
chr10,19171754,19172221,84.95
chr10,19215516,19216055,57.61
chr10,22663844,22664404,94.85
chr10,31687241,31687703,54.38
chr10,35742679,35743162,56.06
chr10,43708960,43709416,61.88
chr10,44414330,44414784,81.41
chr10,50976960,50977458,74.92
chr10,51553826,51554314,92.71
chr10,52187998,52188466,79.58
chr10,52603930,52604412,74.91
chr10,53326540,53327167,44.68
chr10,53965780,53966268,84.35
chr10,59218474,59218942,81.35
chr10,59681541,59682012,85.03
chr10,59881871,59882509,23.48
chr10,62280804,62281282,41.90
chr10,68827427,68828163,35.05
chr10,70220663,70221147,60.89
chr10,70582795,70583266,42.68
chr10,70918605,70919067,36.61
chr10,71759676,71760154,65.10
chr10,77040944,77041663,34.63
chr10,81593705,81594182,87.10
chr10,81693985,81694499,51.66
chr10,87801283,87801741,102.85
chr10,89788377,89788829,76.24
chr10,102885290,102886029,52.30
chr10,106250536,106251061,68.10
chr10,109822706,109823163,78.96
chr10,110720437,110720890,49.05
chr10,112392133,112392666,34.27
chr10,112439835,112440325,54.99
chr10,116196368,116196849,65.64
chr10,116505597,116506320,31.65
chr10,119287123,119287573,47.14
chr10,122633142,122633607,45.34
chr10,125428085,125428549,47.54
chr10,128382585,128383205,50.65
chr10,130270692,130271148,41.47
chr10,130383722,130384250,39.57
chr10,130784413,130784871,34.10
chr10,131108202,131108665,41.60
chr10,131344111,131344762,32.67
chr10,131363581,131364035,68.58
chr10,131754434,131754918,43.73
chr10,131807580,131808054,73.77
chr10,131918062,131918534,72.71
chr10,132060990,132061465,51.23
chr10,132114989,132115459,59.37
chr10,132190903,132191358,46.74
chr10,132741523,132741978,39.42
chr10,132758043,132758525,29.73
chr10,132771453,132772065,43.34
chr10,132772488,132773097,57.36
chr10,133041604,133042344,27.62
chr10,133053743,133054223,54.49
chr10,133220525,133220989,40.35
chr10,133221631,133222199,21.74
chr10,133369144,133369644,36.63
chr11,223596,224140,33.51
chr11,424832,425407,35.37
chr11,442203,442666,26.99
chr11,468795,469259,52.33
chr11,1155067,1156158,28.24
chr11,1166694,1167269,52.14
chr11,1796518,1797010,55.11
chr11,3103535,3104033,18.49
chr11,5844017,5844488,85.89
chr11,9040306,9040766,84.67
chr11,10353186,10353647,62.17
chr11,13745671,13746160,57.68
chr11,17174092,17174805,43.24
chr11,17924988,17925467,67.37
chr11,20975430,20975916,83.86
chr11,22268974,22269452,61.45
chr11,22986148,22986598,66.60
chr11,23188402,23188865,26.08
chr11,25658280,25658734,80.82
chr11,25901700,25902204,91.77
chr11,26056661,26057138,47.66
chr11,26528928,26529447,71.47
chr11,28688224,28688688,74.11
chr11,32755655,32756415,62.08
chr11,34405536,34405990,68.06
chr11,41286387,41286865,65.06
chr11,41758354,41758864,63.57
chr11,44378853,44379327,37.85
chr11,47865920,47866842,33.44
chr11,48658442,48659053,77.05
chr11,50177090,50177568,68.37
chr11,60823770,60824236,62.14
chr11,64855656,64856152,38.18
chr11,65596634,65597112,40.82
chr11,65839014,65839708,35.94
chr11,68717883,68718341,45.60
chr11,71085889,71086362,39.31
chr11,71137893,71138389,40.07
chr11,81436888,81437402,69.75
chr11,87531562,87532112,51.14
chr11,88188999,88189694,51.90
chr11,91113877,91114329,77.68
chr11,92157905,92158432,34.31
chr11,97260729,97261225,91.56
chr11,97952398,97953070,56.80
chr11,99185624,99186085,96.05
chr11,104407090,104407592,79.19
chr11,106289552,106290056,77.36
chr11,106638057,106638511,77.52
chr11,108964129,108964653,51.94
chr11,116818124,116818735,50.55
chr11,117925802,117926318,34.05
chr11,118875609,118876094,71.64
chr11,119848604,119849292,25.23
chr11,123128158,123128612,54.00
chr11,123681587,123682047,56.00
chr11,129670987,129671486,53.56
chr11,130431259,130431725,35.97
chr11,131873333,131873787,48.32
chr11,134069273,134069725,29.41
chr11,134094415,134094875,83.53
chr11,134523278,134523740,49.26
chr11,134531517,134531989,29.76
chr11,134749742,134750214,50.73
chr12,192600,193062,45.21
chr12,239023,239501,54.51
chr12,1774634,1775167,61.61
chr12,2279980,2280442,75.65
chr12,3555580,3556144,39.98
chr12,3601728,3602193,54.77
chr12,4972856,4973420,30.04
chr12,6465162,6465614,60.88
chr12,7196012,7196469,120.42
chr12,7196804,7197322,129.36
chr12,7436983,7437474,89.18
chr12,8446829,8447312,58.19
chr12,9197467,9197929,71.53
chr12,10525941,10526392,75.29
chr12,14002224,14002732,77.87
chr12,18164258,18164966,43.56
chr12,25450617,25451078,71.70
chr12,30869681,30870158,45.44
chr12,32253919,32254450,62.24
chr12,41363435,41363923,58.17
chr12,43685079,43685559,24.74
chr12,44152026,44152553,38.65
chr12,44797628,44798094,91.72
chr12,45038393,45038875,91.44
chr12,46495715,46496190,88.27
chr12,48056717,48057188,26.55
chr12,49245952,49246427,50.50
chr12,58451889,58452352,79.92
chr12,59572557,59573007,80.67
chr12,59671813,59672304,90.66
chr12,61006895,61007375,87.22
chr12,63948715,63949171,99.11
chr12,69200642,69201099,89.55
chr12,69229008,69229464,73.46
chr12,71135016,71135475,50.58
chr12,71365233,71365744,84.74
chr12,76612224,76612686,78.76
chr12,78293950,78294406,92.79
chr12,79179128,79179693,99.70
chr12,80179953,80180513,71.84
chr12,85759327,85759777,39.21
chr12,87485613,87486123,91.89
chr12,88701445,88701905,25.15
chr12,94176945,94177411,66.65
chr12,95749547,95750200,33.08
chr12,96826980,96827433,61.13
chr12,97621602,97622062,81.78
chr12,102835441,102835987,74.53
chr12,105496907,105497361,45.98
chr12,110507268,110507718,78.96
chr12,114635031,114635524,43.58
chr12,119656929,119657432,56.13
chr12,119951625,119952153,32.57
chr12,123521419,123521893,50.00
chr12,123752884,123753364,50.55
chr12,125534450,125534906,74.84
chr12,129189887,129190344,37.02
chr12,129798496,129798948,59.33
chr12,129924426,129924936,45.36
chr12,130257947,130258406,53.93
chr12,130563801,130564315,47.17
chr12,130657443,130657917,38.01
chr12,131070812,131071292,28.81
chr12,131276851,131277310,44.56
chr12,131332105,131332569,56.65
chr12,131367144,131367649,70.86
chr12,131434088,131434560,29.82
chr12,131631417,131631999,37.57
chr12,132315032,132315485,38.15
chr12,132358607,132359190,40.41
chr12,132496615,132497120,44.91
chr12,132620663,132621124,36.69
chr12,132775923,132776402,45.76
chr12,132873306,132873796,41.71
chr13,19403440,19403894,67.11
chr13,20365102,20365774,26.52
chr13,22899955,22900405,41.42
chr13,27494810,27495270,58.66
chr13,29375315,29375809,61.59
chr13,29389513,29389965,82.88
chr13,30395804,30396312,68.77
chr13,30843875,30844544,44.38
chr13,35762853,35763321,61.47
chr13,37306173,37306685,61.42
chr13,41356173,41356668,76.56
chr13,41427777,41428259,60.38
chr13,42181616,42182268,44.79
chr13,45287603,45288063,61.85
chr13,45377750,45378230,40.80
chr13,45513019,45513469,77.66
chr13,47441359,47441863,74.44
chr13,48731396,48731860,66.40
chr13,48735615,48736124,49.08
chr13,49900352,49900815,66.38
chr13,52707098,52707610,68.24
chr13,53328365,53328839,77.78
chr13,54319266,54319728,73.20
chr13,56777233,56777717,58.96
chr13,57765596,57766116,82.76
chr13,57954592,57955050,63.02
chr13,61441149,61441705,62.21
chr13,62019191,62019656,78.42
chr13,62991965,62992430,45.72
chr13,65296644,65297199,49.17
chr13,67376210,67376662,74.52
chr13,68079773,68080224,51.65
chr13,70160463,70160990,69.72
chr13,70854412,70854866,64.88
chr13,73087940,73088410,84.28
chr13,73574838,73575415,28.10
chr13,76318685,76319176,107.66
chr13,79372670,79373229,55.43
chr13,79391913,79392385,97.90
chr13,81781306,81781761,62.48
chr13,87627555,87628099,78.71
chr13,88719827,88720309,76.43
chr13,92903108,92903565,89.42
chr13,93095464,93095938,54.36
chr13,94429574,94430026,72.81
chr13,94501782,94502442,32.57
chr13,100976523,100977024,62.40
chr13,100986173,100986673,76.89
chr13,102234136,102234688,85.25
chr13,105597669,105598219,38.14
chr13,109560643,109561097,60.29
chr13,110677338,110677911,20.78
chr13,111959858,111960310,80.83
chr13,112148737,112149233,84.33
chr13,112766649,112767208,17.37
chr13,112800859,112801410,66.93
chr13,112844976,112845974,21.02
chr13,112961861,112962321,36.19
chr13,113025037,113025489,16.37
chr13,113215550,113216037,64.92
chr13,113875870,113876542,56.31
chr13,113990784,113991248,37.01
chr13,113998835,113999315,29.78
chr13,114075244,114075698,45.54
chr13,114103976,114104533,21.61
chr13,114139427,114139983,32.75
chr14,21427152,21427646,61.41
chr14,23925143,23925596,44.96
chr14,25867638,25868096,85.64
chr14,30089198,30089696,65.68
chr14,39094029,39094483,64.67
chr14,41132961,41133412,100.31
chr14,41482459,41482925,39.98
chr14,42329980,42330509,60.16
chr14,43080522,43080997,76.28
chr14,43430046,43430529,85.35
chr14,45767091,45767551,53.09
chr14,49820774,49821702,18.80
chr14,55489603,55490053,74.24
chr14,59748908,59749388,74.60
chr14,59908822,59909279,75.79
chr14,63154617,63155311,53.37
chr14,73023051,73023505,81.45
chr14,76286941,76287407,102.10
chr14,76332370,76332832,48.50
chr14,76727138,76727596,61.90
chr14,77783309,77784047,26.84
chr14,78926663,78927160,53.11
chr14,84956659,84957151,72.22
chr14,88796511,88796975,54.63
chr14,90454992,90455470,39.90
chr14,92488218,92488770,33.85
chr14,95927591,95928096,27.64
chr14,96745516,96745988,58.15
chr14,99520241,99520761,26.04
chr14,104165535,104165995,63.90
chr14,104209072,104209557,54.14
chr15,22224193,22224710,40.47
chr15,23862376,23862929,52.39
chr15,24395560,24396054,70.84
chr15,25999818,26000281,35.70
chr15,26822944,26823407,82.81
chr15,27387991,27388559,31.92
chr15,30929517,30929997,78.94
chr15,31510993,31511509,66.81
chr15,32949740,32950266,69.75
chr15,34047971,34048635,51.34
chr15,36662240,36662692,71.01
chr15,45891948,45892439,62.64
chr15,47000463,47000914,70.61
chr15,50495039,50495495,69.43
chr15,55039342,55039800,97.43
chr15,59704462,59704923,74.23
chr15,62378460,62378926,46.75
chr15,64340779,64341504,36.59
chr15,69383127,69383618,56.95
chr15,72275660,72276252,62.07
chr15,72425411,72425885,91.90
chr15,79182473,79182959,48.44
chr15,79677283,79677767,83.38
chr15,79839983,79840439,60.08
chr15,81129556,81130033,73.75
chr15,84918603,84919135,55.28
chr15,85304565,85305067,108.57
chr15,86633599,86634080,84.23
chr15,87034909,87035409,88.94
chr15,87156620,87157434,30.10
chr15,89324834,89325404,32.80
chr15,90819008,90819549,31.29
chr15,92630586,92631055,88.39
chr15,95796558,95797013,40.40
chr15,98055276,98055996,68.70
chr15,100066569,100067167,67.48
chr15,100659997,100660451,37.46
chr15,100909223,100909699,38.24
chr15,101100724,101101183,40.98
chr16,81541,81998,112.52
chr16,321013,321464,44.13
chr16,579227,579699,39.45
chr16,746012,746541,17.07
chr16,1592414,1592878,47.19
chr16,3469030,3469525,45.08
chr16,3944389,3944861,58.73
chr16,5488344,5488925,63.01
chr16,5723177,5723678,62.38
chr16,6636560,6637013,78.17
chr16,6779565,6780117,67.36
chr16,7229434,7229901,48.30
chr16,8564641,8565101,101.71
chr16,13198002,13198480,73.84
chr16,25071967,25072456,67.50
chr16,27294156,27294610,59.85
chr16,27841890,27842360,55.50
chr16,28852784,28853248,39.35
chr16,30153102,30153637,43.47
chr16,34166060,34166632,195.41
chr16,48917426,48917883,157.58
chr16,52115401,52115854,81.42
chr16,56568001,56568457,50.86
chr16,57693534,57693998,68.55
chr16,57728909,57729361,58.44
chr16,57745094,57745544,49.02
chr16,58331518,58331988,54.58
chr16,58766806,58767262,43.93
chr16,59003774,59004299,54.64
chr16,59774253,59774877,91.58
chr16,60028518,60029034,53.14
chr16,60647398,60647854,91.31
chr16,75061254,75061731,75.69
chr16,80980030,80980722,39.77
chr16,82130387,82131021,67.74
chr16,83764420,83764890,46.25
chr16,86419145,86419611,185.53
chr16,86430934,86431388,44.33
chr16,87671396,87671848,25.68
chr16,87989424,87989883,42.02
chr16,88000433,88001515,41.24
chr16,88141330,88141795,42.46
chr16,88276699,88277154,70.82
chr16,88279145,88279977,82.60
chr16,88324927,88325386,40.91
chr16,88366339,88366844,64.60
chr16,88741523,88742103,25.91
chr16,89016625,89017089,42.48
chr16,89160173,89160665,20.16
chr16,89398126,89398587,55.68
chr16,89652052,89652529,38.96
chr16,89732488,89733119,21.76
chr16,89745188,89745702,22.54
chr16,89848678,89849210,31.19
chr16,89982224,89982707,57.95
chr16,90003199,90003709,42.00
chr17,417614,418082,49.69
chr17,509216,509683,58.28
chr17,552733,553263,27.35
chr17,643477,643929,85.43
chr17,841309,841786,132.51
chr17,913943,914478,40.85
chr17,1053116,1053602,31.48
chr17,1550805,1551258,40.93
chr17,2052237,2053267,16.23
chr17,2153551,2154028,49.14
chr17,3013932,3014391,41.05
chr17,3306554,3307031,56.54
chr17,4458229,4458707,49.47
chr17,5240767,5241249,87.93
chr17,8245624,8246161,50.99
chr17,8480876,8481345,39.44
chr17,11694532,11695078,26.08
chr17,12913444,12913898,48.24
chr17,17307273,17307789,44.34
chr17,28371375,28371852,38.34
chr17,31771531,31772033,49.71
chr17,32091920,32092378,45.93
chr17,33150486,33151067,38.33
chr17,34838153,34838692,45.48
chr17,41184343,41184800,49.75
chr17,41630576,41631108,34.28
chr17,42966967,42967549,65.72
chr17,54138816,54139267,61.58
chr17,54337167,54337668,54.32
chr17,57053282,57053752,50.95
chr17,57153994,57154485,60.15
chr17,58726254,58726808,78.64
chr17,63501090,63501671,45.17
chr17,66561874,66562384,74.22
chr17,67026285,67026739,57.24
chr17,71928324,71928796,67.17
chr17,73192628,73193130,26.53
chr17,74396776,74397310,34.92
chr17,75043987,75044704,36.25
chr17,75802830,75803326,51.31
chr17,78474701,78475175,44.51
chr17,79008975,79009428,34.83
chr17,80257413,80257884,42.75
chr17,80260371,80261017,33.77
chr17,81143270,81143741,27.29
chr17,81488176,81488631,45.16
chr17,82148129,82148741,21.88
chr17,82151050,82151535,47.85
chr17,82160127,82160579,44.35
chr17,82227369,82227835,30.01
chr17,82388592,82389043,35.00
chr17,82984210,82984680,40.67
chr17,83134394,83134845,62.50
chr18,393153,393606,66.62
chr18,1219188,1219643,79.91
chr18,1720076,1720560,95.92
chr18,1854555,1855077,57.10
chr18,2997178,2997659,53.77
chr18,5306647,5307531,46.15
chr18,9923053,9923548,84.19
chr18,10757246,10757724,38.55
chr18,11826036,11826532,35.54
chr18,13676107,13676647,87.84
chr18,13887113,13887617,29.58
chr18,26465801,26466280,42.48
chr18,26593290,26593747,56.56
chr18,29783799,29784321,81.12
chr18,39323628,39324102,58.82
chr18,41348746,41349274,69.43
chr18,44544036,44544494,55.90
chr18,57787200,57787652,58.38
chr18,58459907,58460377,46.27
chr18,59233999,59234708,21.65
chr18,60634988,60635464,93.33
chr18,62039283,62039780,53.52
chr18,62580317,62580893,35.00
chr18,66804124,66804575,79.04
chr18,66871344,66871832,80.28
chr18,68096145,68096635,84.46
chr18,68279884,68280412,79.47
chr18,68856905,68857371,81.39
chr18,69434307,69434840,44.52
chr18,69616206,69616687,75.06
chr18,75012075,75012591,78.54
chr18,75067209,75067695,31.92
chr18,75067824,75068274,37.94
chr18,76423683,76424145,85.46
chr18,76466951,76467513,31.57
chr18,76585189,76586130,21.34
chr18,77373179,77373779,39.90
chr18,78851152,78851630,87.99
chr18,79245991,79246488,41.50
chr18,79327256,79327748,44.68
chr18,79408792,79409392,55.98
chr18,79739576,79740306,20.45
chr18,79888170,79888687,33.60
chr18,79919333,79919999,52.39
chr18,79920973,79921450,31.09
chr19,311772,312229,39.13
chr19,351030,351484,73.07
chr19,393819,394293,44.10
chr19,421823,422274,45.06
chr19,468604,469084,41.50
chr19,480719,481170,145.53
chr19,2772557,2773080,51.33
chr19,3866188,3866649,73.34
chr19,4210365,4210822,30.56
chr19,6948745,6949211,72.92
chr19,6991888,6992346,74.10
chr19,10087783,10088487,37.20
chr19,14377133,14377600,49.73
chr19,15673782,15674318,27.90
chr19,15676182,15676796,26.33
chr19,20624127,20624694,74.40
chr19,21973784,21974268,74.13
chr19,23585947,23586505,58.38
chr19,29390338,29390791,50.87
chr19,29909824,29910392,27.14
chr19,35045450,35045919,45.71
chr19,38902284,38902766,44.30
chr19,43788042,43788538,80.66
chr19,45023715,45024207,32.86
chr19,46452644,46453371,46.26
chr19,47490251,47490707,30.58
chr19,48334232,48334684,41.58
chr19,49875093,49875565,41.54
chr19,51180630,51181096,56.92
chr19,52613480,52613964,82.40
chr19,52687176,52687640,49.34
chr19,55530506,55530980,19.01
chr19,55861960,55862464,113.09
chr19,56079717,56080255,36.00
chr19,56176409,56176859,34.51
chr20,709559,710052,30.51
chr20,1019544,1020063,55.19
chr20,1995106,1995574,40.36
chr20,2240844,2241327,51.04
chr20,2969362,2969874,55.22
chr20,3257776,3258311,52.48
chr20,8570325,8570811,60.23
chr20,13358478,13358944,31.17
chr20,14702364,14702850,73.62
chr20,16501060,16501538,83.99
chr20,17303295,17303747,77.56
chr20,17468044,17468498,57.28
chr20,18111790,18112252,64.48
chr20,18776342,18776968,48.42
chr20,21120129,21120615,53.70
chr20,24681867,24682325,47.93
chr20,24982034,24982491,47.69
chr20,33093345,33093848,60.23
chr20,35960533,35960983,47.80
chr20,42633784,42634259,56.75
chr20,49834169,49834631,93.77
chr20,50300901,50301398,68.96
chr20,52553930,52554444,66.60
chr20,55347094,55347572,61.06
chr20,55625024,55625475,87.09
chr20,55627954,55628406,72.02
chr20,57190156,57190628,32.35
chr20,60087240,60087781,44.07
chr20,61102216,61102672,25.87
chr20,61201725,61202324,71.26
chr20,61309156,61309607,43.33
chr20,61675089,61675541,52.02
chr20,61784397,61784859,55.63
chr20,61856392,61856843,31.91
chr20,63731257,63731761,63.69
chr20,63776847,63777337,45.03
chr20,63849625,63850076,48.41
chr21,13506734,13507234,91.67
chr21,14087894,14088512,40.78
chr21,16359519,16359980,60.30
chr21,16730204,16731282,43.01
chr21,19772976,19773428,51.62
chr21,23120748,23121210,71.26
chr21,23349826,23350286,72.25
chr21,23456426,23457145,26.27
chr21,24016138,24016610,73.30
chr21,26639531,26640000,77.49
chr21,35630344,35630798,72.36
chr21,36215580,36216278,38.31
chr21,38215723,38216295,40.94
chr21,39135897,39136379,42.41
chr21,41806322,41806883,70.54
chr21,41890907,41891397,59.01
chr21,42131179,42131794,36.21
chr21,42714455,42714991,37.31
chr21,42839785,42840244,44.41
chr21,44409353,44410102,88.08
chr21,44733151,44733741,33.60
chr21,44763480,44764071,33.69
chr21,44981332,44982016,41.46
chr21,45028504,45028976,40.44
chr21,45108516,45108980,55.29
chr21,45486009,45486478,31.27
chr21,45501737,45502268,27.12
chr21,45510754,45511211,27.57
chr21,45606748,45607218,60.76
chr21,45886400,45886852,49.21
chr21,45902053,45902513,49.69
chr21,46041531,46042027,51.77
chr21,46111386,46111910,23.35
chr22,11953803,11954261,98.66
chr22,12531601,12532170,179.04
chr22,15765187,15765756,126.52
chr22,17184692,17185148,53.09
chr22,19136039,19136518,28.56
chr22,19551073,19551553,56.37
chr22,19959599,19960066,43.71
chr22,24605766,24606234,47.80
chr22,26495348,26495884,42.34
chr22,29239673,29240125,63.49
chr22,29299760,29300230,43.15
chr22,31812335,31813051,29.01
chr22,33344514,33344994,64.65
chr22,33673618,33674139,53.46
chr22,33680177,33680710,63.71
chr22,36730828,36731400,53.83
chr22,39357399,39357861,42.12
chr22,43281003,43281497,14.67
chr22,44660926,44661392,41.41
chr22,44813158,44813629,70.26
chr22,45568215,45568858,49.95
chr22,45587076,45587590,30.50
chr22,45952932,45953423,22.70
chr22,46567010,46567610,84.87
chr22,46605783,46606374,28.14
chr22,46621413,46621885,32.71
chr22,46630649,46631102,45.29
chr22,46687075,46687538,44.92
chr22,46967590,46968058,54.34
chr22,47210909,47211465,44.12
chr22,47260618,47261090,62.83
chr22,47520289,47520773,94.75
chr22,48320060,48320510,27.70
chr22,48337094,48337565,37.64
chr22,48916420,48916933,46.92
chr22,49354700,49355157,61.28
chr22,49407241,49407709,40.79
chr22,49433128,49433650,41.99
chr22,49856452,49856947,31.70
chrX,3487071,3487525,77.72
chrX,4442654,4443141,162.09
chrX,4858535,4858997,95.08
chrX,5302587,5303182,84.68
chrX,7622492,7622947,42.19
chrX,8725351,8725853,81.17
chrX,19467494,19467956,43.88
chrX,29802980,29803510,69.02
chrX,30267476,30267948,65.03
chrX,31421690,31422162,61.76
chrX,41440679,41441169,159.47
chrX,44552298,44552835,57.55
chrX,44600684,44601158,44.39
chrX,45136343,45136803,49.18
chrX,45721006,45721462,75.42
chrX,45736440,45736905,34.11
chrX,55212320,55212784,62.10
chrX,76310477,76311017,77.18
chrX,76972623,76973100,56.84
chrX,82072820,82073281,64.89
chrX,84874551,84875180,88.76
chrX,87233813,87234289,61.49
chrX,98116065,98116597,43.36
chrX,115403120,115403632,139.79
chrX,115404212,115404804,85.80
chrX,115509430,115509896,57.99
chrX,117388493,117388971,83.03
chrX,118494696,118495167,41.49
chrX,120463531,120464157,70.07
chrX,121347456,121347973,27.22
chrX,122465667,122466134,78.56
chrX,124471167,124471618,67.50
chrX,129383904,129384360,105.69
chrX,130530310,130530790,54.73
chrX,135386068,135386524,88.02
chrX,139503424,139503884,117.22
chrX,139504200,139504670,67.15
chrX,142485381,142485935,56.54
chrX,144476897,144477353,99.70
chrX,147602824,147603320,61.27
chrX,147842172,147842681,62.30
chrX,148546939,148547416,64.44
chrX,151134790,151135274,76.81
chrX,153026473,153027089,35.27
chrX,154519522,154520020,37.81
