chr1,180955,181481,34.57
chr1,181124,181647,33.32
chr1,714124,714574,100.87
chr1,820719,821169,100.35
chr1,853364,853913,74.20
chr1,853390,853842,67.95
chr1,872338,872948,100.05
chr1,909162,909698,37.96
chr1,909326,909901,41.41
chr1,933765,934389,7.65
chr1,934060,934936,1.08
chr1,934592,935105,7.07
chr1,964417,964891,15.00
chr1,1139601,1140306,17.47
chr1,1139967,1140489,32.49
chr1,1140211,1140672,42.18
chr1,1140333,1140855,43.74
chr1,1226113,1226576,34.36
chr1,1227083,1227657,22.44
chr1,1248681,1249411,67.36
chr1,1297056,1297906,29.20
chr1,1349774,1350497,13.76
chr1,1350174,1351055,0.57
chr1,1350841,1351521,5.31
chr1,1366748,1367345,52.21
chr1,1934630,1935364,56.34
chr1,1935032,1935500,39.59
chr1,1935245,1935773,49.57
chr1,2109821,2110317,30.21
chr1,2142107,2142592,38.83
chr1,2280453,2281112,41.00
chr1,2280902,2282078,38.19
chr1,2592130,2592692,11.93
chr1,2634542,2635344,8.67
chr1,2852152,2852760,70.09
chr1,2852453,2852905,77.99
chr1,2949324,2949822,37.73
chr1,2959837,2960327,28.09
chr1,2976680,2977277,18.09
chr1,3016177,3016680,20.26
chr1,3016267,3016772,19.73
chr1,3165487,3165983,35.90
chr1,3299066,3299893,52.61
chr1,3299333,3299794,52.02
chr1,3299954,3300476,44.61
chr1,3300137,3300598,50.38
chr1,3492935,3493398,30.51
chr1,3591620,3592072,24.71
chr1,3643377,3643879,42.66
chr1,3643377,3644236,36.06
chr1,3643556,3644006,31.14
chr1,3644122,3644573,44.86
chr1,3834052,3834505,88.71
chr1,5245922,5246376,34.94
chr1,5743888,5744387,20.93
chr1,6012077,6012721,21.85
chr1,7114545,7115043,87.81
chr1,7548463,7549201,34.89
chr1,7864676,7865467,41.73
chr1,7865200,7865655,44.78
chr1,7902822,7903439,22.31
chr1,9123122,9123575,54.50
chr1,10744144,10744736,20.04
chr1,11249863,11250341,45.20
chr1,15038727,15039237,64.11
chr1,17241251,17241759,40.34
chr1,18330382,18330877,49.44
chr1,18825075,18825741,40.05
chr1,20254908,20255486,29.84
chr1,21388253,21388728,31.72
chr1,21388376,21388949,27.58
chr1,24799515,24800213,36.12
chr1,26596085,26596605,59.77
chr1,27853145,27853722,45.15
chr1,27853370,27854166,25.93
chr1,29727040,29727580,10.84
chr1,29727379,29727835,3.98
chr1,30375546,30375998,44.81
chr1,30894418,30894885,28.00
chr1,31387166,31387674,43.45
chr1,36543929,36544397,57.62
chr1,36958404,36960347,8.09
chr1,37081032,37081559,32.11
chr1,41531313,41531821,56.90
chr1,44816364,44816877,75.83
chr1,47708227,47708711,16.89
chr1,48192695,48193174,32.64
chr1,48483686,48484138,66.03
chr1,52635886,52636418,80.48
chr1,53099126,53099610,55.88
chr1,53502115,53502594,6.47
chr1,53502116,53502676,6.66
chr1,55663512,55663984,113.09
chr1,64415264,64415840,32.20
chr1,64734448,64734945,59.85
chr1,67709689,67710162,72.60
chr1,70646423,70646992,62.60
chr1,75885708,75886198,111.36
chr1,75886126,75886577,123.99
chr1,77475218,77475675,64.33
chr1,80330354,80330848,52.92
chr1,89797680,89798160,23.23
chr1,91459509,91459987,16.54
chr1,99510271,99510735,39.83
chr1,99924783,99925326,64.65
chr1,105630687,105631206,45.32
chr1,105768940,105769451,81.71
chr1,108230009,108230534,61.20
chr1,108771730,108772187,90.76
chr1,111544533,111545103,96.25
chr1,112640126,112640808,59.88
chr1,113344714,113346145,54.76
chr1,114242260,114242735,34.68
chr1,120497817,120498775,35.85
chr1,143799998,143800454,48.88
chr1,144139267,144139769,55.11
chr1,144139564,144140194,91.17
chr1,144636485,144637409,82.05
chr1,144637424,144638175,93.79
chr1,144882643,144883975,3.54
chr1,144883633,144884090,3.83
chr1,144883719,144884232,10.36
chr1,148702612,148703323,35.55
chr1,149023387,149023871,100.09
chr1,150729065,150729773,14.96
chr1,151846997,151847451,22.25
chr1,153243146,153243825,37.66
chr1,153243480,153244068,19.42
chr1,154379649,154380128,42.68
chr1,155027083,155027587,26.21
chr1,157600584,157601105,88.25
chr1,160984850,160985561,54.83
chr1,161281558,161282031,30.11
chr1,165020262,165020713,58.80
chr1,169342283,169342802,64.49
chr1,169354907,169355316,74.12
chr1,171210517,171210999,83.65
chr1,176132508,176132969,101.88
chr1,176396068,176396546,36.39
chr1,177149462,177149974,65.63
chr1,178505373,178505837,40.31
chr1,182446798,182447300,104.68
chr1,182509114,182509638,40.33
chr1,188238663,188239141,62.64
chr1,189818114,189818594,72.69
chr1,192857005,192857503,21.04
chr1,194481754,194482214,40.94
chr1,195848201,195848652,52.06
chr1,198492431,198492911,72.40
chr1,201209614,201210122,97.24
chr1,201924167,201924647,25.31
chr1,202032308,202032809,46.24
chr1,202391375,202392199,65.57
chr1,202457865,202458548,62.87
chr1,204470859,204471362,110.37
chr1,206781641,206782119,71.00
chr1,207846540,207847030,83.90
chr1,208693862,208694430,56.61
chr1,209449689,209450153,39.07
chr1,210533096,210533548,46.09
chr1,210976002,210976755,70.33
chr1,211111645,211112164,18.47
chr1,218720925,218721379,37.41
chr1,219410918,219411437,41.10
chr1,219941283,219941755,53.48
chr1,222488223,222488750,117.27
chr1,223031157,223031636,40.86
chr1,225818863,225819442,23.24
chr1,226797402,226798147,43.70
chr1,226975944,226976423,21.88
chr1,228173911,228174519,12.07
chr1,232415739,232416255,47.98
chr1,236245095,236245595,33.72
chr1,236654657,236655117,42.66
chr1,236755494,236756090,61.66
chr1,236756144,236756838,29.25
chr1,238684336,238684809,45.58
chr1,238969863,238970316,41.34
chr1,240364946,240365430,72.83
chr1,242393007,242393799,65.16
chr1,244156327,244156783,65.79
chr1,244275549,244276019,45.73
chr1,244275703,244276211,38.55
chr1,244486290,244486749,68.99
chr1,245102883,245103462,159.72
chr1,245442533,245443049,50.53
chr1,245443173,245443834,51.75
chr1,245443556,245444010,50.20
chr1,245614657,245615159,50.58
chr1,245682199,245682660,67.26
chr1,245695535,245696069,49.56
chr1,245974265,245975049,37.88
chr1,245974930,245975499,20.87
chr1,245975361,245975953,10.83
chr1,245975773,245976245,23.04
chr1,245976057,245976601,46.64
chr1,246232569,246233260,56.63
chr1,246251318,246251966,36.26
chr1,246275326,246275806,60.71
chr1,246275701,246276265,81.16
chr1,246275947,246276595,51.75
chr1,246483979,246484431,93.35
chr1,246519675,246520885,35.83
chr1,246520306,246520832,27.53
chr1,246520593,246521119,35.94
chr1,246520902,246521465,31.92
chr1,246521083,246522256,33.66
chr1,246605448,246605928,47.58
chr1,246619949,246620459,37.86
chr1,246620242,246620750,64.02
chr1,246764774,246765262,65.49
chr1,248187495,248188221,49.68
chr1,248188092,248188557,56.49
chr1,248382968,248383436,100.54
chr1,248383167,248383771,147.34
chr1,248383302,248384586,135.65
chr1,248408139,248409281,123.21
chr1,248671345,248671847,49.61
chr1,248671453,248671904,48.24
chr1,248746358,248746947,46.18
chr1,248747169,248747631,35.60
chr1,248747603,248748189,44.91
chr1,248747851,248748313,45.93
chr1,248753001,248753453,60.79
chr2,5748140,5748605,34.57
chr2,6253189,6253689,46.99
chr2,7127766,7128229,16.27
chr2,7127918,7128410,3.70
chr2,7198237,7198701,63.90
chr2,8589488,8589954,14.19
chr2,10200333,10200793,31.64
chr2,11854178,11855100,52.74
chr2,13935367,13935817,93.63
chr2,14126341,14126796,76.26
chr2,15611378,15611856,39.41
chr2,15611520,15611970,38.57
chr2,16089796,16090388,35.93
chr2,18755254,18755709,39.09
chr2,23580108,23580811,50.17
chr2,23845510,23846994,40.80
chr2,27557654,27558108,50.78
chr2,35955641,35956266,39.98
chr2,36974502,36974958,41.62
chr2,38487161,38487664,61.18
chr2,39627865,39628441,43.16
chr2,42605079,42605557,50.70
chr2,42605174,42605799,47.05
chr2,45414755,45415283,75.67
chr2,46798988,46799443,54.69
chr2,48555604,48556054,18.12
chr2,60467226,60467701,26.63
chr2,65600838,65601411,49.29
chr2,66074001,66074454,43.96
chr2,69096094,69096546,37.07
chr2,70936830,70937280,43.46
chr2,75611462,75611957,51.38
chr2,75671977,75672447,90.33
chr2,75788258,75788738,61.70
chr2,75823093,75823547,92.77
chr2,77307412,77307987,64.25
chr2,80767137,80767636,80.24
chr2,83147714,83148336,57.43
chr2,83147887,83148643,52.34
chr2,83341315,83341802,1.61
chr2,83495375,83495938,76.75
chr2,85711824,85712449,45.83
chr2,86544754,86545271,36.04
chr2,87184258,87184733,87.21
chr2,90323799,90324297,15.05
chr2,90324221,90324684,17.16
chr2,96462051,96462583,125.98
chr2,99251700,99252318,46.89
chr2,100037213,100037757,74.06
chr2,103392312,103392893,73.60
chr2,105210400,105210977,21.10
chr2,107827401,107827890,46.37
chr2,107828066,107828646,54.19
chr2,107829150,107829639,32.69
chr2,108415276,108415749,125.02
chr2,109520377,109521114,26.28
chr2,111224015,111224541,85.97
chr2,112138930,112139519,32.50
chr2,112139254,112139735,26.37
chr2,112139362,112139816,26.63
chr2,112139665,112140144,35.88
chr2,112432685,112433263,43.11
chr2,113496312,113496810,37.82
chr2,113554289,113554801,60.73
chr2,113650411,113650862,82.25
chr2,113651446,113653866,78.08
chr2,114206958,114207437,77.38
chr2,116830370,116830828,45.27
chr2,118093119,118093592,71.56
chr2,118303258,118303973,67.46
chr2,118303669,118304349,87.25
chr2,119136481,119136948,25.73
chr2,119444585,119445037,98.88
chr2,119552087,119552615,75.21
chr2,123684299,123685056,42.24
chr2,124670382,124670842,66.35
chr2,128418177,128418853,59.73
chr2,128471200,128471762,42.44
chr2,130052612,130053099,39.71
chr2,130062053,130063087,19.76
chr2,130065115,130065855,22.49
chr2,130066366,130066881,22.73
chr2,134237483,134237945,35.48
chr2,135464982,135465525,79.17
chr2,137742158,137742624,37.06
chr2,139229853,139230313,58.19
chr2,143921744,143922239,50.04
chr2,148345226,148345700,82.29
chr2,148345341,148345793,78.77
chr2,150000543,150001012,75.88
chr2,152357148,152357638,76.86
chr2,155411829,155412317,84.96
chr2,155411987,155412475,69.86
chr2,155412101,155412553,66.31
chr2,156451262,156451712,31.98
chr2,166738502,166739033,55.88
chr2,170149345,170149825,32.36
chr2,170648929,170649403,57.51
chr2,172042056,172042547,83.05
chr2,175812867,175813878,21.54
chr2,182385504,182385964,46.25
chr2,185971528,185971994,51.62
chr2,187556633,187557552,32.41
chr2,187637049,187637523,40.05
chr2,190383576,190384278,23.08
chr2,194049543,194050003,85.79
chr2,194492344,194492794,57.43
chr2,196598064,196598544,11.19
chr2,197865874,197866359,44.52
chr2,199016920,199017380,88.97
chr2,208094183,208094926,29.22
chr2,210512661,210513134,68.85
chr2,214834909,214835387,9.26
chr2,220823464,220823944,35.31
chr2,221365526,221366247,56.97
chr2,221367149,221367712,61.71
chr2,221367358,221368718,54.59
chr2,222556562,222557023,15.03
chr2,225987226,225987731,30.81
chr2,227193758,227194222,35.82
chr2,227777551,227778036,55.21
chr2,229742975,229743425,25.81
chr2,233214924,233215416,54.65
chr2,233567589,233568120,141.76
chr2,234898896,234899346,58.84
chr2,234939546,234940038,60.05
chr2,235043119,235043627,39.78
chr2,235525743,235526423,64.69
chr2,236379087,236379623,61.99
chr2,238053800,238054272,55.59
chr2,239068640,239069678,33.96
chr2,239069107,239069654,32.96
chr2,239231607,239232077,34.84
chr2,239467578,239468063,37.33
chr2,239527168,239527632,59.05
chr2,239718984,239719479,77.47
chr2,239732989,239733479,40.16
chr2,239817818,239818288,131.87
chr2,239898780,239899320,27.02
chr2,239914380,239914839,73.04
chr2,239914445,239914902,76.82
chr2,239929466,239929985,28.52
chr2,239929705,239930174,20.68
chr2,239930583,239931069,25.85
chr2,240041805,240042570,21.13
chr2,240042242,240042783,10.88
chr2,240108001,240108515,26.18
chr2,240108204,240109004,15.37
chr2,240194263,240194758,49.43
chr2,240216509,240217117,5.26
chr2,240302216,240302969,32.64
chr2,240385173,240385648,23.04
chr2,240385593,240386043,18.48
chr2,240453099,240453607,6.57
chr2,240623103,240623560,20.17
chr2,240907743,240908893,37.35
chr2,240907950,240908400,41.28
chr2,240908519,240908994,29.30
chr2,240908675,240909175,29.35
chr2,240918843,240919327,27.37
chr2,240984476,240984971,37.27
chr2,240984749,240985602,35.28
chr2,241093216,241093701,54.80
chr2,241326200,241326749,56.88
chr2,241765286,241767186,9.08
chr2,241767244,241767695,17.46
chr2,241810481,241810932,27.02
chr2,241823168,241823715,71.89
chr2,241847884,241848484,88.08
chr2,241848255,241848805,86.05
chr2,241874868,241875372,49.51
chr2,241985065,241985519,57.06
chr2,242003258,242003918,29.10
chr2,242003951,242004479,39.52
chr2,242084578,242085120,57.56
chr2,242161192,242161651,45.28
chr2,242162746,242163217,49.44
chr3,134065,135125,58.30
chr3,134320,134776,35.94
chr3,134726,135222,60.09
chr3,135027,135511,56.11
chr3,135298,135754,77.31
chr3,483147,483725,32.16
chr3,1244137,1244601,34.42
chr3,1638651,1639246,43.39
chr3,1763985,1764636,73.73
chr3,2454033,2454705,77.72
chr3,3789533,3790035,35.75
chr3,3800331,3800807,24.19
chr3,4619414,4619875,20.93
chr3,5540898,5541360,91.87
chr3,7099488,7099993,81.71
chr3,8411515,8412116,104.57
chr3,8412024,8412474,107.48
chr3,8412148,8412898,88.24
chr3,8654708,8655158,56.94
chr3,8654908,8655359,46.74
chr3,11167084,11167552,46.65
chr3,13868425,13868879,42.80
chr3,17704317,17704865,43.52
chr3,34250542,34251002,52.60
chr3,35142243,35142699,111.85
chr3,35563738,35564199,35.84
chr3,38561616,38562079,50.16
chr3,38876813,38877350,98.41
chr3,41890719,41891324,10.25
chr3,45108465,45108943,57.29
chr3,45108676,45109136,48.53
chr3,51738582,51739052,50.30
chr3,63595547,63596024,54.60
chr3,66873989,66874454,67.46
chr3,68418218,68418669,61.25
chr3,72074268,72074823,51.17
chr3,74659600,74660096,77.92
chr3,75633980,75634448,43.63
chr3,75653296,75653757,78.43
chr3,75737836,75738740,117.57
chr3,76730142,76730962,40.33
chr3,78231330,78231781,43.15
chr3,78372964,78373414,99.59
chr3,80013561,80014119,47.01
chr3,80608006,80608534,59.05
chr3,82465521,82465979,105.62
chr3,85768598,85769188,84.39
chr3,96620288,96620762,20.93
chr3,96620288,96620934,25.57
chr3,98837342,98837919,69.07
chr3,102808265,102808845,77.86
chr3,106074051,106074528,58.29
chr3,111832449,111832979,63.42
chr3,111832449,111833211,44.99
chr3,111832669,111833121,34.52
chr3,117050539,117051035,44.18
chr3,118718145,118718596,32.94
chr3,122164697,122165224,36.96
chr3,123478478,123478974,29.00
chr3,123478478,123479166,30.20
chr3,124367388,124368190,29.61
chr3,124367838,124368335,37.90
chr3,124627938,124628466,27.80
chr3,124789181,124789813,61.07
chr3,124789645,124790451,52.60
chr3,126515853,126516347,7.53
chr3,129376280,129376802,50.61
chr3,130098557,130099009,49.64
chr3,130868085,130868563,37.57
chr3,136299338,136299818,80.73
chr3,143047271,143047975,26.64
chr3,145502399,145502880,76.24
chr3,149380037,149380506,30.19
chr3,149380331,149380937,30.77
chr3,155566079,155566546,83.37
chr3,156899109,156899587,99.78
chr3,160803148,160803700,80.35
chr3,161840460,161840920,92.70
chr3,162590594,162591045,69.21
chr3,170378844,170379346,54.14
chr3,171998327,171998846,51.85
chr3,174484402,174485117,68.87
chr3,176769087,176769575,42.96
chr3,177644983,177645593,68.32
chr3,177645426,177645921,72.75
chr3,178141088,178141559,38.35
chr3,178759529,178759987,104.23
chr3,179727690,179728238,24.01
chr3,180859865,180860389,44.95
chr3,181133920,181134383,102.33
chr3,181366110,181366821,54.70
chr3,181742687,181743175,75.11
chr3,182727140,182727599,56.50
chr3,183956375,183956967,93.57
chr3,185230701,185231182,102.00
chr3,186126069,186126534,33.24
chr3,188784077,188784657,91.48
chr3,188784077,188785168,55.64
chr3,191862890,191863521,47.34
chr3,192640903,192641604,25.62
chr3,192996394,192996845,37.86
chr3,194347546,194348203,13.61
chr3,194347826,194348431,11.59
chr3,194347965,194348440,15.10
chr3,194348083,194348535,25.53
chr3,194629580,194630482,34.24
chr3,195065147,195065645,27.17
chr3,195065341,195065828,15.30
chr3,195065453,195066850,23.04
chr3,195066483,195066952,36.87
chr3,195272591,195273147,39.95
chr3,195618868,195619439,42.81
chr3,195619013,195619584,40.52
chr3,195644545,195645419,133.38
chr3,195686570,195687192,69.50
chr3,195686857,195687410,54.93
chr3,195687196,195687654,68.46
chr3,195687286,195687775,85.17
chr3,195694357,195694844,134.51
chr3,195699012,195699494,131.26
chr3,195725008,195725864,23.37
chr3,195773416,195773878,46.24
chr3,195815717,195816207,51.91
chr3,195837710,195838172,40.42
chr3,195874281,195875125,28.59
chr3,195874595,195875083,18.02
chr3,195874956,195875579,21.22
chr3,195880685,195881339,20.77
chr3,196145174,196145673,40.19
chr3,196207341,196207936,11.30
chr3,196207485,196207951,7.27
chr3,196271278,196271872,56.84
chr3,196334618,196335158,28.50
chr3,197029946,197030598,36.44
chr3,197032323,197032780,65.50
chr3,197032480,197032938,51.87
chr3,197032653,197033112,56.95
chr3,197032778,197033238,80.16
chr3,197033994,197034454,95.57
chr3,197132366,197132832,83.33
chr3,197356096,197356552,47.81
chr3,197459287,197459747,79.01
chr3,197637503,197637997,79.81
chr3,198004309,198004965,87.59
chr3,198004976,198005441,77.66
chr4,634974,635424,34.66
chr4,681394,681851,9.64
chr4,744482,746933,15.20
chr4,746688,747145,12.66
chr4,746942,747400,18.78
chr4,747064,747578,22.98
chr4,747235,747806,32.75
chr4,918648,919177,60.54
chr4,927070,927544,33.37
chr4,999487,999973,37.08
chr4,999728,1000215,30.82
chr4,1096131,1096590,44.44
chr4,1273274,1273821,67.24
chr4,1273466,1274062,67.59
chr4,1278622,1279152,45.58
chr4,1282864,1283401,66.77
chr4,1363738,1364203,49.48
chr4,1363994,1364459,34.70
chr4,1379614,1380070,27.77
chr4,1397292,1397872,99.31
chr4,1398152,1398620,23.70
chr4,1555958,1556434,28.28
chr4,1557362,1557859,27.85
chr4,1640944,1641401,50.26
chr4,2334536,2335017,15.85
chr4,2395877,2396931,14.89
chr4,2430016,2430479,34.38
chr4,2430169,2430632,39.34
chr4,2627188,2627728,22.47
chr4,2808542,2809236,32.32
chr4,3227156,3227658,46.78
chr4,3308863,3309422,50.48
chr4,3309120,3310048,54.93
chr4,3341154,3341614,6.25
chr4,3368410,3368860,13.88
chr4,3412750,3413255,49.05
chr4,3482880,3483368,17.04
chr4,3511643,3512096,32.56
chr4,3538556,3539006,23.27
chr4,3542394,3542922,82.00
chr4,3563905,3564929,31.28
chr4,3613372,3613992,36.07
chr4,3825840,3826327,30.36
chr4,5064153,5064671,79.01
chr4,5316178,5316652,90.57
chr4,6578869,6579362,98.12
chr4,6977428,6977908,19.82
chr4,7019549,7020003,47.52
chr4,7229684,7230149,81.38
chr4,7230423,7230888,94.09
chr4,7336218,7336842,32.37
chr4,7363229,7363913,66.28
chr4,7441978,7442436,4.45
chr4,7454916,7455428,33.29
chr4,7676650,7677177,31.08
chr4,7834840,7835450,81.78
chr4,7896320,7896778,27.89
chr4,8289619,8290079,37.64
chr4,8537494,8537964,36.37
chr4,8758799,8759288,26.48
chr4,8759033,8759485,27.82
chr4,8842220,8842683,85.68
chr4,9473539,9474024,56.19
chr4,9473859,9474344,44.58
chr4,10134284,10134985,34.79
chr4,10145268,10145764,32.82
chr4,12107806,12108278,93.96
chr4,13061769,13062321,52.74
chr4,14786630,14787117,65.95
chr4,17392554,17393018,38.06
chr4,17459255,17459719,91.85
chr4,20931951,20932417,91.54
chr4,21234276,21234726,89.28
chr4,21528560,21529016,49.92
chr4,23098850,23099310,87.95
chr4,23098850,23099400,82.97
chr4,30278265,30278765,47.51
chr4,32195462,32196028,27.90
chr4,37585131,37585763,23.22
chr4,37883638,37884182,95.57
chr4,40032654,40033164,76.45
chr4,43450788,43451281,25.27
chr4,45023531,45024159,67.13
chr4,47922917,47923392,47.39
chr4,47975943,47976431,85.72
chr4,48659171,48659865,17.62
chr4,48659623,48660122,25.79
chr4,57856381,57857531,57.88
chr4,60121675,60122135,88.68
chr4,60874819,60875272,98.06
chr4,62612353,62612803,95.20
chr4,72399861,72400326,55.75
chr4,74717267,74718358,64.64
chr4,76027257,76027919,51.46
chr4,81969225,81969830,65.69
chr4,82222504,82223010,65.60
chr4,83649413,83649953,91.90
chr4,85475428,85475891,24.78
chr4,85874860,85875595,45.68
chr4,87615720,87616192,45.89
chr4,89096629,89097172,50.62
chr4,91238828,91240480,32.27
chr4,92384370,92384820,72.57
chr4,95196528,95197126,99.53
chr4,96292917,96293578,62.52
chr4,97503553,97504065,95.29
chr4,101749086,101749900,61.08
chr4,102619911,102620414,59.68
chr4,104581495,104582107,42.90
chr4,106498132,106498842,33.86
chr4,107513050,107513504,89.28
chr4,107556117,107556611,85.80
chr4,108711531,108712068,50.74
chr4,108746922,108747382,73.50
chr4,110883484,110883949,68.17
chr4,113064518,113065248,39.54
chr4,114520215,114520701,83.78
chr4,115021261,115021757,72.55
chr4,117019164,117019650,74.04
chr4,118066352,118066914,93.19
chr4,121526691,121527274,35.28
chr4,124490764,124491221,40.56
chr4,124847105,124847738,61.79
chr4,131201179,131201819,78.84
chr4,132146785,132147263,71.50
chr4,134589696,134590330,92.02
chr4,134589891,134590371,74.38
chr4,138134985,138135440,88.10
chr4,145038615,145039204,36.49
chr4,149046631,149047222,68.97
chr4,150420219,150420840,34.29
chr4,155554113,155554608,84.15
chr4,156759177,156759671,64.16
chr4,156759318,156759810,60.63
chr4,157636382,157636834,11.94
chr4,158107281,158107745,82.59
chr4,158256696,158257184,64.60
chr4,159094515,159095047,40.20
chr4,160185885,160186372,70.56
chr4,164458686,164459206,61.68
chr4,167787392,167787864,89.93
chr4,170441156,170441709,69.37
chr4,171220101,171220551,54.77
chr4,173483475,173483941,8.23
chr4,173484195,173484676,36.79
chr4,176219055,176219506,19.01
chr4,182039796,182040371,17.76
chr4,182124695,182125156,54.23
chr4,182943419,182944099,55.83
chr4,182943793,182944263,49.30
chr4,183336516,183337251,30.90
chr4,183932103,183932566,73.97
chr4,184219783,184220323,34.95
chr4,185560476,185561026,52.54
chr4,185561158,185561618,53.25
chr4,186372019,186372471,87.67
chr4,186476305,186477175,53.40
chr4,186477098,186477693,53.24
chr4,186477879,186478359,49.82
chr4,187066412,187066890,75.00
chr4,187066635,187067191,55.08
chr4,187214199,187214815,26.13
chr4,187304267,187304837,29.54
chr4,187304335,187304803,27.67
chr4,187692182,187692648,48.42
chr4,188196870,188197690,31.94
chr4,188215874,188216417,35.52
chr4,188216142,188216621,15.13
chr4,188216377,188216897,33.65
chr4,188268803,188269653,30.68
chr4,188864168,188864650,46.90
chr4,188904661,188905146,28.16
chr4,188904774,188905225,19.90
chr4,188904902,188905352,12.08
chr4,188905079,188905529,19.22
chr4,188961914,188962387,44.11
chr4,188974333,188974823,25.10
chr4,188974540,188975420,26.58
chr4,188974873,188975387,28.10
chr4,188976876,188977362,58.10
chr4,189011133,189011587,76.85
chr4,189019246,189019707,66.00
chr4,189035892,189036435,38.09
chr4,189184055,189184615,34.25
chr4,189184269,189185206,14.78
chr4,189307188,189307966,57.09
chr4,189308241,189308809,40.42
chr4,189308502,189309196,57.44
chr4,189363595,189364215,34.78
chr4,189380478,189380938,52.72
chr4,189631294,189631764,73.85
chr4,189645374,189645846,61.88
chr4,189700179,189700882,35.93
chr4,189735693,189736198,43.87
chr4,189735834,189736304,39.34
chr4,189810390,189810922,69.13
chr4,189820101,189820672,32.32
chr5,83044,84854,55.76
chr5,84962,85421,29.99
chr5,85084,85544,31.46
chr5,175792,176479,27.81
chr5,291161,291896,48.11
chr5,307063,307526,38.63
chr5,391109,391655,26.42
chr5,467534,468026,41.65
chr5,467680,468586,48.65
chr5,474334,474798,54.87
chr5,474525,474995,44.59
chr5,483864,484500,18.54
chr5,491959,492419,11.03
chr5,497501,498033,30.23
chr5,608566,609016,41.68
chr5,641978,642454,39.28
chr5,647979,648561,59.04
chr5,667638,668280,43.44
chr5,764628,765147,90.37
chr5,897805,898667,87.65
chr5,975726,976194,78.01
chr5,981915,982389,21.66
chr5,1024541,1025103,76.95
chr5,1024782,1025262,49.64
chr5,1025060,1026035,84.49
chr5,1025305,1025868,85.17
chr5,1036746,1037270,16.63
chr5,1046818,1047278,75.35
chr5,1060802,1061526,34.05
chr5,1060888,1061360,28.69
chr5,1061002,1061456,29.24
chr5,1061064,1061536,27.85
chr5,1061195,1061721,32.87
chr5,1070151,1070673,21.99
chr5,1070349,1070872,17.56
chr5,1070490,1071066,14.95
chr5,1071099,1072350,12.47
chr5,1072312,1073415,20.45
chr5,1079977,1080487,23.09
chr5,1170059,1170597,48.15
chr5,1170265,1170734,44.94
chr5,1192268,1192744,16.01
chr5,1197202,1197713,47.73
chr5,1458808,1459370,63.59
chr5,1483528,1484028,49.19
chr5,1562363,1562814,66.02
chr5,1644581,1645046,39.78
chr5,1768668,1769315,23.37
chr5,1955948,1956777,48.17
chr5,1972029,1972497,26.69
chr5,2081725,2082503,59.02
chr5,2082409,2082872,50.30
chr5,2152269,2152739,47.76
chr5,2226182,2226705,37.17
chr5,2226341,2226951,39.90
chr5,2327536,2328051,53.79
chr5,2332590,2333041,51.59
chr5,2454047,2454673,55.48
chr5,2907397,2907896,46.31
chr5,3000991,3001445,42.42
chr5,3001081,3001535,44.44
chr5,3420433,3420925,23.82
chr5,3637441,3637907,55.95
chr5,3637679,3638475,45.89
chr5,3638520,3639417,35.74
chr5,5610358,5610902,39.74
chr5,5610733,5611205,44.24
chr5,6773749,6774234,4.91
chr5,7300458,7301131,18.53
chr5,8026714,8027423,34.51
chr5,10639631,10640093,52.65
chr5,11816444,11816915,17.29
chr5,11816462,11817346,11.87
chr5,12057211,12057675,104.61
chr5,12426302,12426773,82.53
chr5,12426416,12426910,94.01
chr5,13329738,13330426,113.32
chr5,13967494,13968015,76.92
chr5,16525057,16525510,44.19
chr5,26230458,26230944,35.62
chr5,34190850,34192061,140.11
chr5,34191740,34192956,121.71
chr5,34854919,34855429,61.64
chr5,37562854,37563783,31.93
chr5,38861647,38862145,43.53
chr5,38867609,38868086,71.51
chr5,40800567,40801094,35.26
chr5,42980916,42981780,49.63
chr5,45375183,45375645,94.65
chr5,51707954,51708418,108.96
chr5,54419069,54419535,98.49
chr5,54513547,54513998,62.00
chr5,65230156,65230664,107.74
chr5,67339325,67339776,89.49
chr5,73016129,73016585,75.77
chr5,73806222,73806678,97.56
chr5,75270824,75271540,37.28
chr5,76172110,76172588,64.67
chr5,76335854,76336305,30.23
chr5,76984759,76985237,20.37
chr5,77794646,77795227,69.73
chr5,86166219,86166669,85.98
chr5,89310208,89310968,42.43
chr5,89310664,89311348,42.03
chr5,94953724,94954193,88.84
chr5,97873296,97873754,92.56
chr5,99426574,99427027,54.59
chr5,100390569,100391788,28.19
chr5,104666451,104666905,79.35
chr5,105771519,105772102,38.13
chr5,107557022,107557523,58.53
chr5,116918438,116918922,67.96
chr5,119294971,119295435,73.82
chr5,121055287,121055744,81.14
chr5,121705209,121705699,63.31
chr5,124898160,124898762,76.96
chr5,127614499,127614957,82.88
chr5,131849330,131849810,93.28
chr5,132680383,132680853,47.57
chr5,134483670,134484164,50.18
chr5,145183051,145184171,79.57
chr5,147121807,147122279,82.62
chr5,149670216,149670743,36.58
chr5,149808919,149809371,45.10
chr5,153838178,153838631,46.60
chr5,160653198,160653664,96.55
chr5,165800892,165801352,68.04
chr5,165800919,165801529,73.11
chr5,167859817,167860269,140.07
chr5,167860183,167860635,142.63
chr5,170915879,170916387,74.04
chr5,172296536,172297224,41.71
chr5,172368252,172368861,51.52
chr5,173631065,173631515,20.30
chr5,174068476,174068929,58.14
chr5,174320306,174320829,26.13
chr5,175392451,175393049,15.31
chr5,175392452,175393282,12.72
chr5,176134012,176134497,23.19
chr5,176207269,176207725,50.30
chr5,176530040,176530583,13.27
chr5,176859297,176859817,34.60
chr5,176871467,176871933,45.43
chr5,176872046,176872579,48.11
chr5,177396198,177396787,25.23
chr5,177467770,177468226,28.77
chr5,177517497,177518620,24.85
chr5,177559918,177560445,36.89
chr5,177985641,177986129,24.52
chr5,178094908,178095523,55.33
chr5,178095623,178096281,82.38
chr5,178096476,178096962,106.17
chr5,178239293,178239913,32.42
chr5,178394646,178396366,50.41
chr5,178396103,178396767,44.67
chr5,178447897,178448417,43.08
chr5,178524819,178525819,46.84
chr5,179001304,179001760,41.89
chr5,179313046,179314118,33.07
chr5,179516583,179517034,67.67
chr5,179535745,179536220,63.22
chr5,179871546,179872087,26.99
chr5,180113088,180113678,25.81
chr5,181088605,181089368,113.45
chr5,181089001,181090057,107.38
chr5,181090049,181090647,50.15
chr5,181139494,181140121,59.95
chr5,181160488,181160948,13.71
chr5,181384902,181385456,76.59
chr6,325688,326151,156.83
chr6,326277,326740,157.60
chr6,396723,397175,69.64
chr6,418870,419366,16.47
chr6,424117,424631,22.48
chr6,469010,469669,56.05
chr6,601000,601920,54.85
chr6,675345,676067,40.14
chr6,675855,676363,58.84
chr6,676531,676986,46.73
chr6,676642,677095,40.62
chr6,861733,862230,114.86
chr6,862653,863441,242.19
chr6,909239,910421,36.19
chr6,910348,910826,39.76
chr6,910426,910981,49.52
chr6,1357713,1358589,34.14
chr6,1441175,1441673,57.26
chr6,1477901,1478531,53.68
chr6,1515105,1515572,44.07
chr6,1533791,1534241,59.24
chr6,1534365,1534815,73.74
chr6,3090556,3091822,46.40
chr6,3091832,3092387,47.96
chr6,3092235,3092728,53.64
chr6,3092381,3093277,31.53
chr6,3144934,3146223,35.90
chr6,3181628,3182136,66.76
chr6,3181667,3182391,62.46
chr6,3191532,3192009,60.81
chr6,9146090,9146862,36.13
chr6,13541889,13542449,40.35
chr6,15983644,15984098,94.45
chr6,15983935,15984443,81.82
chr6,18888353,18888805,85.94
chr6,19346960,19347422,63.04
chr6,19346960,19347608,59.32
chr6,19939869,19940349,39.86
chr6,19940273,19940725,54.46
chr6,21551178,21551935,29.74
chr6,21851143,21851632,35.61
chr6,21851474,21851970,35.77
chr6,23801155,23801665,68.14
chr6,23948313,23949317,27.80
chr6,29847006,29847778,32.74
chr6,30468225,30468705,79.81
chr6,30815511,30816071,42.70
chr6,30987125,30987595,66.29
chr6,32400550,32401094,15.14
chr6,32400720,32401252,12.96
chr6,33829363,33829817,41.26
chr6,33829471,33829922,38.30
chr6,33832276,33832802,34.90
chr6,35136229,35137230,58.89
chr6,35383858,35384434,41.20
chr6,37753513,37753981,13.05
chr6,37753626,37754094,7.78
chr6,38165821,38166283,17.76
chr6,40113783,40114239,45.75
chr6,40209127,40209577,70.32
chr6,41616248,41616775,49.75
chr6,42485975,42486428,70.33
chr6,47123739,47124492,75.88
chr6,51159750,51160412,99.46
chr6,55476740,55477735,61.11
chr6,62781823,62782359,30.63
chr6,65478766,65479290,80.82
chr6,69432477,69433063,26.65
chr6,71381664,71382194,83.34
chr6,77485236,77485731,106.07
chr6,77602394,77602890,75.12
chr6,80620831,80621291,47.00
chr6,87009953,87010531,42.36
chr6,89292134,89292588,69.07
chr6,89292542,89292992,153.50
chr6,91470938,91471540,70.60
chr6,94711340,94711800,83.45
chr6,95194318,95194778,105.17
chr6,95485893,95486378,82.18
chr6,95502127,95502663,16.55
chr6,95502330,95502793,11.76
chr6,96035647,96036143,80.13
chr6,107782833,107783373,63.45
chr6,107953509,107953962,61.49
chr6,107953575,107954072,60.49
chr6,110454353,110454824,71.83
chr6,111422364,111422834,118.89
chr6,112448638,112449089,57.83
chr6,113621548,113622027,70.77
chr6,115030717,115031301,91.10
chr6,115057797,115058403,73.80
chr6,117923815,117924494,113.83
chr6,129286503,129287062,60.64
chr6,129286805,129287279,50.49
chr6,132385828,132386527,42.55
chr6,133664853,133665305,53.06
chr6,133665181,133665661,35.15
chr6,140652152,140652660,87.54
chr6,140682339,140683229,9.88
chr6,144132031,144132603,39.44
chr6,146787418,146787869,71.59
chr6,149443918,149444440,54.68
chr6,149762593,149763414,67.25
chr6,149983619,149984241,25.31
chr6,149983871,149984529,21.11
chr6,151898870,151899543,38.98
chr6,152290854,152291347,76.66
chr6,153053712,153054177,82.20
chr6,153853087,153853540,65.79
chr6,154687074,154687551,33.71
chr6,157283543,157284103,61.80
chr6,157686898,157687484,20.85
chr6,158239000,158239527,49.45
chr6,158239138,158239992,52.76
chr6,158239845,158240372,62.79
chr6,158240033,158240511,45.54
chr6,158704614,158705065,47.16
chr6,159651856,159652626,67.12
chr6,159652454,159652910,70.65
chr6,159652546,159653038,87.00
chr6,159712134,159712659,98.92
chr6,160091838,160092318,41.70
chr6,160169140,160169664,105.77
chr6,162327323,162327831,71.85
chr6,163326704,163327232,49.89
chr6,163593690,163594259,28.27
chr6,163593868,163594402,18.40
chr6,165708686,165709188,13.69
chr6,165821990,165822445,47.77
chr6,166221708,166222174,59.43
chr6,166282822,166283428,33.47
chr6,166783615,166784813,73.20
chr6,166858694,166859155,69.66
chr6,167192632,167193102,66.73
chr6,167243844,167244324,60.84
chr6,167295244,167295736,26.93
chr6,167421604,167422180,13.49
chr6,167421784,167422240,7.03
chr6,167423208,167424257,17.57
chr6,167940107,167940737,55.41
chr6,167940765,167941281,29.86
chr6,167941253,167942001,55.68
chr6,168069992,168070453,40.89
chr6,168077133,168077628,55.33
chr6,168115079,168115579,46.49
chr6,168136354,168136816,38.16
chr6,168168375,168168860,40.41
chr6,168190238,168190742,27.92
chr6,168316038,168317826,22.37
chr6,168317250,168318163,25.12
chr6,168334262,168334810,42.24
chr6,168334468,168334942,39.58
chr6,168504984,168505462,75.18
chr6,168654314,168654837,82.39
chr6,168795678,168796129,42.28
chr6,168846604,168847077,48.87
chr6,168846605,168847374,31.09
chr6,168846955,168847761,8.10
chr6,168847371,168848029,19.04
chr6,168849839,168850430,43.68
chr6,168875374,168875830,36.46
chr6,168892001,168892479,42.01
chr6,168941990,168942448,57.00
chr6,169126671,169127179,57.18
chr6,169127688,169128952,41.37
chr6,169197478,169198222,70.37
chr6,169376659,169377341,39.43
chr6,169662455,169662987,57.44
chr6,169664650,169665112,51.34
chr6,169805832,169806514,45.55
chr6,169808065,169808522,9.18
chr6,169828707,169829366,21.58
chr6,169975344,169975798,42.67
chr6,169987355,169987837,48.42
chr6,169987871,169988353,32.16
chr6,169988074,169988598,20.53
chr6,170078671,170079131,76.02
chr6,170168811,170169332,25.14
chr6,170168992,170169788,12.68
chr6,170171937,170172558,32.94
chr6,170190748,170191262,57.68
chr6,170246388,170246891,8.09
chr6,170246560,170247201,13.77
chr6,170246839,170247307,23.00
chr6,170253080,170253530,39.16
chr6,170266624,170267907,20.52
chr6,170435071,170435554,46.61
chr6,170458886,170459403,40.07
chr6,170459010,170459470,35.15
chr6,170495326,170495923,182.13
chr7,103212,104221,23.99
chr7,140043,140525,20.74
chr7,172505,173085,16.77
chr7,206735,207221,51.06
chr7,220729,221256,51.68
chr7,221005,221531,49.60
chr7,224171,225759,53.72
chr7,224226,224745,52.93
chr7,224390,224850,50.91
chr7,224774,225294,61.81
chr7,225407,225867,36.04
chr7,225467,225986,35.15
chr7,346342,346844,15.90
chr7,403093,403976,81.03
chr7,410839,411494,33.15
chr7,419104,419772,20.38
chr7,419432,419899,11.75
chr7,419652,420320,19.00
chr7,421124,421632,27.57
chr7,451123,451600,37.14
chr7,456023,456637,11.16
chr7,456816,457359,13.59
chr7,470923,471408,11.77
chr7,475394,476016,30.19
chr7,531435,531925,15.00
chr7,629448,629903,48.74
chr7,747448,748022,60.24
chr7,747647,748105,58.65
chr7,889602,890082,94.83
chr7,908905,909475,21.18
chr7,1016352,1016822,50.10
chr7,1031191,1031707,21.24
chr7,1159317,1159767,18.06
chr7,1224683,1225241,40.54
chr7,1496075,1496536,29.90
chr7,1525979,1526465,42.07
chr7,1861195,1861843,23.89
chr7,1870296,1870925,70.08
chr7,1903135,1904087,57.81
chr7,1904125,1904663,48.40
chr7,1904300,1905322,33.32
chr7,1904662,1905614,36.83
chr7,1937416,1937888,45.54
chr7,1937788,1938332,46.04
chr7,1990515,1991698,22.77
chr7,2035032,2035872,58.47
chr7,2035843,2036353,53.20
chr7,2210205,2210697,31.58
chr7,2493751,2494218,26.20
chr7,2909201,2909660,6.59
chr7,2909314,2909833,5.84
chr7,5449020,5449616,87.25
chr7,10162714,10163174,106.78
chr7,10589158,10589724,89.58
chr7,14211376,14212480,47.75
chr7,14211749,14212279,33.57
chr7,14211975,14212480,46.34
chr7,15184614,15185068,50.92
chr7,15322237,15322727,94.33
chr7,15406357,15406916,51.87
chr7,15406531,15407131,54.35
chr7,16789643,16790121,8.37
chr7,17713290,17713769,67.81
chr7,18104914,18105454,76.16
chr7,22028936,22029490,35.38
chr7,22433039,22433618,63.39
chr7,23637024,23637524,43.11
chr7,23637367,23638203,36.07
chr7,23904311,23904809,26.18
chr7,26003963,26004418,46.62
chr7,27267990,27268550,46.40
chr7,34607883,34608567,47.97
chr7,44226809,44227396,3.24
chr7,44227019,44227547,0.11
chr7,44227240,44227691,0.64
chr7,44960987,44961458,5.46
chr7,46326670,46327391,28.01
chr7,47111568,47112080,73.37
chr7,49534652,49535122,84.36
chr7,55237455,55237907,55.28
chr7,55721756,55722310,45.93
chr7,55887493,55887965,19.19
chr7,55887517,55888054,21.85
chr7,56368553,56369048,26.59
chr7,57491289,57491865,306.46
chr7,57493922,57494374,145.21
chr7,57905882,57915669,18.92
chr7,62202778,62203348,44.89
chr7,63425152,63425609,63.14
chr7,63752104,63752600,39.91
chr7,65140622,65141082,18.66
chr7,65226955,65227406,1.37
chr7,65226999,65227467,1.19
chr7,65258079,65259373,30.73
chr7,65283120,65283894,28.41
chr7,70003392,70003858,89.12
chr7,72457996,72458493,51.97
chr7,73835979,73836429,42.32
chr7,74369655,74370355,17.02
chr7,75254471,75254955,6.02
chr7,75749770,75750475,34.85
chr7,77014456,77014996,76.90
chr7,77240819,77241274,45.02
chr7,77512968,77513647,64.72
chr7,79324411,79324888,59.66
chr7,81364844,81365364,79.84
chr7,84086262,84086723,97.49
chr7,87626046,87626755,101.75
chr7,89924572,89925324,92.08
chr7,98839285,98839819,35.53
chr7,99180547,99181017,47.36
chr7,99214436,99214889,14.95
chr7,100970264,100970720,50.68
chr7,105170619,105171085,48.12
chr7,112551669,112552167,46.56
chr7,113493903,113494406,76.95
chr7,121422065,121422625,34.49
chr7,123042205,123042655,83.48
chr7,123042812,123043348,46.86
chr7,123407967,123408455,73.08
chr7,128576385,128577010,35.70
chr7,132984698,132985979,27.86
chr7,134231380,134231832,53.42
chr7,135504251,135504985,50.76
chr7,137448366,137448838,38.40
chr7,137558297,137558968,31.54
chr7,140035787,140036256,34.25
chr7,141731558,141732017,59.02
chr7,142603310,142603771,81.08
chr7,142603456,142603938,72.48
chr7,145804099,145804806,53.58
chr7,145988714,145989185,79.49
chr7,147574988,147575439,51.87
chr7,148409588,148410122,33.18
chr7,148414270,148414727,61.92
chr7,148647630,148648166,103.37
chr7,149120882,149121594,43.80
chr7,149865634,149866118,43.49
chr7,149991716,149992256,61.88
chr7,150037521,150038003,29.80
chr7,150038688,150039319,38.80
chr7,150038988,150040095,42.00
chr7,150110220,150110721,34.73
chr7,150779740,150780245,80.55
chr7,151525859,151526619,48.19
chr7,151855237,151855697,34.08
chr7,151873938,151874500,77.11
chr7,152870660,152871216,28.12
chr7,153314748,153315214,40.90
chr7,154123478,154123949,36.05
chr7,154656051,154656529,18.66
chr7,154656817,154657363,17.40
chr7,154656817,154657546,14.48
chr7,154657289,154657763,14.20
chr7,154662183,154662670,85.23
chr7,154662354,154663898,36.79
chr7,154663639,154664303,51.94
chr7,155123883,155124349,47.45
chr7,155124028,155124538,39.55
chr7,155140149,155140645,31.88
chr7,155140250,155140842,27.68
chr7,155346556,155347157,24.03
chr7,155346794,155347260,12.60
chr7,155347083,155348534,22.04
chr7,155366971,155367449,57.44
chr7,155367219,155367670,25.23
chr7,155406835,155407305,49.05
chr7,155406940,155407412,41.40
chr7,155407163,155407616,32.87
chr7,155616329,155616805,70.28
chr7,155616407,155616863,68.68
chr7,155616945,155617697,62.98
chr7,155673434,155673897,57.77
chr7,155933744,155934298,35.32
chr7,155934197,155934754,32.10
chr7,155934491,155934984,36.10
chr7,156052882,156053361,50.62
chr7,156153921,156155055,73.33
chr7,156154756,156155659,123.42
chr7,156520124,156520616,52.46
chr7,157086563,157087022,44.56
chr7,157437789,157438244,26.55
chr7,157647120,157647588,50.75
chr7,157647222,157648200,48.37
chr7,157666698,157667338,44.63
chr7,157710570,157711070,41.97
chr7,157711721,157712225,13.69
chr7,157716044,157716564,38.69
chr7,157933571,157934039,66.98
chr7,157940510,157940999,28.70
chr7,157940673,157941291,22.66
chr7,157941068,157941530,29.17
chr7,157954013,157954476,46.03
chr7,157982726,157983179,62.81
chr7,157994675,157995238,30.74
chr7,158013643,158014235,22.52
chr7,158058515,158059947,46.73
chr7,158059895,158060480,45.78
chr7,158070921,158071407,53.61
chr7,158071569,158072114,35.49
chr7,158104493,158104947,54.73
chr7,158198461,158198955,59.19
chr7,158244969,158245423,42.35
chr7,158251408,158251890,52.84
chr7,158253657,158254800,45.59
chr7,158276025,158276631,12.90
chr7,158295017,158295505,31.02
chr7,158295123,158295603,25.32
chr7,158295275,158295763,30.83
chr7,158319582,158320044,35.71
chr7,158405815,158406301,43.76
chr7,158406904,158407367,34.15
chr7,158460125,158460598,67.63
chr7,158463959,158464422,100.15
chr7,158493304,158494012,59.61
chr7,158496364,158496874,3.65
chr7,158667104,158667606,36.73
chr7,158838627,158839207,76.11
chr7,158981793,158982247,62.58
chr7,159005759,159006425,52.58
chr7,159152158,159152614,64.25
chr7,159171902,159172375,78.73
chr7,159205938,159206583,39.17
chr7,159206458,159206950,49.06
chr7,159206785,159207279,49.73
chr7,159216465,159216931,68.59
chr8,265843,266308,14.29
chr8,282096,282618,66.03
chr8,600972,601452,44.52
chr8,616636,617102,32.97
chr8,639461,639911,38.39
chr8,639538,639988,43.59
chr8,671501,671958,58.47
chr8,674901,675713,13.92
chr8,675453,675961,9.63
chr8,675808,676289,10.38
chr8,675900,676439,7.99
chr8,695861,696323,26.40
chr8,696350,696906,50.87
chr8,699567,700093,30.02
chr8,882270,882826,38.42
chr8,895556,896024,50.48
chr8,943343,943806,44.32
chr8,943410,943905,49.02
chr8,1060071,1060543,32.74
chr8,1094858,1095314,45.29
chr8,1180675,1181195,28.63
chr8,1180849,1181325,30.02
chr8,1188277,1188800,48.95
chr8,1197397,1197847,40.76
chr8,1215205,1215830,91.48
chr8,1282194,1283094,38.24
chr8,1302051,1302501,37.99
chr8,1302151,1302601,33.57
chr8,1384934,1385418,112.14
chr8,1385271,1385879,38.32
chr8,1387917,1388724,21.59
chr8,1419166,1419689,44.08
chr8,1443050,1443508,70.14
chr8,1449602,1450055,38.06
chr8,1449814,1450408,41.08
chr8,1483279,1483771,28.82
chr8,1568054,1568504,56.59
chr8,1568644,1569094,53.08
chr8,1763178,1763682,10.35
chr8,1797997,1798545,15.47
chr8,1798306,1799002,7.92
chr8,1828345,1828838,76.98
chr8,1832708,1833171,78.51
chr8,1841692,1842146,45.75
chr8,1874565,1875201,33.29
chr8,1887904,1888393,34.78
chr8,1888018,1889134,33.87
chr8,1952945,1953443,45.88
chr8,1954744,1955195,48.39
chr8,1954855,1955306,51.61
chr8,1990475,1991007,29.90
chr8,2085293,2086481,21.87
chr8,2085999,2086454,21.18
chr8,2138750,2139216,34.92
chr8,2269690,2270177,90.59
chr8,2471624,2472099,47.01
chr8,3135195,3135662,57.79
chr8,3794856,3795352,60.93
chr8,3794979,3795561,40.09
chr8,3795120,3795967,34.92
chr8,4116311,4116789,37.11
chr8,7037217,7037669,50.73
chr8,9657016,9657466,67.70
chr8,9814319,9814803,16.76
chr8,10805383,10805983,30.94
chr8,11782563,11783090,68.80
chr8,11916921,11917399,50.42
chr8,15352919,15353660,44.42
chr8,16707783,16708237,80.50
chr8,17552312,17552798,63.00
chr8,20635487,20635939,97.62
chr8,26078068,26078531,39.95
chr8,26221571,26222076,48.33
chr8,26221698,26222181,47.35
chr8,26242960,26243425,62.00
chr8,30950784,30951433,23.14
chr8,34825289,34825780,42.20
chr8,35247353,35247860,55.05
chr8,38507673,38508139,31.36
chr8,39150637,39151135,81.62
chr8,46494023,46496488,54.27
chr8,51534660,51535134,63.42
chr8,53948441,53948903,81.98
chr8,55721953,55722479,93.00
chr8,57522396,57522937,54.96
chr8,57522884,57523420,86.73
chr8,61752208,61752963,29.32
chr8,62210836,62211392,89.35
chr8,63997460,63998208,53.22
chr8,73899500,73900008,48.97
chr8,74591113,74591608,73.93
chr8,76644757,76645325,64.20
chr8,81334167,81334665,67.33
chr8,82284255,82285266,69.59
chr8,83088349,83088811,75.78
chr8,86693842,86694292,38.50
chr8,90141430,90141891,99.39
chr8,91827786,91828259,56.29
chr8,94340675,94341162,38.01
chr8,95823907,95824426,46.76
chr8,98825515,98825975,43.19
chr8,99849709,99850177,104.42
chr8,100891877,100892535,45.50
chr8,120521672,120522198,60.68
chr8,120521966,120522534,60.53
chr8,121439015,121439467,91.35
chr8,123315067,123315545,30.48
chr8,127203277,127203788,100.63
chr8,127316229,127316680,15.47
chr8,128118369,128118861,47.02
chr8,128328649,128329209,76.01
chr8,131215899,131216355,69.43
chr8,131487306,131487825,45.66
chr8,132746162,132746636,73.19
chr8,134243356,134243879,103.02
chr8,134930359,134930829,63.57
chr8,135535025,135535512,74.60
chr8,136955436,136955949,32.09
chr8,136991985,136992441,106.36
chr8,137062402,137062902,81.04
chr8,137236327,137236799,109.07
chr8,137295403,137295968,62.24
chr8,138059120,138059634,61.96
chr8,139409751,139410306,85.96
chr8,139936505,139936993,42.70
chr8,139997374,139997864,67.10
chr8,140110043,140110680,11.04
chr8,141347332,141347796,67.27
chr8,141347594,141348072,68.55
chr8,141347694,141348264,63.40
chr8,141436822,141437481,25.92
chr8,141487768,141488262,21.28
chr8,141632766,141634292,39.97
chr8,141812904,141813356,2.06
chr8,141970425,141971005,51.63
chr8,142390416,142390940,52.79
chr8,142516449,142516927,28.08
chr8,142674066,142674533,53.02
chr8,142674164,142674628,50.75
chr8,142759627,142760517,48.19
chr8,142760204,142760849,69.98
chr8,142789398,142789848,24.74
chr8,142897986,142898446,47.19
chr8,142898090,142898670,50.37
chr8,142976614,142977064,51.27
chr8,143015045,143015571,53.40
chr8,143038276,143038740,61.49
chr8,143308099,143308563,23.96
chr8,143316217,143316721,29.27
chr8,143339944,143340503,21.61
chr8,143486607,143487145,73.92
chr8,143492480,143492950,40.06
chr8,143575534,143575988,19.57
chr8,143666329,143666875,31.46
chr8,143666635,143667085,33.56
chr8,143692360,143692840,28.16
chr8,143860546,143862547,39.47
chr8,143912249,143912720,43.97
chr8,143931082,143931595,28.47
chr8,144281097,144281593,18.24
chr8,144281184,144281644,18.37
chr8,144633944,144634508,69.28
chr8,144686679,144687862,84.46
chr8,144811646,144812116,72.21
chr9,319895,322552,47.35
chr9,379835,380296,63.07
chr9,414257,414724,67.18
chr9,707907,708363,70.32
chr9,707991,708447,69.31
chr9,9844891,9845351,74.44
chr9,10020102,10021626,31.59
chr9,14860973,14861491,83.15
chr9,17764630,17765141,60.42
chr9,20973625,20974216,86.67
chr9,21980923,21981376,92.32
chr9,29188779,29189278,33.73
chr9,32693867,32694345,43.56
chr9,32900411,32900928,63.52
chr9,33251702,33252167,39.73
chr9,35372478,35373487,42.78
chr9,35373239,35374328,46.56
chr9,38325031,38325509,42.79
chr9,39349820,39350530,23.17
chr9,40847857,40849637,106.18
chr9,41111937,41112415,95.05
chr9,41861856,41862376,41.75
chr9,42118630,42119154,25.12
chr9,63384932,63385383,11.23
chr9,63448826,63449295,15.74
chr9,65398012,65398501,11.52
chr9,68322691,68323171,69.39
chr9,74704132,74704796,40.38
chr9,76304330,76307124,23.67
chr9,76791008,76791582,71.96
chr9,80653897,80656265,42.93
chr9,80985448,80985934,97.89
chr9,84797474,84797929,95.43
chr9,86107532,86109556,25.07
chr9,86558820,86559324,73.15
chr9,86587922,86588451,54.35
chr9,87144692,87145145,85.05
chr9,87758000,87758478,86.15
chr9,87758216,87758792,67.44
chr9,89404698,89405194,48.03
chr9,89423552,89424010,40.17
chr9,89471498,89471994,59.35
chr9,90861317,90861797,35.72
chr9,91796537,91798186,28.87
chr9,92830753,92831292,50.22
chr9,94270694,94271153,58.66
chr9,97796756,97797254,45.21
chr9,98214068,98214538,68.60
chr9,103014478,103014983,100.57
chr9,105041457,105041991,48.22
chr9,108900555,108901052,49.88
chr9,110541550,110542002,86.94
chr9,111640926,111641553,56.25
chr9,111641397,111642107,67.25
chr9,113900488,113900966,43.54
chr9,121092247,121092797,58.18
chr9,126484251,126485013,45.83
chr9,126485164,126485623,26.10
chr9,128138589,128139949,17.79
chr9,128437658,128438250,53.62
chr9,129239020,129239470,54.16
chr9,130277480,130277985,62.25
chr9,130564632,130565131,62.20
chr9,132812816,132813285,59.73
chr9,132821539,132822035,112.80
chr9,133071040,133071505,30.03
chr9,133826964,133828324,16.15
chr9,133827436,133827932,9.21
chr9,133827700,133828253,4.98
chr9,133828072,133828568,17.84
chr9,134013295,134013839,21.26
chr9,134013571,134014043,20.64
chr9,134115188,134117801,18.36
chr9,134422357,134422811,23.40
chr9,134470076,134470558,46.64
chr9,134523995,134524455,94.70
chr9,134524570,134525030,33.85
chr9,134574441,134574891,53.94
chr9,134849218,134850242,33.63
chr9,134850277,134850773,45.34
chr9,134979061,134979513,36.18
chr9,135162582,135163116,47.41
chr9,135264627,135265117,30.91
chr9,135548777,135549305,25.15
chr9,135578009,135578763,38.50
chr9,135981404,135981924,31.18
chr9,136101260,136101876,33.47
chr9,136174144,136174625,31.20
chr9,136251800,136252285,34.42
chr9,136351968,136352426,30.31
chr9,136579844,136580553,62.28
chr9,136580212,136580854,38.19
chr9,136598133,136598803,53.02
chr9,136671081,136671533,17.60
chr9,136675308,136675790,19.46
chr9,137144553,137145012,34.75
chr9,137144628,137145088,33.40
chr9,137145291,137145750,39.80
chr9,137440764,137441221,1.27
chr9,137450279,137450769,13.40
chr9,137450905,137451595,10.84
chr9,137565023,137567399,20.39
chr9,137567026,137567602,19.05
chr9,137567442,137567902,20.39
chr9,137567638,137568128,32.90
chr9,137567942,137568432,42.38
chr9,137723059,137723608,42.47
chr9,137976612,137977206,65.26
chr9,138017689,138019162,27.76
chr9,138017808,138018615,29.50
chr9,138126444,138126904,36.03
chr9,138126565,138127024,27.32
chr9,138126685,138127145,33.08
chr9,138150170,138150632,40.37
chr10,264640,265158,58.50
chr10,401775,403792,38.00
chr10,417898,418416,21.85
chr10,679231,679691,20.16
chr10,717571,718112,50.47
chr10,723562,724196,35.84
chr10,756892,757437,45.00
chr10,766073,766912,93.40
chr10,783555,784016,44.94
chr10,783673,784256,31.87
chr10,783860,784321,23.39
chr10,954549,955001,30.63
chr10,1009837,1010315,45.11
chr10,1038490,1039016,53.40
chr10,1046660,1047799,30.40
chr10,1117755,1118327,32.54
chr10,1189529,1189983,34.24
chr10,1201587,1202057,61.46
chr10,1205132,1205604,34.76
chr10,1326568,1327202,30.49
chr10,1326680,1327135,19.98
chr10,1326751,1327205,12.96
chr10,1327018,1327472,11.49
chr10,1327027,1327913,20.65
chr10,1409669,1410153,46.18
chr10,1459709,1460177,52.18
chr10,1528847,1529318,43.84
chr10,1547360,1547833,24.08
chr10,1659529,1660001,44.40
chr10,1971267,1971789,51.23
chr10,2290509,2291045,42.12
chr10,2290795,2291333,43.20
chr10,3060729,3061349,41.88
chr10,3061067,3061563,39.21
chr10,3458086,3458578,93.23
chr10,3663475,3663969,50.89
chr10,4815235,4815855,61.79
chr10,6206661,6207137,34.71
chr10,6210333,6210783,27.14
chr10,6210333,6211083,28.52
chr10,6646651,6647114,32.46
chr10,6794907,6795438,21.58
chr10,6834733,6835469,59.41
chr10,7666940,7667483,7.72
chr10,7953665,7955151,58.97
chr10,9272909,9273471,39.62
chr10,10266201,10266736,27.86
chr10,10767640,10768210,28.15
chr10,11365638,11366576,20.19
chr10,11366257,11366909,25.64
chr10,12246842,12247480,31.28
chr10,12774800,12775831,110.77
chr10,19306081,19306545,82.27
chr10,20126199,20126668,80.03
chr10,23789715,23790319,77.50
chr10,23790192,23790702,76.87
chr10,27106616,27107073,77.50
chr10,28506778,28507493,36.39
chr10,30677225,30677691,24.80
chr10,30677407,30677876,25.16
chr10,34854679,34855252,35.71
chr10,35518205,35518865,69.91
chr10,35549539,35550103,37.62
chr10,42847420,42847947,29.20
chr10,43708922,43709574,63.79
chr10,43709395,43710131,49.14
chr10,44662467,44663167,24.42
chr10,44866189,44866676,62.89
chr10,45870197,45870744,71.81
chr10,46271175,46271947,27.68
chr10,47180579,47181043,35.14
chr10,47327899,47328425,51.69
chr10,49335202,49335837,42.41
chr10,55542373,55542940,92.29
chr10,59696802,59697330,35.34
chr10,59881962,59882489,19.16
chr10,62947591,62948166,30.59
chr10,62947819,62948563,33.06
chr10,64552976,64553426,109.16
chr10,65750527,65750992,57.59
chr10,68059309,68059902,71.38
chr10,70918524,70919079,38.77
chr10,76818984,76819512,39.07
chr10,77888788,77889246,38.71
chr10,80025694,80026188,51.67
chr10,81370408,81371135,68.20
chr10,96816172,96816635,46.89
chr10,98152259,98152929,16.24
chr10,102768165,102768890,28.46
chr10,103700803,103701289,54.05
chr10,106128078,106128618,46.26
chr10,111430853,111431378,37.38
chr10,111431352,111431820,53.12
chr10,111733325,111733785,47.20
chr10,114998064,114998520,94.10
chr10,114998064,114998576,91.16
chr10,119394176,119394675,27.37
chr10,119394294,119394764,21.29
chr10,119394299,119394901,28.18
chr10,119722154,119722651,40.61
chr10,120358350,120358924,54.37
chr10,122813703,122814183,57.06
chr10,122814019,122814497,41.56
chr10,126938568,126939032,20.31
chr10,129223702,129224152,33.90
chr10,130051340,130051848,19.12
chr10,130051628,130052100,8.99
chr10,130051772,130052244,15.51
chr10,130359962,130360662,16.86
chr10,130518714,130519300,40.28
chr10,130758856,130759537,34.75
chr10,130759140,130759912,21.86
chr10,130759837,130760548,17.56
chr10,131289413,131290188,31.95
chr10,131916917,131917983,62.21
chr10,131938871,131939382,58.46
chr10,132140369,132140847,36.34
chr10,132180344,132180852,19.97
chr10,132191316,132192045,47.18
chr10,132254350,132254855,29.95
chr10,132254350,132254960,30.03
chr10,132284074,132284549,14.20
chr10,132351752,132352725,22.57
chr10,132356151,132356605,42.87
chr10,132358086,132358601,40.48
chr10,132358398,132358853,20.99
chr10,132358535,132358992,13.86
chr10,132358559,132359127,11.67
chr10,132358620,132359079,7.95
chr10,132358757,132359299,22.53
chr10,132505074,132505770,113.22
chr10,132521790,132522252,23.12
chr10,132522060,132522591,19.54
chr10,132757885,132758525,33.48
chr10,132771459,132771913,51.94
chr10,132771507,132771962,49.34
chr10,132772265,132772827,56.91
chr10,132858081,132858536,35.56
chr10,132877581,132878033,35.68
chr10,132996295,132996750,22.71
chr10,133029845,133030407,28.68
chr10,133112755,133113210,44.82
chr10,133220525,133220989,40.35
chr10,133222308,133223104,21.64
chr10,133222776,133223302,17.63
chr10,133264614,133265252,28.17
chr10,133291020,133291985,12.13
chr10,133291653,133292679,9.41
chr10,133402844,133403297,42.92
chr10,133610565,133611140,56.11
chr11,70501,71056,33.99
chr11,186386,186933,66.00
chr11,195920,196371,14.77
chr11,196141,196748,16.73
chr11,381088,381680,23.34
chr11,384701,385519,29.10
chr11,390278,391018,34.80
chr11,421168,421708,30.64
chr11,436563,437028,6.42
chr11,485537,485994,50.67
chr11,487780,488249,29.00
chr11,491442,492066,21.16
chr11,541671,542227,21.49
chr11,576545,577002,27.23
chr11,635617,636133,31.98
chr11,639803,640299,28.44
chr11,647606,648146,33.75
chr11,771975,772459,38.74
chr11,1088389,1088850,26.52
chr11,1148139,1148603,42.48
chr11,1155047,1155857,20.17
chr11,1155478,1156158,22.88
chr11,1255350,1255986,27.20
chr11,1509923,1510675,35.90
chr11,1550690,1551212,65.29
chr11,1641588,1642537,12.40
chr11,1660699,1661219,24.03
chr11,1660960,1661460,15.55
chr11,1684312,1684840,10.58
chr11,1684607,1685144,10.16
chr11,1803925,1804391,18.75
chr11,1950403,1950905,18.78
chr11,2005327,2005785,22.09
chr11,2193881,2194535,31.44
chr11,2923078,2923539,36.86
chr11,4137389,4137839,37.54
chr11,4137483,4138059,36.76
chr11,8910360,8910837,27.88
chr11,14160192,14160757,51.97
chr11,17711275,17711743,55.54
chr11,18143447,18143913,64.60
chr11,22637177,22637641,50.82
chr11,22986173,22986658,67.72
chr11,28430722,28431328,36.14
chr11,32755411,32755891,74.13
chr11,34026826,34027320,85.07
chr11,34026946,34027456,76.65
chr11,34227628,34228353,55.97
chr11,36144634,36145288,22.32
chr11,36145121,36145648,22.37
chr11,36756051,36756763,57.79
chr11,37348389,37348845,115.67
chr11,39270766,39271298,63.49
chr11,41303866,41304393,28.30
chr11,42681788,42682270,98.61
chr11,47097092,47097619,64.05
chr11,48692293,48693721,24.58
chr11,50406507,50407426,66.86
chr11,50588095,50588983,66.86
chr11,57943539,57944057,29.38
chr11,58051258,58052658,23.13
chr11,60815185,60815762,41.30
chr11,61201790,61202269,60.43
chr11,62951474,62951932,64.66
chr11,63112836,63113425,45.25
chr11,65248878,65249333,52.10
chr11,65842568,65843241,29.03
chr11,67669784,67670396,45.56
chr11,69069311,69069866,61.31
chr11,69082418,69082880,71.98
chr11,69082798,69083260,66.57
chr11,70121629,70122096,61.97
chr11,70121716,70122182,57.45
chr11,70739841,70740296,40.49
chr11,71095641,71096121,52.25
chr11,71095725,71096205,54.26
chr11,71167789,71168542,31.40
chr11,87754895,87755376,52.46
chr11,88053216,88053674,75.06
chr11,89036422,89036876,92.69
chr11,89164139,89164591,72.79
chr11,90270952,90271460,35.80
chr11,92974351,92974913,43.92
chr11,95320747,95321288,41.08
chr11,99598064,99598546,56.00
chr11,102667613,102668063,105.18
chr11,106638105,106638558,79.61
chr11,106638350,106638807,85.52
chr11,109227847,109228565,84.89
chr11,109228430,109228958,68.95
chr11,110444472,110444924,76.73
chr11,110618880,110619465,76.78
chr11,114960848,114961317,29.93
chr11,117251051,117251539,59.64
chr11,120082229,120083326,44.44
chr11,121481605,121482059,68.86
chr11,123681623,123682086,56.95
chr11,128584738,128585227,76.86
chr11,129563211,129563883,81.73
chr11,129563958,129564448,79.54
chr11,130532266,130532757,53.17
chr11,131266537,131267010,84.33
chr11,131672621,131673088,30.46
chr11,133140801,133141256,35.63
chr11,134092779,134093786,67.63
chr11,134093623,134094083,89.45
chr11,134165780,134166478,41.70
chr11,134166091,134166554,37.79
chr11,134375533,134376071,45.02
chr11,134420214,134420670,46.77
chr11,134457516,134458109,43.00
chr11,134530000,134530622,11.89
chr11,134927236,134927708,68.94
chr11,134933483,134934802,52.19
chr11,134934458,134935297,37.74
chr11,134935152,134935712,44.91
chr11,134936873,134937330,54.89
chr11,134961728,134962258,40.54
chr11,134985321,134985931,48.48
chr11,134985773,134986453,45.96
chr11,135041253,135041928,39.98
chr11,135041627,135042247,39.55
chr11,135041879,135042510,34.13
chr12,45417,45931,132.40
chr12,130786,131242,34.14
chr12,258765,259285,76.82
chr12,259047,259507,74.00
chr12,434761,435319,62.58
chr12,582493,582965,60.68
chr12,590442,590912,56.00
chr12,783354,783891,34.01
chr12,1079084,1079578,107.12
chr12,1660854,1661364,39.42
chr12,1921287,1921875,42.07
chr12,2407055,2407558,73.45
chr12,2546178,2546638,69.11
chr12,3197468,3198993,30.15
chr12,4972783,4973757,51.26
chr12,5211863,5212373,45.72
chr12,7199606,7200100,36.01
chr12,7420831,7421287,91.17
chr12,7979548,7980465,16.30
chr12,8448986,8449473,47.84
chr12,8625388,8625964,67.17
chr12,9569241,9570632,13.75
chr12,10882236,10882699,45.79
chr12,11267201,11267726,37.97
chr12,11267287,11267750,34.44
chr12,11874262,11874714,47.31
chr12,12413524,12414149,37.84
chr12,18369220,18369741,63.94
chr12,18369427,18369947,67.07
chr12,18369547,18370007,72.92
chr12,21976431,21977653,34.07
chr12,22033482,22033951,67.22
chr12,24006970,24007622,48.88
chr12,26784731,26785208,13.49
chr12,26784854,26785554,17.90
chr12,30869865,30870351,39.76
chr12,30957487,30957975,34.04
chr12,31122225,31122705,44.06
chr12,31122567,31123126,38.63
chr12,40247294,40247748,94.31
chr12,43790392,43791071,54.44
chr12,43790692,43791185,58.03
chr12,48056648,48057118,27.31
chr12,48056651,48057195,28.25
chr12,48056810,48057318,35.21
chr12,49436066,49436593,48.16
chr12,49877870,49879532,60.37
chr12,51196843,51197307,38.95
chr12,53029831,53030389,35.46
chr12,53682202,53682922,28.62
chr12,56788886,56789511,40.85
chr12,56789318,56789768,32.73
chr12,60908247,60908822,43.66
chr12,62010649,62011125,32.04
chr12,63556116,63556576,83.48
chr12,63948685,63949170,98.94
chr12,64366121,64366766,68.61
chr12,69041061,69041523,62.24
chr12,69041061,69041587,58.79
chr12,69228670,69229122,33.10
chr12,69228817,69229271,37.44
chr12,69236034,69236524,82.18
chr12,69664800,69665309,52.09
chr12,71563736,71564409,55.79
chr12,78280517,78281021,77.54
chr12,81906475,81907000,70.04
chr12,81906476,81906929,74.33
chr12,82900007,82900547,91.38
chr12,83393478,83393936,67.04
chr12,84680588,84681125,85.21
chr12,87485640,87486120,91.04
chr12,88701445,88701905,25.15
chr12,90777015,90777568,77.75
chr12,92195212,92195722,84.87
chr12,92727779,92728292,40.07
chr12,93392276,93393100,30.77
chr12,95235095,95235622,38.72
chr12,96664565,96665015,68.55
chr12,96826954,96827570,67.94
chr12,96827034,96827489,50.66
chr12,101704314,101705376,43.83
chr12,106224657,106225120,46.13
chr12,106224758,106225221,44.75
chr12,109357416,109357913,81.31
chr12,109357572,109358069,75.32
chr12,109635014,109635546,98.30
chr12,111296420,111296877,54.49
chr12,113450120,113451220,70.42
chr12,118098020,118098472,33.95
chr12,119951618,119952147,32.41
chr12,120852136,120852650,74.89
chr12,120927163,120927632,19.04
chr12,120987787,120988250,61.33
chr12,122853016,122853571,22.10
chr12,123521441,123521893,48.96
chr12,124671555,124672029,77.39
chr12,124849646,124850332,41.10
chr12,125114462,125114937,41.11
chr12,125204031,125204894,63.17
chr12,125410529,125411080,26.05
chr12,126728219,126728783,39.44
chr12,128042188,128042698,40.51
chr12,128189233,128189706,48.79
chr12,129190227,129190685,24.44
chr12,129479518,129480042,63.53
chr12,129854968,129858465,34.11
chr12,130157538,130157992,65.08
chr12,130386676,130387144,72.88
chr12,130482501,130482963,60.29
chr12,130531718,130532271,82.19
chr12,130996158,130996647,51.97
chr12,131037279,131037829,48.97
chr12,131067398,131067857,42.68
chr12,131277941,131278431,33.85
chr12,131305807,131306314,51.84
chr12,131305937,131306389,41.57
chr12,131306309,131306761,61.17
chr12,131306569,131307021,43.20
chr12,131366822,131367653,70.69
chr12,131382087,131382995,20.90
chr12,131382827,131383456,16.34
chr12,131404914,131405485,56.28
chr12,131432726,131433402,19.93
chr12,131433009,131433502,10.11
chr12,131433145,131433607,11.59
chr12,131433238,131433824,9.20
chr12,131594221,131594929,33.07
chr12,131700896,131701521,17.93
chr12,132149452,132149940,89.07
chr12,132149769,132150340,35.48
chr12,132211958,132212478,37.56
chr12,132212825,132213385,31.81
chr12,132281577,132282091,44.64
chr12,132290328,132291103,19.91
chr12,132290863,132291458,13.85
chr12,132313801,132314261,31.41
chr12,132365454,132366090,37.15
chr12,132365750,132366268,37.36
chr12,132392003,132392574,15.51
chr12,132562779,132563260,26.50
chr12,132563612,132564094,25.36
chr12,132564413,132564947,38.03
chr12,132587609,132588127,35.82
chr12,132758918,132759405,40.13
chr12,132776303,132776782,31.80
chr12,132787397,132787885,11.09
chr12,132817057,132817556,69.91
chr12,132817379,132817877,37.71
chr12,132817430,132817928,34.33
chr12,132868607,132869320,17.81
chr12,132895314,132896117,45.07
chr13,18198235,18198691,83.79
chr13,18496401,18496897,108.33
chr13,23101307,23101830,47.83
chr13,24190047,24190504,65.83
chr13,25425299,25425810,33.10
chr13,26723782,26724356,31.20
chr13,27287433,27287937,46.32
chr13,27998904,27999367,66.49
chr13,29909080,29909625,65.77
chr13,30269829,30270454,36.42
chr13,30838981,30839466,26.39
chr13,30839120,30839787,18.04
chr13,31602412,31602919,63.46
chr13,31889297,31889780,61.05
chr13,33177551,33178058,51.10
chr13,34541059,34541509,36.01
chr13,39352622,39353124,50.60
chr13,45381306,45382347,50.72
chr13,47740351,47741477,30.63
chr13,48427366,48427819,98.61
chr13,49799190,49799779,102.77
chr13,51773962,51774548,90.11
chr13,51774231,51775456,69.46
chr13,51775495,51775956,98.90
chr13,51775865,51776341,95.01
chr13,60740913,60742302,12.18
chr13,61384361,61385087,73.63
chr13,63050217,63050751,81.10
chr13,64517302,64517771,97.08
chr13,65448901,65449395,66.74
chr13,67323002,67323468,97.84
chr13,67613103,67613608,66.54
chr13,71733925,71734446,78.69
chr13,71734174,71734638,80.63
chr13,77660180,77660700,41.06
chr13,79957298,79957924,43.45
chr13,81285308,81285768,86.27
chr13,83005977,83006575,76.47
chr13,83380310,83380764,38.11
chr13,87774099,87774593,89.45
chr13,90495636,90496138,41.65
chr13,94392431,94392969,33.57
chr13,98653727,98654190,62.42
chr13,102137902,102138594,46.95
chr13,109008502,109008954,73.65
chr13,109569192,109569723,48.09
chr13,109717086,109717612,65.58
chr13,109765339,109765886,28.64
chr13,109765584,109766082,11.66
chr13,109765682,109766278,11.06
chr13,109765976,109766915,18.20
chr13,110355461,110355959,18.16
chr13,110408634,110409175,40.40
chr13,110677224,110677771,19.37
chr13,111044677,111045202,23.83
chr13,111051939,111052689,24.07
chr13,111254161,111254612,67.94
chr13,111517739,111518202,11.14
chr13,112766808,112767525,10.47
chr13,112844970,112845434,28.09
chr13,112884535,112884994,66.47
chr13,113011962,113012525,29.62
chr13,113012293,113012796,49.13
chr13,113025543,113025997,16.92
chr13,113068064,113068728,23.74
chr13,113068526,113068992,49.84
chr13,113069056,113069522,71.93
chr13,113085629,113086085,31.69
chr13,113136418,113137011,35.11
chr13,113136615,113137149,37.22
chr13,113314192,113314880,51.36
chr13,113314287,113314783,49.86
chr13,113330550,113331009,51.20
chr13,113330613,113331113,40.51
chr13,113352787,113353277,43.48
chr13,113374945,113375425,37.26
chr13,113375172,113375732,27.14
chr13,113377410,113378193,26.22
chr13,113725338,113725990,36.58
chr13,113745574,113746032,59.46
chr13,113751929,113752449,56.44
chr13,113787847,113788340,16.29
chr13,113789952,113790672,55.88
chr13,113841466,113841948,43.18
chr13,113898629,113899677,32.05
chr13,113899527,113900089,26.74
chr13,113900092,113900546,50.94
chr13,113984144,113988454,13.32
chr13,113990931,113991395,38.54
chr13,114019544,114020025,34.43
chr13,114075328,114075836,39.62
chr13,114075476,114075930,37.99
chr13,114103975,114104533,21.63
chr13,114119834,114120408,28.93
chr13,114120043,114120518,24.66
chr13,114138173,114138690,34.52
chr13,114139466,114139983,31.96
chr13,114198629,114199107,16.13
chr13,114230967,114231424,87.96
chr14,19158757,19159207,29.63
chr14,20310296,20310774,40.63
chr14,25866176,25866650,58.76
chr14,25866693,25867151,54.28
chr14,25867266,25867790,64.60
chr14,25867645,25868133,86.88
chr14,27512727,27513223,60.38
chr14,29526332,29526796,94.19
chr14,29825959,29826543,60.23
chr14,34443175,34443706,33.98
chr14,34929451,34929939,68.34
chr14,35976693,35977390,25.75
chr14,38100370,38101342,24.00
chr14,42409742,42410196,85.88
chr14,50896342,50896799,46.07
chr14,55331464,55331940,65.28
chr14,59749304,59749782,60.33
chr14,59749328,59749834,59.28
chr14,63752009,63752467,59.56
chr14,64037467,64037949,33.27
chr14,65060226,65060910,27.44
chr14,69924799,69925284,20.13
chr14,70424283,70424921,85.12
chr14,73183947,73184397,69.37
chr14,73515472,73516347,21.54
chr14,74994960,74995680,73.82
chr14,76821492,76822166,55.67
chr14,77220666,77221423,11.45
chr14,77235206,77235782,19.58
chr14,77235312,77235888,12.33
chr14,85726508,85726964,43.13
chr14,86286895,86287354,34.92
chr14,88789247,88789758,80.63
chr14,90343471,90343936,9.33
chr14,91293147,91293607,97.47
chr14,91293236,91293692,91.39
chr14,91556956,91557483,20.20
chr14,91557134,91557585,11.21
chr14,92179089,92179574,43.51
chr14,93158811,93159305,31.04
chr14,93576766,93577216,54.00
chr14,93721799,93722269,45.64
chr14,93768766,93769222,52.87
chr14,94346023,94346479,44.24
chr14,95423352,95423803,43.32
chr14,95927496,95928094,32.15
chr14,95927605,95928069,26.20
chr14,99949133,99949635,23.65
chr14,100869006,100870448,17.70
chr14,101571988,101572466,65.79
chr14,101782050,101782767,1.65
chr14,103108964,103109618,13.10
chr14,103160553,103161025,19.10
chr14,104208321,104208924,37.59
chr14,104224975,104225585,31.32
chr14,104225201,104225706,34.50
chr14,104324873,104325622,64.09
chr14,104325026,104325495,43.70
chr14,104375145,104375686,26.04
chr14,104429724,104430376,51.81
chr14,104548517,104549001,7.45
chr14,104653229,104653703,37.66
chr14,104807363,104808447,12.27
chr14,104808138,104808614,14.16
chr14,104884483,104884936,16.82
chr14,104949725,104951610,39.03
chr14,105276149,105276602,89.13
chr14,105276413,105276867,79.73
chr14,105276521,105276973,72.54
chr14,105276707,105277169,54.49
chr14,105276786,105277308,44.43
chr14,105276937,105277443,36.79
chr14,105277042,105277528,45.49
chr14,105346567,105347023,2.05
chr14,105458942,105459754,28.76
chr14,105459495,105459954,26.24
chr14,105459594,105460053,28.95
chr14,105477654,105478108,45.70
chr14,105580816,105581381,35.02
chr14,105627706,105628501,35.49
chr14,105635607,105636067,47.54
chr14,105650549,105651012,88.39
chr14,105696210,105696682,33.79
chr14,105714180,105714745,67.54
chr14,105717654,105718913,9.38
chr14,105718567,105719050,14.56
chr14,106663803,106664261,43.37
chr14,106813582,106814043,47.12
chr15,21159350,21160034,40.28
chr15,22035838,22036305,34.71
chr15,22223988,22224622,36.69
chr15,22224261,22224740,41.33
chr15,22465819,22466275,78.39
chr15,23136385,23136839,34.62
chr15,23676061,23676593,85.32
chr15,25429858,25430333,56.87
chr15,25999822,26000276,35.32
chr15,28443123,28443647,173.99
chr15,28624932,28625434,58.87
chr15,28842710,28843173,34.78
chr15,29588326,29588789,38.61
chr15,30375628,30376124,53.94
chr15,31510971,31511913,78.52
chr15,32777617,32778165,78.68
chr15,35656226,35656752,38.28
chr15,48529879,48530330,63.01
chr15,55039186,55039624,84.15
chr15,56007082,56007554,28.81
chr15,56110231,56110709,24.65
chr15,56110536,56111141,9.01
chr15,57687271,57687771,91.21
chr15,57687756,57688235,71.74
chr15,57688030,57688540,58.30
chr15,59539532,59539984,71.97
chr15,60366614,60367144,59.01
chr15,60367277,60367804,45.05
chr15,60815947,60816509,88.49
chr15,62331943,62332774,29.31
chr15,63320663,63321222,47.72
chr15,64577128,64577588,88.85
chr15,66039547,66040119,30.91
chr15,66998307,66998770,77.44
chr15,67609295,67609815,62.93
chr15,67904835,67905362,55.29
chr15,68396985,68397467,46.98
chr15,68397310,68397776,51.95
chr15,68691131,68691824,23.09
chr15,70279431,70279991,52.04
chr15,70479371,70479891,27.63
chr15,72725598,72726082,21.30
chr15,72806663,72807191,50.27
chr15,74793889,74794454,27.57
chr15,79512091,79512850,51.84
chr15,79574695,79575169,63.90
chr15,79716275,79716734,64.56
chr15,81593193,81593662,54.46
chr15,82488182,82488712,64.86
chr15,82997538,82998068,39.15
chr15,86973836,86974420,74.65
chr15,88205856,88206575,31.43
chr15,88552059,88552764,29.96
chr15,88552218,88552697,26.80
chr15,88552600,88553400,25.78
chr15,88552824,88553352,16.22
chr15,88855307,88855821,58.09
chr15,89508335,89508792,9.51
chr15,89950342,89950904,37.63
chr15,91750661,91751145,23.68
chr15,92669019,92669474,60.04
chr15,96822626,96823090,76.40
chr15,98522325,98522863,38.13
chr15,99798172,99798670,21.73
chr15,99806038,99806572,20.95
chr15,100102221,100102677,34.35
chr15,100511350,100512252,31.14
chr15,100582038,100582538,31.52
chr15,100582163,100582712,27.32
chr15,100582344,100582844,41.47
chr15,100718853,100719339,54.15
chr15,100719300,100719829,53.91
chr15,100719694,100720181,57.43
chr15,100909223,100909699,38.24
chr15,101095625,101096099,126.46
chr15,101130303,101130788,144.39
chr15,101692056,101692578,51.98
chr16,185842,186429,11.13
chr16,406545,407001,36.88
chr16,452345,453065,38.39
chr16,480553,481264,38.85
chr16,584791,585242,8.87
chr16,584875,585326,8.22
chr16,585014,585465,14.10
chr16,611823,612292,46.63
chr16,612106,612574,50.66
chr16,631527,632086,33.06
chr16,665014,665464,35.00
chr16,707413,707915,18.27
chr16,952823,953295,37.03
chr16,953240,954114,23.56
chr16,953284,953784,17.85
chr16,953447,954034,17.07
chr16,960326,961026,54.88
chr16,1043024,1043783,17.07
chr16,1136577,1137118,50.67
chr16,1190633,1191349,57.33
chr16,1372591,1373924,7.14
chr16,1373584,1374259,7.06
chr16,1736585,1737197,35.76
chr16,1736849,1737849,8.78
chr16,1737500,1738514,9.35
chr16,2034091,2034564,52.38
chr16,2442198,2442783,39.25
chr16,3011361,3011873,31.54
chr16,3054146,3054614,65.17
chr16,3066710,3067190,24.78
chr16,3469319,3469814,46.35
chr16,3656133,3656590,38.57
chr16,5488342,5488807,59.80
chr16,7186007,7186557,67.89
chr16,7229670,7230124,49.34
chr16,8953504,8954099,37.85
chr16,10498449,10499074,27.34
chr16,11335556,11336006,47.50
chr16,11486058,11486607,40.77
chr16,11493624,11494105,11.91
chr16,11498921,11499414,13.49
chr16,11637720,11638218,51.94
chr16,13385315,13385765,101.17
chr16,14873822,14874298,53.88
chr16,15104203,15104674,63.39
chr16,15311936,15312395,79.34
chr16,15363465,15363936,54.87
chr16,15775207,15775657,61.57
chr16,16650436,16650897,43.32
chr16,17505448,17505973,33.67
chr16,17505615,17506065,24.54
chr16,18222514,18223100,56.09
chr16,18568023,18568489,94.26
chr16,18955974,18956480,36.18
chr16,19252154,19252648,58.98
chr16,19967801,19968252,82.03
chr16,22695650,22696173,142.61
chr16,23253271,23253744,51.91
chr16,23462501,23463111,63.91
chr16,24852599,24853063,57.68
chr16,26722115,26722589,39.60
chr16,26811416,26812388,83.94
chr16,27805261,27805757,1.21
chr16,28665963,28666413,28.84
chr16,28737578,28738028,28.28
chr16,29121472,29121923,50.98
chr16,29196866,29197403,57.10
chr16,29226671,29227384,21.73
chr16,29298532,29299052,49.38
chr16,29383111,29383889,43.31
chr16,29383582,29384106,50.59
chr16,29383875,29384332,58.74
chr16,29600601,29601053,19.86
chr16,30223622,30224091,88.33
chr16,33058687,33059241,24.13
chr16,33626395,33626845,68.53
chr16,33824026,33824482,42.99
chr16,34954479,34955130,83.41
chr16,48917428,48917908,154.40
chr16,48966576,48967060,41.70
chr16,49506196,49506731,65.10
chr16,50754799,50755270,86.88
chr16,51014081,51014558,57.87
chr16,51014279,51014756,57.39
chr16,51014397,51015071,50.65
chr16,56397503,56398101,67.26
chr16,56540474,56541046,24.73
chr16,57070800,57071273,48.23
chr16,58892410,58892905,36.17
chr16,59774589,59775071,108.14
chr16,60028569,60029175,58.92
chr16,60647453,60647911,92.85
chr16,61418640,61419174,66.74
chr16,61637511,61637983,79.99
chr16,63584416,63584952,28.09
chr16,64662214,64662758,87.40
chr16,64921584,64922092,49.26
chr16,64921723,64922241,49.94
chr16,65465261,65465756,101.29
chr16,65465502,65465953,105.88
chr16,73349433,73349893,37.96
chr16,74355384,74355935,32.10
chr16,82275423,82276231,43.53
chr16,82275840,82276649,36.68
chr16,83658018,83658526,84.43
chr16,84050622,84051078,48.95
chr16,84051257,84051713,85.86
chr16,85208598,85209098,24.52
chr16,85883271,85883810,54.57
chr16,86883951,86884450,33.94
chr16,87563838,87564301,41.98
chr16,87733356,87733807,41.28
chr16,88000692,88001400,27.69
chr16,88001052,88001510,42.75
chr16,88162975,88163508,68.59
chr16,88206596,88207526,13.57
chr16,88280913,88281468,66.78
chr16,88283719,88284271,37.44
chr16,88314480,88314982,77.16
chr16,88667974,88668450,86.35
chr16,88933050,88933779,29.22
chr16,88955359,88955816,74.50
chr16,89083173,89083641,43.63
chr16,89083833,89084396,32.42
chr16,89084088,89084616,41.72
chr16,89121768,89122305,44.75
chr16,89240843,89241393,17.94
chr16,89399779,89400977,44.64
chr16,89421065,89421615,52.24
chr16,89428986,89430016,81.23
chr16,89579496,89580171,35.15
chr16,89579788,89580248,11.46
chr16,89652212,89652689,36.80
chr16,89686044,89686497,23.47
chr16,89745417,89745931,20.88
chr16,89848678,89849210,31.19
chr16,89879257,89879993,41.59
chr16,89901214,89902925,10.23
chr16,89948656,89949132,19.20
chr16,90003233,90003688,41.64
chr16,90003333,90003788,42.69
chr16,90003370,90003825,42.58
chr16,90003470,90004090,38.38
chr16,90003635,90004090,37.47
chr16,90003951,90004406,48.70
chr16,90008189,90008671,43.46
chr16,90052266,90052771,71.36
chr17,136064,136550,48.44
chr17,170565,171975,8.05
chr17,206301,206785,58.12
chr17,220300,221015,83.21
chr17,235444,235944,50.16
chr17,264050,264639,49.68
chr17,272767,273223,28.89
chr17,272952,273632,16.31
chr17,286713,287325,32.59
chr17,286979,287595,26.50
chr17,287301,288577,33.91
chr17,288283,289065,73.30
chr17,299790,300378,35.78
chr17,299998,300630,21.82
chr17,360538,361166,27.65
chr17,375374,375827,33.14
chr17,387226,387680,43.52
chr17,402695,403559,52.48
chr17,403549,404094,44.73
chr17,403781,404239,62.62
chr17,413596,414057,39.94
chr17,505697,506225,46.08
chr17,505975,506960,32.80
chr17,506608,507073,32.37
chr17,506807,507272,37.58
chr17,513558,514096,59.16
chr17,552707,553172,29.85
chr17,552707,553367,30.52
chr17,552798,553263,25.30
chr17,617720,618170,86.42
chr17,657739,658231,72.35
chr17,790435,791002,30.85
chr17,835484,836017,37.20
chr17,893392,893849,55.25
chr17,893910,894430,57.27
chr17,898184,898689,21.77
chr17,1006707,1007172,42.82
chr17,1029580,1030039,37.33
chr17,1052130,1052837,19.50
chr17,1054396,1054847,20.85
chr17,1073818,1074284,31.89
chr17,1128525,1128997,46.11
chr17,1131190,1131680,18.11
chr17,1131324,1131813,15.56
chr17,1131648,1132140,23.37
chr17,1159023,1159714,76.82
chr17,1508534,1508989,33.72
chr17,1739442,1741778,54.93
chr17,2356213,2357013,37.42
chr17,2447302,2447830,66.65
chr17,3000182,3000978,50.59
chr17,3000784,3001283,57.03
chr17,3001194,3001693,55.03
chr17,3464847,3465461,38.69
chr17,4132460,4132994,37.18
chr17,4191295,4191923,63.90
chr17,4191678,4192140,39.62
chr17,4714363,4714863,42.03
chr17,4830139,4830843,19.63
chr17,5239981,5240545,100.49
chr17,5240371,5240854,86.96
chr17,6518981,6519546,28.70
chr17,11711664,11712146,80.33
chr17,12261845,12262366,104.37
chr17,12442127,12444081,59.25
chr17,13782244,13782706,40.20
chr17,13782331,13782814,41.76
chr17,13783142,13783762,92.77
chr17,13796585,13797159,106.30
chr17,13796814,13797272,83.55
chr17,13796901,13797388,80.94
chr17,15960054,15960772,32.96
chr17,17442390,17442844,57.13
chr17,20984421,20984920,42.17
chr17,20984597,20985073,43.55
chr17,21684101,21684644,51.55
chr17,21684279,21685793,56.11
chr17,21685423,21686433,50.57
chr17,21686067,21686930,74.36
chr17,21743294,21743758,61.12
chr17,28516503,28517242,50.68
chr17,29895042,29895562,82.16
chr17,30359063,30359610,99.09
chr17,31658998,31659490,30.74
chr17,37593951,37594410,58.06
chr17,37896630,37897092,84.47
chr17,38371289,38371749,36.47
chr17,41041048,41041586,51.22
chr17,41050623,41051197,73.66
chr17,41105290,41105810,41.06
chr17,41117754,41118259,39.57
chr17,41123662,41124182,36.59
chr17,41167622,41168112,51.49
chr17,41598366,41598926,12.96
chr17,41865667,41866239,40.31
chr17,42338041,42338721,37.38
chr17,44524699,44525189,47.44
chr17,44984049,44984530,31.51
chr17,45051470,45051988,17.01
chr17,45349652,45350127,71.66
chr17,46661873,46662405,49.71
chr17,48959572,48960252,24.91
chr17,53327594,53328057,81.49
chr17,54245574,54246037,96.35
chr17,56220622,56221097,47.77
chr17,57131240,57132792,13.52
chr17,60042149,60042622,71.00
chr17,65275725,65276444,44.78
chr17,65467772,65468264,53.50
chr17,67295081,67295640,49.64
chr17,68071765,68072528,9.97
chr17,68072129,68072620,12.84
chr17,70223378,70223831,89.10
chr17,72060271,72060861,65.15
chr17,73539723,73540178,35.98
chr17,73726286,73727054,37.64
chr17,74563266,74563718,49.11
chr17,75558606,75559086,15.40
chr17,77249569,77250082,34.73
chr17,77561452,77562222,65.18
chr17,78760213,78760757,60.24
chr17,79004795,79005279,15.66
chr17,79203151,79203611,18.09
chr17,79442012,79442524,25.88
chr17,79463069,79463729,42.39
chr17,80184419,80184877,41.66
chr17,80254024,80254474,46.50
chr17,80840730,80841193,58.26
chr17,80889606,80890082,45.76
chr17,81022511,81023111,20.38
chr17,82148121,82148733,22.54
chr17,82148369,82149289,10.75
chr17,82162353,82162869,26.78
chr17,82448046,82448608,55.35
chr17,82580232,82580842,70.30
chr17,82897955,82898417,47.44
chr17,82925703,82926277,25.36
chr17,83002621,83003128,37.22
chr17,83003482,83003954,38.80
chr17,83003762,83004234,28.15
chr17,83011760,83012304,46.83
chr17,83047611,83048086,118.39
chr17,83052396,83052847,37.75
chr17,83052457,83052908,35.61
chr17,83052667,83053168,33.75
chr17,83055067,83055518,42.72
chr17,83055142,83055599,35.25
chr17,83055199,83055701,38.18
chr17,83055464,83055915,44.22
chr17,83055598,83056055,52.06
chr17,83092348,83092805,25.95
chr17,83107750,83108221,24.62
chr18,512028,512546,43.46
chr18,514316,514808,29.71
chr18,514483,514943,25.30
chr18,514728,515189,26.12
chr18,514912,515436,39.67
chr18,596603,597105,37.29
chr18,3600698,3601155,97.90
chr18,3674554,3675092,38.77
chr18,7098512,7099040,36.20
chr18,9621731,9622437,36.93
chr18,10356827,10357295,60.65
chr18,10607326,10607792,41.07
chr18,11959276,11959752,24.58
chr18,12177502,12178103,44.64
chr18,12979759,12980529,38.32
chr18,13106203,13106683,52.75
chr18,13887084,13887588,29.10
chr18,14688805,14689283,57.29
chr18,23039903,23040360,41.56
chr18,23218197,23218669,47.93
chr18,27364914,27365384,59.90
chr18,28694404,28694856,51.51
chr18,29784039,29784505,59.71
chr18,29784289,29784961,46.43
chr18,30741897,30742355,100.86
chr18,30758218,30758731,118.58
chr18,37337787,37338397,28.49
chr18,37337933,37338438,27.50
chr18,39971340,39972060,39.01
chr18,42005574,42006549,47.45
chr18,43397706,43398158,68.01
chr18,43699144,43699602,74.64
chr18,44306483,44307019,50.86
chr18,44544547,44545079,62.73
chr18,47982463,47982951,11.19
chr18,48869898,48870379,54.09
chr18,48870052,48870534,71.13
chr18,52271932,52272383,70.24
chr18,53085755,53086769,29.32
chr18,57642016,57642620,76.78
chr18,57678477,57679200,38.14
chr18,58170443,58170925,77.94
chr18,62580814,62581522,19.19
chr18,62581269,62582021,28.51
chr18,64062819,64063285,94.54
chr18,69659686,69660137,65.20
chr18,71198233,71198867,51.64
chr18,73249303,73249758,61.98
chr18,74424824,74425289,41.58
chr18,74915513,74916347,47.70
chr18,75299369,75299835,59.95
chr18,76392620,76393989,4.59
chr18,76393686,76394193,0.93
chr18,76393890,76394359,1.18
chr18,76393992,76394880,3.93
chr18,76424045,76424506,43.40
chr18,76645207,76645723,28.43
chr18,76792399,76793037,25.49
chr18,76810108,76810667,63.62
chr18,77343165,77343655,18.46
chr18,77373192,77373792,40.87
chr18,77669938,77670559,45.55
chr18,78369765,78371582,23.62
chr18,78371930,78373409,43.00
chr18,78409328,78409959,24.28
chr18,78430728,78431358,25.97
chr18,78430740,78431195,28.81
chr18,78502180,78502767,47.65
chr18,78613570,78614250,16.58
chr18,78613906,78614474,29.08
chr18,78614300,78614756,56.80
chr18,78632679,78633173,68.93
chr18,78653246,78653732,40.93
chr18,78653918,78654752,21.64
chr18,78831975,78832563,44.05
chr18,78832335,78832919,43.38
chr18,78832577,78833069,44.26
chr18,78834847,78835943,57.81
chr18,78851308,78851838,77.44
chr18,78855333,78855880,65.13
chr18,78879353,78879819,45.83
chr18,78916152,78916745,115.07
chr18,78940962,78941413,36.46
chr18,79144782,79146136,48.88
chr18,79346238,79346776,52.08
chr18,79357400,79357910,89.67
chr18,79358273,79358796,60.73
chr18,79374058,79374510,48.75
chr18,79525063,79525561,28.36
chr18,79549721,79552261,5.66
chr18,79694019,79694607,23.25
chr18,79745118,79745742,36.37
chr18,79745367,79745879,25.79
chr18,79745675,79746131,21.45
chr18,79764204,79765335,24.94
chr18,79779977,79780442,31.67
chr18,79807850,79808310,54.80
chr18,79807985,79808685,34.40
chr18,79808427,79808887,26.38
chr18,79828767,79829280,53.43
chr18,79915927,79916387,28.36
chr18,79920755,79921231,19.33
chr18,79921498,79922053,36.18
chr18,80071086,80072037,56.45
chr18,80072328,80073008,66.65
chr18,80075086,80075876,28.62
chr19,140012,140566,47.12
chr19,332253,333344,33.00
chr19,350048,350686,50.54
chr19,351036,351564,63.83
chr19,393809,394282,44.28
chr19,393968,395087,25.41
chr19,422899,423604,21.51
chr19,426299,426804,24.30
chr19,427417,427891,19.92
chr19,472991,473516,52.40
chr19,642003,642488,18.19
chr19,818738,819456,31.48
chr19,861123,861588,15.02
chr19,949815,950273,30.34
chr19,1033455,1034523,25.10
chr19,1034668,1035208,16.46
chr19,1136982,1137616,9.27
chr19,1195476,1197535,17.44
chr19,2128242,2129037,26.89
chr19,2346982,2347789,50.06
chr19,2712871,2713624,42.21
chr19,2713327,2714211,50.50
chr19,2773385,2773867,39.96
chr19,2773489,2773971,31.22
chr19,2835934,2836389,48.34
chr19,2928174,2929034,21.74
chr19,3173052,3175582,5.91
chr19,3175259,3175967,18.35
chr19,3972897,3974369,27.01
chr19,4011458,4011909,28.71
chr19,4618384,4619768,37.79
chr19,4885214,4886173,68.29
chr19,5860875,5861325,43.69
chr19,6693718,6694332,28.73
chr19,6700132,6700725,86.55
chr19,7361824,7362283,56.48
chr19,7765533,7766002,65.20
chr19,7877757,7878239,73.44
chr19,8543437,8544002,25.48
chr19,15580879,15581343,57.65
chr19,15673985,15674460,30.29
chr19,15676154,15676634,36.42
chr19,15676317,15676775,19.48
chr19,15677031,15677526,39.60
chr19,16103890,16104416,44.48
chr19,17314939,17315409,50.57
chr19,17637473,17638137,56.06
chr19,18550272,18550992,24.68
chr19,21776597,21777130,42.56
chr19,24041789,24042349,46.01
chr19,27420312,27421054,70.62
chr19,27470255,27472538,51.38
chr19,28804523,28804989,69.91
chr19,28804523,28805091,62.07
chr19,28805037,28805590,84.44
chr19,30500315,30500782,58.43
chr19,34079175,34079673,55.27
chr19,34079286,34079737,38.75
chr19,36162714,36163432,18.46
chr19,36728423,36728879,102.68
chr19,37746870,37747401,38.76
chr19,37747003,37747534,38.48
chr19,40248633,40249108,42.53
chr19,43216358,43216929,48.32
chr19,44487980,44488431,23.82
chr19,44800742,44801214,42.13
chr19,44800982,44801490,39.11
chr19,45648070,45648693,50.32
chr19,46439411,46441225,32.18
chr19,47027223,47027749,14.32
chr19,48342089,48342542,30.00
chr19,49156301,49156771,30.03
chr19,49156629,49157120,23.11
chr19,49414474,49414932,31.57
chr19,49443891,49444439,42.02
chr19,50225675,50226372,22.83
chr19,50678794,50679289,23.19
chr19,50838779,50839301,28.42
chr19,51353221,51353695,30.58
chr19,51495046,51495497,60.36
chr19,51952710,51953286,55.17
chr19,52811708,52812186,35.73
chr19,52811853,52812380,35.37
chr19,53648327,53648962,32.81
chr19,53880183,53880663,48.92
chr19,53962158,53962663,20.74
chr19,54168575,54169033,34.14
chr19,54168593,54169048,33.82
chr19,54171967,54172442,19.73
chr19,54171968,54172553,19.97
chr19,54380063,54380515,47.08
chr19,54471786,54472262,26.92
chr19,54680073,54680708,64.54
chr19,54711399,54711943,92.63
chr19,54711580,54712444,34.40
chr19,54738655,54739132,55.88
chr19,55078060,55078645,18.88
chr19,55093075,55094273,13.77
chr19,55097322,55097786,36.76
chr19,55147145,55147618,30.82
chr19,55361414,55361991,24.61
chr19,55449898,55450518,29.75
chr19,55471886,55472370,42.86
chr19,55508438,55508912,38.46
chr19,55530238,55530972,27.65
chr19,56080109,56080578,17.87
chr19,56080316,56080854,27.17
chr19,56098417,56099032,24.43
chr19,56148808,56149281,29.47
chr19,56176259,56176709,19.93
chr19,56444467,56445199,82.42
chr19,56444879,56445362,86.92
chr19,57017443,57017978,18.61
chr19,57137635,57138136,57.34
chr19,57482239,57482715,20.96
chr19,58258197,58258687,40.16
chr19,58405045,58405621,38.42
chr19,58410318,58410950,37.40
chr19,58599965,58600459,160.01
chr19,58600084,58600763,150.15
chr20,641788,642254,9.36
chr20,1258454,1259103,129.61
chr20,1839395,1839930,50.67
chr20,3057020,3057735,30.91
chr20,3227832,3228286,21.14
chr20,4185197,4185881,47.27
chr20,4224341,4224795,40.34
chr20,5452974,5453489,46.23
chr20,9015479,9015937,67.79
chr20,10149914,10150376,90.96
chr20,14699554,14700014,83.02
chr20,18111726,18112346,68.08
chr20,18209773,18210586,67.89
chr20,18210224,18210791,68.48
chr20,25602257,25603011,21.66
chr20,30412669,30413138,113.03
chr20,30866244,30866712,121.59
chr20,32176235,32176987,35.50
chr20,32176811,32177514,43.17
chr20,33455571,33456654,23.23
chr20,33699193,33699644,37.29
chr20,33699387,33699962,29.64
chr20,35539261,35539718,57.18
chr20,36858135,36858593,27.07
chr20,36976269,36976747,41.62
chr20,37361587,37362057,29.10
chr20,48385343,48385816,25.02
chr20,48870481,48871487,28.27
chr20,53469374,53469930,33.35
chr20,53841225,53841798,80.38
chr20,53868207,53868745,63.86
chr20,55532515,55533044,72.05
chr20,55966719,55967288,66.91
chr20,56781819,56782351,50.79
chr20,57110201,57110673,24.88
chr20,58541995,58542539,34.07
chr20,58643730,58644182,29.85
chr20,61100712,61101336,31.56
chr20,61101843,61102690,24.62
chr20,61264288,61264755,56.33
chr20,61264414,61264880,55.12
chr20,61534521,61535001,30.66
chr20,61641475,61641936,32.50
chr20,61641597,61642068,27.87
chr20,61641691,61642152,30.82
chr20,61723686,61724136,33.01
chr20,61783571,61784097,70.67
chr20,61783810,61784273,55.45
chr20,61784288,61784750,51.32
chr20,62417259,62417710,22.27
chr20,62417653,62418106,16.91
chr20,62497781,62498295,8.87
chr20,62654983,62655439,32.98
chr20,62740109,62740584,52.41
chr20,62960814,62961270,28.30
chr20,62965813,62966268,26.47
chr20,62965995,62966450,22.35
chr20,62989588,62990066,45.60
chr20,62993414,62993880,20.68
chr20,63028706,63029199,100.59
chr20,63134611,63135096,23.25
chr20,63134838,63135308,25.75
chr20,63134933,63135405,24.75
chr20,63154482,63154934,31.46
chr20,63221310,63221764,27.13
chr20,63221310,63221828,27.85
chr20,63266423,63266880,39.63
chr20,63371978,63372563,21.12
chr20,63559259,63559780,23.63
chr20,63669444,63670186,64.61
chr20,63723247,63723703,56.67
chr20,63879923,63880443,62.64
chr20,64118324,64118774,16.56
chr20,64123282,64123751,86.64
chr20,64126742,64127332,74.48
chr20,64126953,64127581,65.06
chr20,64127561,64128075,72.11
chr20,64220581,64221062,34.40
chr20,64321991,64322470,40.74
chr21,6349073,6349538,75.43
chr21,8810280,8810806,121.14
chr21,9042919,9043397,88.48
chr21,9614087,9614543,39.07
chr21,9620680,9621150,81.09
chr21,10123276,10123884,102.52
chr21,10123999,10124607,69.00
chr21,13506734,13507209,91.34
chr21,16924902,16925353,86.00
chr21,16972681,16973180,47.43
chr21,16972792,16973279,43.50
chr21,17719040,17719491,42.79
chr21,17719151,17719680,36.59
chr21,17719396,17720204,30.61
chr21,18315296,18315870,35.79
chr21,20588064,20588514,32.46
chr21,21789615,21790257,56.53
chr21,23349826,23350289,72.00
chr21,26975963,26976422,79.10
chr21,28780115,28780649,65.60
chr21,30209978,30210514,45.69
chr21,31918763,31919218,31.88
chr21,32477496,32478039,22.13
chr21,33239554,33240016,66.76
chr21,34926291,34926757,43.79
chr21,36144284,36144855,43.01
chr21,38063760,38064368,38.58
chr21,38108900,38109670,29.79
chr21,40440126,40440749,43.07
chr21,40498469,40498929,76.58
chr21,40636908,40637516,38.32
chr21,41806276,41806792,73.66
chr21,41855688,41856226,36.11
chr21,42283525,42284226,15.80
chr21,43582614,43583499,25.84
chr21,43631855,43632307,23.28
chr21,43786974,43787452,53.94
chr21,43814989,43815447,11.92
chr21,44164122,44164606,17.72
chr21,44183886,44184418,17.44
chr21,44410267,44410782,74.72
chr21,44410423,44410946,72.31
chr21,44422521,44423091,53.45
chr21,44445910,44446376,42.93
chr21,44481469,44481931,57.94
chr21,44912581,44913121,23.37
chr21,44981441,44981897,37.57
chr21,44981764,44982222,48.09
chr21,44982051,44982562,35.15
chr21,45028504,45028975,40.45
chr21,45378830,45379292,44.96
chr21,45380012,45380484,44.03
chr21,45486135,45486673,31.97
chr21,45500608,45501085,60.08
chr21,45506915,45507380,23.95
chr21,45637326,45637838,25.19
chr21,45814868,45815651,67.23
chr21,45815348,45815822,74.83
chr21,45852225,45852703,69.51
chr21,45886020,45886472,43.90
chr21,45886086,45886538,44.00
chr21,45886381,45886833,50.08
chr21,45977569,45978020,8.97
chr21,45987555,45988047,12.77
chr21,46034390,46034846,34.69
chr21,46034467,46034923,40.17
chr21,46034773,46035285,58.21
chr21,46111386,46111848,22.98
chr21,46135200,46135743,19.70
chr21,46171862,46172328,24.45
chr21,46395175,46395687,67.83
chr22,10572038,10572919,29.36
chr22,11457415,11458479,36.30
chr22,12421426,12421996,179.12
chr22,12533478,12535750,91.14
chr22,15689940,15690451,63.90
chr22,15732716,15734887,79.44
chr22,16522908,16523369,78.73
chr22,17135869,17136583,29.54
chr22,17146293,17147375,69.24
chr22,18052740,18053298,46.46
chr22,19570476,19570930,57.26
chr22,21183470,21184089,109.19
chr22,21206928,21207396,31.67
chr22,21235936,21236471,52.31
chr22,22761286,22761776,56.32
chr22,23388752,23389237,19.11
chr22,23389559,23390012,31.55
chr22,23502589,23503077,18.60
chr22,24316620,24317723,20.83
chr22,24604982,24605432,53.90
chr22,27027429,27027925,89.91
chr22,29509440,29509940,47.11
chr22,31591485,31592466,35.33
chr22,31591706,31592254,29.32
chr22,31591875,31592402,31.57
chr22,36799811,36800378,35.24
chr22,37509570,37510089,22.67
chr22,38229503,38230017,52.21
chr22,39595932,39596414,21.23
chr22,42546811,42547342,58.76
chr22,43281288,43281738,28.56
chr22,43496479,43496933,61.37
chr22,44154740,44155195,45.96
chr22,44800877,44801438,29.62
chr22,45092280,45092743,46.79
chr22,45568328,45568819,44.38
chr22,46606239,46606737,24.70
chr22,46614749,46615405,39.78
chr22,46615564,46616032,57.87
chr22,46628307,46628777,26.84
chr22,46749862,46750322,33.22
chr22,47070414,47070910,78.49
chr22,47162415,47162889,30.36
chr22,47211337,47211829,31.47
chr22,47211435,47212198,34.95
chr22,47405373,47406014,25.11
chr22,47916057,47916515,51.11
chr22,48290006,48290497,81.50
chr22,48610318,48610782,30.07
chr22,48667518,48668000,24.60
chr22,48667617,48668181,18.55
chr22,48667861,48668753,17.64
chr22,48667891,48668413,9.40
chr22,48851147,48851617,34.55
chr22,48851243,48851713,35.09
chr22,48862448,48862928,55.36
chr22,48959760,48960256,61.82
chr22,49070950,49071416,55.45
chr22,49384003,49384999,57.29
chr22,49384995,49386004,64.65
chr22,49386868,49387638,80.95
chr22,49387308,49387827,76.06
chr22,49387376,49388097,77.60
chr22,49407431,49408038,54.91
chr22,49629390,49629854,31.43
chr22,50146975,50147471,41.99
chr22,50274444,50274970,11.52
chr22,50547670,50548142,15.17
chr22,50715809,50716291,31.07
chr22,50748404,50748931,47.20
chrX,2844299,2844753,83.88
chrX,2844839,2845619,66.93
chrX,4689473,4689946,60.26
chrX,5670196,5670707,106.36
chrX,7608957,7609484,44.20
chrX,8465827,8466317,11.66
chrX,8483569,8484050,56.84
chrX,9021032,9021488,80.81
chrX,9021572,9022034,7.08
chrX,13881235,13882803,37.98
chrX,19477654,19478302,11.73
chrX,25741224,25741832,91.77
chrX,27210315,27211042,68.13
chrX,29168550,29169001,103.95
chrX,30868309,30868781,50.40
chrX,33009300,33009796,88.78
chrX,33009832,33010282,96.89
chrX,39776329,39776853,60.54
chrX,40557082,40557556,41.83
chrX,41211564,41212090,46.12
chrX,44601030,44601482,60.18
chrX,46383511,46384020,22.83
chrX,47148385,47148878,82.76
chrX,54913757,54914389,81.64
chrX,55610467,55610975,82.26
chrX,70373300,70373812,39.71
chrX,71520211,71521444,48.68
chrX,72154911,72155866,24.33
chrX,72171531,72172020,45.06
chrX,74568641,74569158,31.34
chrX,81554911,81555395,65.71
chrX,81682776,81683250,80.59
chrX,82737596,82738115,33.40
chrX,84191332,84191833,78.03
chrX,84541478,84542123,46.51
chrX,87582852,87583339,64.07
chrX,96050720,96051252,35.06
chrX,105446943,105447402,52.75
chrX,107781975,107782428,94.36
chrX,120296683,120297154,77.76
chrX,121198897,121199355,101.49
chrX,125278946,125279408,82.79
chrX,125279089,125279581,79.08
chrX,126080479,126080936,83.72
chrX,126778294,126778826,68.41
chrX,130504438,130504916,42.70
chrX,131137958,131138469,118.95
chrX,134750613,134751078,37.30
chrX,135645653,135646171,77.53
chrX,135645799,135646273,74.07
chrX,141401763,141402236,76.25
chrX,147562885,147563389,81.87
chrX,149142777,149143245,53.19
chrX,150583310,150583774,29.48
chrX,151913794,151916238,10.66
chrX,153126152,153126930,38.58
