chr1,821153,821829,84.39
chr1,1192277,1192797,111.94
chr1,1934723,1935784,54.69
chr1,1978935,1979393,63.44
chr1,2106500,2106958,136.22
chr1,3181068,3181607,106.65
chr1,3510249,3510757,36.82
chr1,7500040,7500519,75.70
chr1,11522374,11522884,85.77
chr1,16132494,16132980,37.57
chr1,17208262,17208736,39.33
chr1,17351756,17352236,32.94
chr1,25767675,25768205,53.65
chr1,29771201,29771739,232.40
chr1,31578738,31579204,66.00
chr1,34992479,34993013,108.09
chr1,35888792,35889280,39.76
chr1,37427265,37427725,58.57
chr1,42323845,42324335,125.63
chr1,44140075,44140559,80.43
chr1,51804481,51805001,126.09
chr1,53556221,53556795,78.61
chr1,56885194,56885658,58.00
chr1,58729761,58730220,161.02
chr1,71927947,71928399,150.99
chr1,77444051,77444515,72.52
chr1,83892329,83892785,110.40
chr1,86110904,86111423,68.61
chr1,108771700,108772216,91.10
chr1,111501873,111502364,101.84
chr1,113415959,113416496,117.73
chr1,149023386,149023924,99.70
chr1,152267762,152268217,82.21
chr1,155809589,155810091,78.59
chr1,177149434,177150002,67.55
chr1,181734268,181734893,53.10
chr1,192002817,192003370,120.49
chr1,200910858,200911309,58.21
chr1,201209553,201210277,95.82
chr1,202204560,202205064,208.04
chr1,207580987,207581471,104.50
chr1,207846540,207847000,84.32
chr1,210533048,210533548,47.35
chr1,215093564,215094025,77.23
chr1,226955347,226955888,70.39
chr1,231201872,231202368,67.43
chr1,234098465,234098935,61.36
chr1,234247996,234248506,106.44
chr1,241220770,241221248,67.45
chr1,242393952,242394582,72.72
chr1,246071974,246072431,137.51
chr1,246232411,246233347,58.46
chr1,246233493,246234378,121.52
chr1,246484606,246485058,106.94
chr2,8028119,8028584,34.70
chr2,9305303,9305870,93.24
chr2,12153149,12153612,57.07
chr2,12171564,12172016,34.16
chr2,18296270,18296722,140.87
chr2,25300417,25300877,37.63
chr2,32111048,32111516,120.43
chr2,34816620,34817072,50.28
chr2,42549019,42549517,61.66
chr2,47084413,47084873,20.12
chr2,47900425,47900877,99.60
chr2,53868286,53868755,68.99
chr2,74330664,74331140,69.61
chr2,101468791,101469241,62.87
chr2,102352557,102353096,49.75
chr2,112054423,112054923,17.92
chr2,134151588,134152236,52.99
chr2,140543948,140544413,79.91
chr2,144497632,144498082,54.87
chr2,148345241,148345767,82.47
chr2,150024795,150025281,23.74
chr2,169561670,169562150,141.30
chr2,194463479,194463941,14.33
chr2,205380072,205380547,35.71
chr2,209435740,209436190,104.63
chr2,210512680,210513136,68.50
chr2,213407528,213408195,48.49
chr2,215608386,215609183,148.79
chr2,225016398,225016854,70.89
chr2,227203084,227203576,169.87
chr2,229183850,229184300,57.84
chr2,232836075,232836534,62.71
chr2,232889859,232890373,39.24
chr2,232994876,232995342,113.87
chr2,233176247,233176806,71.65
chr2,235010560,235011146,60.60
chr2,237030891,237031502,44.10
chr2,237516714,237517198,56.03
chr2,238053786,238054282,56.11
chr2,238783299,238783767,70.40
chr2,239150599,239151075,74.97
chr2,239176073,239176557,28.43
chr2,239815792,239816262,66.23
chr2,240527219,240527864,96.65
chr2,240693586,240694116,33.23
chr2,240906728,240907206,33.24
chr2,241115413,241115914,237.15
chr3,7778626,7779094,42.37
chr3,13868369,13868879,44.62
chr3,18788411,18788870,92.70
chr3,27883895,27884346,80.27
chr3,36879653,36880275,104.05
chr3,40084219,40084719,180.75
chr3,40211930,40212384,59.77
chr3,47316271,47316773,146.62
chr3,56967112,56967566,54.45
chr3,69367301,69367751,83.06
chr3,72074325,72074789,50.23
chr3,75678395,75678853,94.42
chr3,75778548,75779053,85.62
chr3,76013508,76013967,95.69
chr3,76014285,76014745,82.28
chr3,76149631,76150085,87.06
chr3,81737163,81737613,95.54
chr3,124110115,124110575,106.64
chr3,133884632,133885126,46.69
chr3,143978424,143978882,82.17
chr3,155566052,155566552,82.10
chr3,156910992,156911454,94.49
chr3,181133933,181134432,110.79
chr3,183956415,183956911,88.07
chr3,183957632,183958096,115.55
chr3,185454538,185455071,151.98
chr3,197581595,197582170,65.04
chr4,731340,731887,33.80
chr4,736285,736887,56.46
chr4,744482,744996,44.30
chr4,1338455,1338972,34.14
chr4,2398522,2398978,28.18
chr4,2627227,2627732,22.43
chr4,2945927,2946445,51.26
chr4,3310026,3310480,65.97
chr4,6160753,6161211,37.55
chr4,6879627,6880088,63.26
chr4,7019525,7020087,46.49
chr4,7203318,7203813,63.57
chr4,7387458,7387932,101.34
chr4,7789182,7789647,56.85
chr4,8409389,8409971,45.96
chr4,11444917,11445411,61.45
chr4,14491500,14491974,85.26
chr4,15212531,15213007,95.07
chr4,45024741,45025375,293.24
chr4,47975957,47976481,86.04
chr4,72549849,72550314,49.12
chr4,74562515,74562967,75.08
chr4,85874558,85875014,84.80
chr4,87615722,87616254,48.95
chr4,88379947,88380402,83.99
chr4,91496455,91496921,85.22
chr4,92384352,92384824,72.69
chr4,100178428,100178878,104.30
chr4,101470383,101470843,125.91
chr4,108746943,108747449,73.64
chr4,136373757,136374467,108.82
chr4,148492401,148492857,43.14
chr4,163894622,163895108,86.77
chr4,176739740,176740200,67.29
chr4,177541025,177541491,51.37
chr4,183164073,183164557,65.27
chr4,183885896,183886348,70.56
chr4,184652766,184653254,46.67
chr4,186486753,186487401,62.31
chr4,186659351,186659871,58.25
chr4,187692190,187692688,49.83
chr4,188503435,188503896,123.11
chr4,188507061,188507582,132.64
chr5,158121,158601,46.71
chr5,175676,176479,26.66
chr5,628574,629109,99.16
chr5,635704,636183,62.86
chr5,661047,661518,49.46
chr5,1238144,1238842,56.85
chr5,1272904,1273990,87.84
chr5,1276454,1276907,53.83
chr5,1282931,1283390,63.10
chr5,1291341,1291825,62.04
chr5,1622533,1623074,87.08
chr5,4459098,4459569,56.35
chr5,4842784,4843302,76.27
chr5,28618990,28619531,33.33
chr5,34854919,34855374,59.01
chr5,35672033,35672492,80.64
chr5,39444807,39445261,107.71
chr5,52912283,52912737,92.70
chr5,60667627,60668103,132.00
chr5,61282027,61283105,44.12
chr5,76974116,76974647,73.37
chr5,80691724,80692196,143.76
chr5,92346345,92346838,46.38
chr5,95927248,95927744,55.31
chr5,109353871,109354336,120.11
chr5,125060714,125061176,117.68
chr5,138772589,138773064,75.30
chr5,145372690,145373155,70.88
chr5,160653206,160653705,102.81
chr5,165118150,165118600,65.70
chr5,170375360,170375814,53.73
chr5,170517660,170518149,69.08
chr5,170915879,170916333,72.67
chr5,172368276,172368840,50.74
chr5,179212066,179212728,40.31
chr5,180615454,180615911,99.15
chr5,180618188,180618638,47.86
chr5,180916840,180917309,113.63
chr6,469016,469773,55.35
chr6,785966,786422,55.34
chr6,1053737,1054191,181.46
chr6,1745100,1745572,46.43
chr6,2853274,2853797,30.58
chr6,27380491,27380941,44.81
chr6,31429527,31429979,103.43
chr6,38103222,38103720,88.22
chr6,55477057,55477522,45.29
chr6,61955330,61955796,77.46
chr6,68897345,68897820,38.28
chr6,76546905,76547404,79.27
chr6,81740756,81741211,96.78
chr6,123265995,123266451,92.46
chr6,129286488,129287083,60.05
chr6,134687476,134687926,117.15
chr6,135934731,135935215,56.27
chr6,140681244,140681716,97.03
chr6,149762538,149763509,75.45
chr6,149964891,149965417,26.25
chr6,151090902,151091395,56.18
chr6,154099905,154100359,160.29
chr6,157146998,157147776,41.57
chr6,158169398,158169886,89.84
chr6,161654973,161655455,57.90
chr6,161873988,161874487,59.76
chr6,162011122,162011706,59.25
chr6,162327321,162327775,73.79
chr6,167169610,167170097,96.28
chr6,167977522,167978018,107.83
chr6,168075652,168076118,28.44
chr6,168233576,168234087,61.14
chr6,168237685,168238140,60.80
chr6,168560406,168561461,89.39
chr6,168562166,168562618,138.92
chr6,168572853,168573313,58.06
chr6,168594941,168595395,72.90
chr6,170139038,170139708,51.92
chr6,170140819,170141310,131.28
chr7,551351,551998,39.80
chr7,608442,608907,55.73
chr7,752090,752630,49.17
chr7,1127435,1127927,45.84
chr7,1887670,1888531,70.21
chr7,4260586,4261048,66.65
chr7,8152624,8153111,98.61
chr7,13070372,13070848,94.86
chr7,15530060,15530510,165.28
chr7,15531228,15531687,73.04
chr7,21724591,21725094,64.10
chr7,32420127,32420583,75.26
chr7,44036294,44036754,34.18
chr7,47362694,47363230,119.63
chr7,49981847,49982297,95.46
chr7,56639232,56639797,100.64
chr7,57216780,57217370,91.99
chr7,65647261,65647721,84.41
chr7,69356649,69357125,64.45
chr7,73040048,73040514,120.26
chr7,83096835,83097301,62.73
chr7,84086268,84086752,96.90
chr7,87626059,87626948,90.72
chr7,88625470,88625926,89.55
chr7,98242451,98243084,70.52
chr7,137152937,137153425,96.52
chr7,143859678,143860206,84.46
chr7,144780896,144781370,59.66
chr7,147775110,147775566,82.62
chr7,150035059,150035621,46.21
chr7,151397431,151397901,80.28
chr7,151603373,151603833,56.63
chr7,154749249,154749701,118.67
chr7,155445410,155445886,61.98
chr7,157543890,157544340,41.29
chr7,157901501,157901973,31.47
chr7,157926981,157927560,51.25
chr7,157953964,157954546,46.14
chr7,158089722,158090317,69.65
chr7,158109001,158109472,73.51
chr7,158158482,158159358,139.78
chr7,158164153,158164615,40.27
chr7,158187987,158188475,54.46
chr7,158331106,158331603,325.90
chr7,158341849,158342390,289.85
chr7,158360999,158361482,49.64
chr7,158521366,158522283,105.30
chr7,159023489,159024019,46.14
chr7,159100918,159101427,69.37
chr8,679779,680262,87.69
chr8,713739,714397,93.44
chr8,3237562,3238026,84.98
chr8,3323875,3324414,132.27
chr8,3558472,3558955,75.29
chr8,3670788,3671286,90.72
chr8,3983781,3984307,48.90
chr8,6112706,6113156,106.48
chr8,10805385,10806065,28.32
chr8,11026114,11026589,150.37
chr8,11455621,11456422,65.11
chr8,13218851,13219313,115.98
chr8,16707791,16708271,80.33
chr8,19461594,19462049,130.84
chr8,25605384,25605861,73.70
chr8,26556002,26556485,87.99
chr8,39502590,39503054,94.63
chr8,51696543,51697041,75.02
chr8,55721960,55722432,92.74
chr8,62211785,62212579,145.76
chr8,97840641,97841353,66.25
chr8,99496879,99497329,104.69
chr8,101623360,101623856,113.09
chr8,120919774,120920238,92.96
chr8,124009614,124010107,50.91
chr8,132746178,132746688,73.37
chr8,138712487,138713017,60.42
chr8,140156875,140157568,125.68
chr8,140338606,140339059,58.43
chr8,140595564,140596021,81.13
chr8,142150430,142151157,71.83
chr8,142217644,142218236,46.62
chr8,142282394,142282852,73.46
chr8,142300897,142301364,33.83
chr8,142325771,142326265,58.80
chr8,142481739,142482241,55.51
chr8,142519888,142520599,65.84
chr8,143256120,143256588,70.59
chr8,143342408,143342881,73.49
chr8,144020427,144020889,58.88
chr8,144021106,144021716,53.75
chr8,144022513,144023510,61.76
chr8,144038114,144038832,72.69
chr8,144556467,144557567,127.25
chr9,9844850,9845351,74.54
chr9,14860982,14861440,85.17
chr9,26104220,26104682,117.81
chr9,32900416,32901306,68.64
chr9,83378250,83378702,57.43
chr9,89059078,89059926,56.15
chr9,93587055,93587618,39.17
chr9,93671150,93671692,59.09
chr9,100100549,100101004,89.01
chr9,112866578,112867052,66.91
chr9,131515643,131516113,75.68
chr9,132173628,132174139,68.05
chr9,133254757,133255344,83.66
chr9,133705069,133705571,29.78
chr9,133791744,133792218,64.63
chr9,133952636,133953240,33.85
chr9,134759224,134759698,37.36
chr9,134829139,134829626,36.83
chr9,136237343,136237916,54.71
chr9,136755626,136756194,63.74
chr9,137565023,137565509,37.23
chr9,137669121,137669594,106.21
chr9,137948829,137949311,63.78
chr10,523220,523684,96.23
chr10,632663,633117,61.18
chr10,655825,656371,156.32
chr10,1009837,1010393,48.37
chr10,1438611,1439147,59.86
chr10,1459713,1460351,65.59
chr10,1460631,1461099,89.84
chr10,1540310,1540793,43.99
chr10,1558448,1558907,62.11
chr10,1577003,1577482,67.86
chr10,1699045,1699525,44.41
chr10,1700806,1701290,10.03
chr10,2501365,2501828,80.01
chr10,2522802,2523258,57.40
chr10,6819089,6819573,70.25
chr10,7953676,7954280,56.87
chr10,11885161,11885717,68.96
chr10,20126258,20126824,90.98
chr10,28901631,28902091,69.52
chr10,51857853,51858327,46.74
chr10,58244010,58244633,48.53
chr10,68059274,68059933,74.00
chr10,71688774,71689325,154.60
chr10,104696028,104696590,62.58
chr10,118843006,118843464,72.25
chr10,119394163,119394888,32.11
chr10,119426741,119427401,82.22
chr10,124610369,124611231,80.30
chr10,130301021,130301526,16.65
chr10,130332741,130333361,76.66
chr10,131176697,131177163,134.05
chr10,131289659,131290122,26.97
chr10,132724561,132725174,49.15
chr10,132767612,132768392,57.69
chr10,132825834,132826310,64.78
chr10,132877562,132878043,36.34
chr10,132895691,132896249,56.53
chr10,133112258,133112712,51.20
chr10,133163756,133164210,47.12
chr10,133280749,133281397,35.15
chr10,133525052,133525536,57.20
chr11,326117,326584,38.76
chr11,2385403,2385865,33.35
chr11,5657354,5657830,67.26
chr11,11559524,11560014,98.23
chr11,18143451,18143938,65.70
chr11,24566694,24567147,68.89
chr11,36350800,36351883,67.14
chr11,68084129,68084631,96.18
chr11,68372047,68372612,68.68
chr11,68891880,68892396,45.69
chr11,70012334,70012827,88.02
chr11,70946578,70947050,68.56
chr11,71095645,71096205,55.74
chr11,71677730,71678182,78.48
chr11,79139465,79139921,59.41
chr11,82416358,82416818,89.01
chr11,84099810,84100382,135.83
chr11,86307115,86307578,179.14
chr11,97914578,97915054,105.78
chr11,111358110,111358592,60.58
chr11,117486055,117486590,43.14
chr11,120328573,120329042,212.11
chr11,133125434,133125948,90.35
chr11,133140802,133141307,37.86
chr11,134138167,134138640,79.63
chr11,134439996,134440532,62.66
chr11,134656311,134656935,65.54
chr11,134759992,134760540,75.04
chr12,5928205,5928668,76.95
chr12,7420815,7421297,91.60
chr12,9402586,9403153,31.13
chr12,26802359,26802809,75.41
chr12,39713027,39713505,118.11
chr12,41402104,41402660,72.36
chr12,51498585,51499284,52.52
chr12,59671764,59672391,90.43
chr12,64366018,64366472,85.56
chr12,81642433,81642914,134.32
chr12,90092727,90093219,45.86
chr12,96664532,96665014,68.68
chr12,116841610,116842082,54.83
chr12,124438668,124439162,141.87
chr12,128113141,128113607,52.94
chr12,128188513,128189587,52.39
chr12,128292389,128292848,70.11
chr12,128385134,128385589,61.12
chr12,128473022,128473517,148.83
chr12,129387971,129388454,118.73
chr12,131046055,131046509,86.96
chr12,132295653,132296120,37.34
chr12,132894931,132895412,67.76
chr13,20497173,20497694,70.15
chr13,21290273,21290892,102.84
chr13,24190042,24190566,66.94
chr13,35958027,35958484,205.35
chr13,40393469,40394132,56.03
chr13,40955278,40955989,39.82
chr13,49269040,49269506,86.32
chr13,60977098,60978112,106.03
chr13,63917605,63918141,52.44
chr13,69247151,69247605,84.19
chr13,71735064,71735603,80.05
chr13,77703775,77704253,246.60
chr13,85488764,85489214,131.61
chr13,85699843,85700309,62.07
chr13,85730026,85730510,132.54
chr13,94288594,94289057,89.11
chr13,99462949,99463413,78.73
chr13,109694412,109694931,54.46
chr13,110154568,110155036,67.16
chr13,110252805,110253337,143.36
chr13,110313345,110313813,24.89
chr13,110481020,110481990,170.78
chr13,110496362,110497020,53.01
chr13,111326060,111326548,47.35
chr13,112741093,112741570,41.96
chr13,112864704,112865158,35.36
chr13,113136422,113137149,41.69
chr13,113231947,113232475,55.18
chr13,113345801,113346259,55.56
chr13,113434353,113434837,69.68
chr13,113541366,113541823,87.57
chr13,113789920,113790544,52.68
chr13,114007726,114008185,26.39
chr13,114028157,114028649,69.17
chr13,114052735,114053273,62.60
chr13,114073053,114073717,114.21
chr13,114199636,114200190,137.23
chr14,19170247,19170699,128.18
chr14,22367664,22368115,96.57
chr14,31249801,31250257,66.43
chr14,42649811,42650263,96.31
chr14,46010884,46011346,90.74
chr14,50390316,50390772,72.36
chr14,55331498,55332108,86.98
chr14,79631590,79632069,49.73
chr14,82675608,82676062,248.64
chr14,91156903,91157467,69.10
chr14,95423304,95423806,42.70
chr14,97787922,97788382,63.74
chr14,101196339,101196795,45.52
chr14,101724765,101725217,109.56
chr14,104948354,104949249,59.16
chr15,23439765,23440273,35.42
chr15,27306775,27307263,109.40
chr15,27308169,27308770,176.96
chr15,27848730,27849316,62.80
chr15,40355913,40356379,49.59
chr15,57689494,57690022,113.49
chr15,64577070,64577628,89.52
chr15,66998260,66998770,79.79
chr15,69384188,69384805,42.02
chr15,90256366,90256830,55.84
chr15,91956775,91957241,85.17
chr15,98437538,98438070,60.53
chr15,98522376,98522845,36.71
chr15,99799576,99800067,60.65
chr15,100511382,100511969,20.49
chr15,100581983,100582781,44.88
chr16,81579,82377,122.67
chr16,123729,124217,55.34
chr16,334189,334713,81.65
chr16,378142,378716,58.07
chr16,570843,571429,50.70
chr16,1191050,1191503,71.46
chr16,1728564,1729022,33.99
chr16,2164063,2164586,51.27
chr16,3053981,3054589,65.36
chr16,5825541,5825993,102.87
chr16,7932286,7932786,167.37
chr16,8562725,8563185,154.84
chr16,10039804,10040323,80.02
chr16,10652380,10653088,43.52
chr16,10764542,10765048,40.11
chr16,30751703,30752409,61.10
chr16,46907770,46908232,36.54
chr16,78321106,78321572,77.41
chr16,80568484,80568952,24.41
chr16,81669459,81669913,53.00
chr16,83918268,83918770,57.62
chr16,83950077,83950537,161.08
chr16,84124708,84125184,83.26
chr16,87144909,87145471,115.59
chr16,89142422,89142952,43.74
chr16,89833979,89834445,71.61
chr16,89852635,89853195,81.70
chr16,89908475,89908959,76.91
chr17,541389,541862,99.52
chr17,548194,548692,66.19
chr17,646273,646758,238.73
chr17,768554,769011,79.91
chr17,891577,892050,88.01
chr17,2035230,2035702,19.82
chr17,3383739,3384194,71.23
chr17,9429573,9430029,101.75
chr17,10846268,10847025,87.99
chr17,11711676,11712128,80.56
chr17,39849990,39850465,127.23
chr17,49150057,49150508,55.67
chr17,51717508,51717958,63.87
chr17,60042180,60042913,62.84
chr17,72304515,72304987,54.46
chr17,75967484,75967938,67.12
chr17,77484710,77485215,83.41
chr17,77562426,77562932,103.85
chr17,79512459,79512909,90.12
chr17,80024311,80024785,136.35
chr17,80089952,80090416,52.22
chr17,80825065,80825518,56.63
chr17,80896227,80896677,29.68
chr17,80918240,80918748,33.16
chr17,81155920,81156378,69.27
chr17,81253511,81253962,57.65
chr17,81990265,81990733,45.86
chr17,82424877,82425402,36.57
chr17,82575717,82576246,37.16
chr17,82613983,82614455,33.12
chr17,83017961,83018481,71.86
chr18,1962701,1963290,95.38
chr18,6272175,6272692,63.24
chr18,13288506,13288957,79.86
chr18,15318574,15319043,102.32
chr18,28156288,28156952,65.44
chr18,28694363,28694856,51.95
chr18,31149888,31150491,69.24
chr18,34984706,34985164,54.15
chr18,42009416,42009876,84.70
chr18,47850424,47851049,90.94
chr18,48221188,48221649,68.23
chr18,54779814,54780317,47.88
chr18,57732091,57732545,107.67
chr18,58550197,58550650,108.28
chr18,63198548,63199044,138.58
chr18,71198235,71198790,50.45
chr18,75105022,75105498,45.61
chr18,76239729,76240408,106.35
chr18,77490268,77490720,64.40
chr18,77545311,77545762,68.85
chr18,79144840,79145762,46.18
chr18,79236515,79237017,64.86
chr18,79356606,79357194,73.75
chr18,79366922,79367383,76.84
chr18,79473931,79474454,93.32
chr18,79909388,79910250,54.75
chr19,398337,398795,40.70
chr19,423370,423831,25.25
chr19,602734,603213,62.46
chr19,1165663,1166127,71.24
chr19,2345562,2346038,50.50
chr19,2348602,2349102,199.00
chr19,2802033,2802625,27.01
chr19,2835913,2836395,48.72
chr19,4334652,4335127,69.04
chr19,4511125,4511920,67.11
chr19,4553183,4553648,57.55
chr19,6700196,6700677,80.28
chr19,8422440,8423150,34.29
chr19,8574345,8574795,55.13
chr19,30383452,30384292,38.68
chr19,37746872,37747534,42.53
chr19,45193665,45194375,52.86
chr19,46187221,46187993,81.96
chr19,49414474,49414961,31.73
chr19,50811672,50812204,66.29
chr19,53880163,53880663,49.73
chr19,55849882,55850358,113.10
chr19,56234875,56235380,39.98
chr19,56609416,56609910,39.95
chr19,57499372,57499838,39.75
chr19,58258197,58258657,40.17
chr20,1765792,1766299,100.02
chr20,6462511,6462967,81.07
chr20,14954793,14955249,42.05
chr20,15020950,15021478,105.03
chr20,18708011,18708477,53.89
chr20,33057324,33057820,65.34
chr20,38313930,38314390,76.98
chr20,48124317,48125105,81.56
chr20,52424289,52424769,72.27
chr20,58694964,58695420,117.98
chr20,61282744,61283221,63.98
chr20,61375752,61376248,105.06
chr20,61383239,61383741,169.68
chr20,61390276,61390779,106.87
chr20,61545876,61546326,46.04
chr20,63571401,63571852,127.49
chr21,9007449,9007945,267.69
chr21,9098822,9099289,202.48
chr21,14161491,14161978,82.00
chr21,15030705,15031253,78.46
chr21,18315205,18315956,54.03
chr21,32030203,32030663,154.45
chr21,35630348,35630868,73.34
chr21,37756390,37757003,93.04
chr21,38429278,38429766,88.55
chr21,40348085,40348632,186.40
chr21,42267347,42267813,51.13
chr21,42283525,42283983,20.55
chr21,44991142,44991626,47.79
chr21,45470726,45471335,28.75
chr21,46140350,46140851,94.56
chr22,18186031,18186485,56.49
chr22,18370302,18370756,148.77
chr22,18387693,18388163,82.67
chr22,29119835,29120374,153.05
chr22,36609237,36609755,48.45
chr22,43834288,43834800,15.96
chr22,44691984,44692458,31.93
chr22,44884061,44884602,67.95
chr22,46616655,46617155,72.96
chr22,47069450,47069992,61.46
chr22,47091071,47091573,60.05
chr22,48605033,48605517,89.70
chr22,49623946,49624461,27.71
chr22,50233851,50234537,65.76
chrX,2844304,2844784,85.02
chrX,3325778,3326344,97.44
chrX,9703010,9703460,50.35
chrX,47971358,47971832,195.31
chrX,65450275,65450979,135.05
chrX,85087875,85088330,123.96
chrX,98654072,98654549,88.16
chrX,98848986,98849532,42.46
chrX,101433003,101433453,100.01
chrX,102559547,102560005,78.40
chrX,129784703,129785252,67.12
chrX,132044508,132044996,87.70
chrX,142057988,142058457,57.87
