chr1,180955,181481,1.02
chr1,181124,181647,1.39
chr1,714124,714574,0.63
chr1,820719,821169,5.32
chr1,853364,853913,4.02
chr1,853390,853842,4.56
chr1,872338,872948,2.86
chr1,909162,909698,1.75
chr1,909326,909901,2.37
chr1,933765,934389,1.04
chr1,934060,934936,0.01
chr1,934592,935105,0.56
chr1,964417,964891,0.96
chr1,1139601,1140306,0.30
chr1,1139967,1140489,1.07
chr1,1140211,1140672,2.76
chr1,1140333,1140855,3.26
chr1,1226113,1226576,3.19
chr1,1227083,1227657,2.71
chr1,1248681,1249411,3.08
chr1,1297056,1297906,3.43
chr1,1349774,1350497,0.24
chr1,1350174,1351055,0.00
chr1,1350841,1351521,0.17
chr1,1366748,1367345,0.20
chr1,1934630,1935364,3.94
chr1,1935032,1935500,2.94
chr1,1935245,1935773,2.69
chr1,2109821,2110317,1.68
chr1,2142107,2142592,2.87
chr1,2280453,2281112,1.27
chr1,2280902,2282078,1.71
chr1,2592130,2592692,0.14
chr1,2634542,2635344,0.24
chr1,2852152,2852760,6.46
chr1,2852453,2852905,6.72
chr1,2949324,2949822,2.15
chr1,2959837,2960327,2.12
chr1,2976680,2977277,0.00
chr1,3016177,3016680,1.51
chr1,3016267,3016772,1.46
chr1,3165487,3165983,2.66
chr1,3299066,3299893,3.81
chr1,3299333,3299794,4.32
chr1,3299954,3300476,3.35
chr1,3300137,3300598,4.15
chr1,3492935,3493398,3.11
chr1,3591620,3592072,1.67
chr1,3643377,3643879,1.71
chr1,3643377,3644236,1.02
chr1,3643556,3644006,1.55
chr1,3644122,3644573,2.22
chr1,3834052,3834505,3.56
chr1,5245922,5246376,1.93
chr1,5743888,5744387,0.70
chr1,6012077,6012721,1.55
chr1,7114545,7115043,3.13
chr1,7548463,7549201,2.31
chr1,7864676,7865467,3.64
chr1,7865200,7865655,3.67
chr1,7902822,7903439,1.04
chr1,9123122,9123575,4.17
chr1,10744144,10744736,1.56
chr1,11249863,11250341,1.40
chr1,15038727,15039237,1.64
chr1,17241251,17241759,3.00
chr1,18330382,18330877,2.79
chr1,18825075,18825741,1.88
chr1,20254908,20255486,1.44
chr1,21388253,21388728,0.78
chr1,21388376,21388949,0.40
chr1,24799515,24800213,0.84
chr1,26596085,26596605,0.82
chr1,27853145,27853722,0.00
chr1,27853370,27854166,0.00
chr1,29727040,29727580,0.87
chr1,29727379,29727835,0.00
chr1,30375546,30375998,2.12
chr1,30894418,30894885,1.04
chr1,31387166,31387674,2.02
chr1,36543929,36544397,3.04
chr1,36958404,36960347,0.88
chr1,37081032,37081559,0.02
chr1,41531313,41531821,3.26
chr1,44816364,44816877,3.82
chr1,47708227,47708711,1.14
chr1,48192695,48193174,0.56
chr1,48483686,48484138,5.62
chr1,52635886,52636418,1.32
chr1,53099126,53099610,6.79
chr1,53502115,53502594,0.00
chr1,53502116,53502676,0.00
chr1,55663512,55663984,3.49
chr1,64415264,64415840,0.40
chr1,64734448,64734945,3.11
chr1,67709689,67710162,4.10
chr1,70646423,70646992,0.76
chr1,75885708,75886198,3.54
chr1,75886126,75886577,5.64
chr1,77475218,77475675,3.04
chr1,80330354,80330848,4.62
chr1,89797680,89798160,0.19
chr1,91459509,91459987,1.97
chr1,99510271,99510735,4.01
chr1,99924783,99925326,2.74
chr1,105630687,105631206,3.34
chr1,105768940,105769451,1.89
chr1,108230009,108230534,1.54
chr1,108771730,108772187,4.96
chr1,111544533,111545103,2.55
chr1,112640126,112640808,1.35
chr1,113344714,113346145,0.90
chr1,114242260,114242735,0.65
chr1,120497817,120498775,1.26
chr1,143799998,143800454,1.48
chr1,144139267,144139769,2.65
chr1,144139564,144140194,1.88
chr1,144636485,144637409,1.27
chr1,144637424,144638175,3.21
chr1,144882643,144883975,0.00
chr1,144883633,144884090,0.00
chr1,144883719,144884232,0.05
chr1,148702612,148703323,0.84
chr1,149023387,149023871,2.80
chr1,150729065,150729773,0.38
chr1,151846997,151847451,0.86
chr1,153243146,153243825,3.14
chr1,153243480,153244068,1.91
chr1,154379649,154380128,3.34
chr1,155027083,155027587,0.83
chr1,157600584,157601105,3.61
chr1,160984850,160985561,3.26
chr1,161281558,161282031,1.73
chr1,165020262,165020713,0.80
chr1,169342283,169342802,2.62
chr1,169354907,169355316,4.81
chr1,171210517,171210999,2.84
chr1,176132508,176132969,1.41
chr1,176396068,176396546,0.44
chr1,177149462,177149974,4.29
chr1,178505373,178505837,2.03
chr1,182446798,182447300,3.05
chr1,182509114,182509638,0.63
chr1,188238663,188239141,4.84
chr1,189818114,189818594,1.00
chr1,192857005,192857503,0.32
chr1,194481754,194482214,1.10
chr1,195848201,195848652,2.64
chr1,198492431,198492911,0.00
chr1,201209614,201210122,9.68
chr1,201924167,201924647,1.10
chr1,202032308,202032809,2.23
chr1,202391375,202392199,1.40
chr1,202457865,202458548,1.89
chr1,204470859,204471362,2.17
chr1,206781641,206782119,3.74
chr1,207846540,207847030,2.16
chr1,208693862,208694430,3.29
chr1,209449689,209450153,3.92
chr1,210533096,210533548,2.72
chr1,210976002,210976755,2.83
chr1,211111645,211112164,0.25
chr1,218720925,218721379,2.34
chr1,219410918,219411437,2.26
chr1,219941283,219941755,0.94
chr1,222488223,222488750,0.73
chr1,223031157,223031636,1.12
chr1,225818863,225819442,0.63
chr1,226797402,226798147,1.84
chr1,226975944,226976423,0.92
chr1,228173911,228174519,1.33
chr1,232415739,232416255,4.08
chr1,236245095,236245595,0.52
chr1,236654657,236655117,3.00
chr1,236755494,236756090,1.94
chr1,236756144,236756838,2.73
chr1,238684336,238684809,2.64
chr1,238969863,238970316,1.00
chr1,240364946,240365430,2.02
chr1,242393007,242393799,3.76
chr1,244156327,244156783,2.43
chr1,244275549,244276019,1.69
chr1,244275703,244276211,2.71
chr1,244486290,244486749,4.82
chr1,245102883,245103462,11.36
chr1,245442533,245443049,0.43
chr1,245443173,245443834,0.75
chr1,245443556,245444010,0.84
chr1,245614657,245615159,1.58
chr1,245682199,245682660,0.62
chr1,245695535,245696069,1.97
chr1,245974265,245975049,0.66
chr1,245974930,245975499,0.95
chr1,245975361,245975953,0.44
chr1,245975773,245976245,0.03
chr1,245976057,245976601,0.11
chr1,246232569,246233260,0.93
chr1,246251318,246251966,2.36
chr1,246275326,246275806,3.30
chr1,246275701,246276265,5.87
chr1,246275947,246276595,1.50
chr1,246483979,246484431,5.19
chr1,246519675,246520885,0.98
chr1,246520306,246520832,0.00
chr1,246520593,246521119,0.64
chr1,246520902,246521465,0.57
chr1,246521083,246522256,0.78
chr1,246605448,246605928,2.32
chr1,246619949,246620459,3.20
chr1,246620242,246620750,6.86
chr1,246764774,246765262,2.15
chr1,248187495,248188221,4.20
chr1,248188092,248188557,4.99
chr1,248382968,248383436,2.87
chr1,248383167,248383771,2.90
chr1,248383302,248384586,2.43
chr1,248408139,248409281,1.58
chr1,248671345,248671847,4.42
chr1,248671453,248671904,4.29
chr1,248746358,248746947,2.61
chr1,248747169,248747631,1.45
chr1,248747603,248748189,2.47
chr1,248747851,248748313,2.36
chr1,248753001,248753453,0.21
chr2,5748140,5748605,1.52
chr2,6253189,6253689,1.73
chr2,7127766,7128229,0.52
chr2,7127918,7128410,0.07
chr2,7198237,7198701,4.43
chr2,8589488,8589954,0.88
chr2,10200333,10200793,1.27
chr2,11854178,11855100,4.48
chr2,13935367,13935817,2.56
chr2,14126341,14126796,4.23
chr2,15611378,15611856,0.55
chr2,15611520,15611970,0.24
chr2,16089796,16090388,2.93
chr2,18755254,18755709,5.21
chr2,23580108,23580811,2.01
chr2,23845510,23846994,0.80
chr2,27557654,27558108,0.59
chr2,35955641,35956266,0.84
chr2,36974502,36974958,2.32
chr2,38487161,38487664,2.34
chr2,39627865,39628441,0.30
chr2,42605079,42605557,0.45
chr2,42605174,42605799,0.00
chr2,45414755,45415283,1.98
chr2,46798988,46799443,2.58
chr2,48555604,48556054,0.00
chr2,60467226,60467701,0.00
chr2,65600838,65601411,0.74
chr2,66074001,66074454,5.07
chr2,69096094,69096546,2.93
chr2,70936830,70937280,2.55
chr2,75611462,75611957,3.95
chr2,75671977,75672447,1.97
chr2,75788258,75788738,2.51
chr2,75823093,75823547,3.38
chr2,77307412,77307987,3.02
chr2,80767137,80767636,7.17
chr2,83147714,83148336,5.91
chr2,83147887,83148643,6.59
chr2,83341315,83341802,1.39
chr2,83495375,83495938,3.40
chr2,85711824,85712449,3.21
chr2,86544754,86545271,1.43
chr2,87184258,87184733,0.53
chr2,90323799,90324297,0.00
chr2,90324221,90324684,0.00
chr2,96462051,96462583,0.27
chr2,99251700,99252318,1.18
chr2,100037213,100037757,3.88
chr2,103392312,103392893,7.61
chr2,105210400,105210977,0.98
chr2,107827401,107827890,0.73
chr2,107828066,107828646,1.61
chr2,107829150,107829639,1.77
chr2,108415276,108415749,5.03
chr2,109520377,109521114,1.02
chr2,111224015,111224541,6.35
chr2,112138930,112139519,0.00
chr2,112139254,112139735,0.00
chr2,112139362,112139816,0.00
chr2,112139665,112140144,0.46
chr2,112432685,112433263,1.73
chr2,113496312,113496810,2.07
chr2,113554289,113554801,3.83
chr2,113650411,113650862,3.45
chr2,113651446,113653866,3.83
chr2,114206958,114207437,3.74
chr2,116830370,116830828,3.23
chr2,118093119,118093592,7.03
chr2,118303258,118303973,1.51
chr2,118303669,118304349,1.86
chr2,119136481,119136948,1.70
chr2,119444585,119445037,4.11
chr2,119552087,119552615,3.00
chr2,123684299,123685056,2.69
chr2,124670382,124670842,0.98
chr2,128418177,128418853,1.21
chr2,128471200,128471762,0.91
chr2,130052612,130053099,0.21
chr2,130062053,130063087,0.69
chr2,130065115,130065855,1.05
chr2,130066366,130066881,4.14
chr2,134237483,134237945,1.37
chr2,135464982,135465525,3.00
chr2,137742158,137742624,1.09
chr2,139229853,139230313,3.35
chr2,143921744,143922239,1.30
chr2,148345226,148345700,1.66
chr2,148345341,148345793,1.69
chr2,150000543,150001012,1.59
chr2,152357148,152357638,2.90
chr2,155411829,155412317,5.15
chr2,155411987,155412475,3.65
chr2,155412101,155412553,2.74
chr2,156451262,156451712,1.74
chr2,166738502,166739033,4.62
chr2,170149345,170149825,1.28
chr2,170648929,170649403,4.07
chr2,172042056,172042547,1.20
chr2,175812867,175813878,0.84
chr2,182385504,182385964,2.46
chr2,185971528,185971994,0.74
chr2,187556633,187557552,1.32
chr2,187637049,187637523,0.00
chr2,190383576,190384278,1.36
chr2,194049543,194050003,2.84
chr2,194492344,194492794,4.09
chr2,196598064,196598544,0.41
chr2,197865874,197866359,1.93
chr2,199016920,199017380,4.05
chr2,208094183,208094926,1.31
chr2,210512661,210513134,3.67
chr2,214834909,214835387,0.27
chr2,220823464,220823944,1.19
chr2,221365526,221366247,2.38
chr2,221367149,221367712,0.90
chr2,221367358,221368718,1.49
chr2,222556562,222557023,0.65
chr2,225987226,225987731,1.30
chr2,227193758,227194222,1.15
chr2,227777551,227778036,2.58
chr2,229742975,229743425,0.74
chr2,233214924,233215416,2.61
chr2,233567589,233568120,3.38
chr2,234898896,234899346,4.74
chr2,234939546,234940038,2.40
chr2,235043119,235043627,2.21
chr2,235525743,235526423,3.13
chr2,236379087,236379623,2.15
chr2,238053800,238054272,3.61
chr2,239068640,239069678,1.39
chr2,239069107,239069654,1.10
chr2,239231607,239232077,2.29
chr2,239467578,239468063,1.81
chr2,239527168,239527632,1.42
chr2,239718984,239719479,4.50
chr2,239732989,239733479,5.08
chr2,239817818,239818288,8.74
chr2,239898780,239899320,1.39
chr2,239914380,239914839,2.38
chr2,239914445,239914902,2.62
chr2,239929466,239929985,1.18
chr2,239929705,239930174,0.26
chr2,239930583,239931069,2.20
chr2,240041805,240042570,1.35
chr2,240042242,240042783,0.24
chr2,240108001,240108515,0.65
chr2,240108204,240109004,0.75
chr2,240194263,240194758,4.01
chr2,240216509,240217117,0.18
chr2,240302216,240302969,1.13
chr2,240385173,240385648,0.82
chr2,240385593,240386043,0.20
chr2,240453099,240453607,0.19
chr2,240623103,240623560,1.17
chr2,240907743,240908893,2.37
chr2,240907950,240908400,2.00
chr2,240908519,240908994,1.20
chr2,240908675,240909175,1.15
chr2,240918843,240919327,1.92
chr2,240984476,240984971,0.68
chr2,240984749,240985602,0.67
chr2,241093216,241093701,3.29
chr2,241326200,241326749,2.60
chr2,241765286,241767186,0.56
chr2,241767244,241767695,0.59
chr2,241810481,241810932,1.85
chr2,241823168,241823715,0.55
chr2,241847884,241848484,3.23
chr2,241848255,241848805,3.78
chr2,241874868,241875372,1.37
chr2,241985065,241985519,1.24
chr2,242003258,242003918,0.10
chr2,242003951,242004479,1.56
chr2,242084578,242085120,1.51
chr2,242161192,242161651,2.53
chr2,242162746,242163217,0.87
chr3,134065,135125,2.98
chr3,134320,134776,2.01
chr3,134726,135222,4.25
chr3,135027,135511,3.70
chr3,135298,135754,4.97
chr3,483147,483725,2.04
chr3,1244137,1244601,3.65
chr3,1638651,1639246,3.25
chr3,1763985,1764636,2.65
chr3,2454033,2454705,1.61
chr3,3789533,3790035,6.05
chr3,3800331,3800807,2.47
chr3,4619414,4619875,0.84
chr3,5540898,5541360,4.69
chr3,7099488,7099993,7.08
chr3,8411515,8412116,8.88
chr3,8412024,8412474,5.89
chr3,8412148,8412898,4.84
chr3,8654708,8655158,2.99
chr3,8654908,8655359,2.74
chr3,11167084,11167552,3.29
chr3,13868425,13868879,1.76
chr3,17704317,17704865,0.40
chr3,34250542,34251002,3.36
chr3,35142243,35142699,4.48
chr3,35563738,35564199,1.00
chr3,38561616,38562079,1.09
chr3,38876813,38877350,2.62
chr3,41890719,41891324,0.40
chr3,45108465,45108943,4.22
chr3,45108676,45109136,3.14
chr3,51738582,51739052,2.29
chr3,63595547,63596024,4.57
chr3,66873989,66874454,4.80
chr3,68418218,68418669,2.73
chr3,72074268,72074823,3.55
chr3,74659600,74660096,1.75
chr3,75633980,75634448,3.85
chr3,75653296,75653757,3.62
chr3,75737836,75738740,4.72
chr3,76730142,76730962,1.00
chr3,78231330,78231781,2.52
chr3,78372964,78373414,4.80
chr3,80013561,80014119,2.23
chr3,80608006,80608534,3.29
chr3,82465521,82465979,3.35
chr3,85768598,85769188,3.18
chr3,96620288,96620762,2.57
chr3,96620288,96620934,2.10
chr3,98837342,98837919,0.00
chr3,102808265,102808845,2.33
chr3,106074051,106074528,1.65
chr3,111832449,111832979,2.07
chr3,111832449,111833211,1.56
chr3,111832669,111833121,1.69
chr3,117050539,117051035,0.94
chr3,118718145,118718596,1.11
chr3,122164697,122165224,0.20
chr3,123478478,123478974,2.72
chr3,123478478,123479166,2.45
chr3,124367388,124368190,0.34
chr3,124367838,124368335,0.78
chr3,124627938,124628466,1.43
chr3,124789181,124789813,2.69
chr3,124789645,124790451,2.55
chr3,126515853,126516347,0.00
chr3,129376280,129376802,3.21
chr3,130098557,130099009,4.46
chr3,130868085,130868563,0.32
chr3,136299338,136299818,3.37
chr3,143047271,143047975,0.32
chr3,145502399,145502880,1.00
chr3,149380037,149380506,1.82
chr3,149380331,149380937,1.72
chr3,155566079,155566546,3.56
chr3,156899109,156899587,2.49
chr3,160803148,160803700,3.19
chr3,161840460,161840920,4.34
chr3,162590594,162591045,5.38
chr3,170378844,170379346,2.09
chr3,171998327,171998846,5.41
chr3,174484402,174485117,3.00
chr3,176769087,176769575,3.03
chr3,177644983,177645593,3.64
chr3,177645426,177645921,4.68
chr3,178141088,178141559,1.52
chr3,178759529,178759987,3.79
chr3,179727690,179728238,0.49
chr3,180859865,180860389,1.28
chr3,181133920,181134383,4.29
chr3,181366110,181366821,1.53
chr3,181742687,181743175,1.75
chr3,182727140,182727599,2.90
chr3,183956375,183956967,5.43
chr3,185230701,185231182,2.48
chr3,186126069,186126534,1.75
chr3,188784077,188784657,4.86
chr3,188784077,188785168,3.16
chr3,191862890,191863521,2.50
chr3,192640903,192641604,1.19
chr3,192996394,192996845,1.29
chr3,194347546,194348203,0.80
chr3,194347826,194348431,0.25
chr3,194347965,194348440,0.34
chr3,194348083,194348535,0.57
chr3,194629580,194630482,1.65
chr3,195065147,195065645,1.77
chr3,195065341,195065828,0.14
chr3,195065453,195066850,1.01
chr3,195066483,195066952,3.66
chr3,195272591,195273147,1.12
chr3,195618868,195619439,0.05
chr3,195619013,195619584,1.06
chr3,195644545,195645419,1.01
chr3,195686570,195687192,0.23
chr3,195686857,195687410,0.25
chr3,195687196,195687654,0.49
chr3,195687286,195687775,0.81
chr3,195694357,195694844,0.80
chr3,195699012,195699494,0.59
chr3,195725008,195725864,0.32
chr3,195773416,195773878,0.90
chr3,195815717,195816207,0.97
chr3,195837710,195838172,2.98
chr3,195874281,195875125,0.85
chr3,195874595,195875083,0.71
chr3,195874956,195875579,1.19
chr3,195880685,195881339,0.00
chr3,196145174,196145673,2.06
chr3,196207341,196207936,0.85
chr3,196207485,196207951,0.12
chr3,196271278,196271872,1.93
chr3,196334618,196335158,1.27
chr3,197029946,197030598,2.12
chr3,197032323,197032780,3.32
chr3,197032480,197032938,2.90
chr3,197032653,197033112,3.07
chr3,197032778,197033238,3.73
chr3,197033994,197034454,5.19
chr3,197132366,197132832,2.06
chr3,197356096,197356552,1.48
chr3,197459287,197459747,0.57
chr3,197637503,197637997,3.40
chr3,198004309,198004965,1.97
chr3,198004976,198005441,1.90
chr4,634974,635424,2.72
chr4,681394,681851,1.06
chr4,744482,746933,1.07
chr4,746688,747145,2.35
chr4,746942,747400,0.94
chr4,747064,747578,0.95
chr4,747235,747806,1.88
chr4,918648,919177,3.67
chr4,927070,927544,0.00
chr4,999487,999973,1.61
chr4,999728,1000215,2.18
chr4,1096131,1096590,1.55
chr4,1273274,1273821,1.39
chr4,1273466,1274062,1.40
chr4,1278622,1279152,2.43
chr4,1282864,1283401,2.51
chr4,1363738,1364203,2.23
chr4,1363994,1364459,2.97
chr4,1379614,1380070,1.25
chr4,1397292,1397872,6.09
chr4,1398152,1398620,1.62
chr4,1555958,1556434,5.42
chr4,1557362,1557859,1.25
chr4,1640944,1641401,3.56
chr4,2334536,2335017,1.42
chr4,2395877,2396931,1.41
chr4,2430016,2430479,2.09
chr4,2430169,2430632,1.79
chr4,2627188,2627728,0.77
chr4,2808542,2809236,1.43
chr4,3227156,3227658,1.95
chr4,3308863,3309422,1.37
chr4,3309120,3310048,2.45
chr4,3341154,3341614,0.35
chr4,3368410,3368860,0.17
chr4,3412750,3413255,4.35
chr4,3482880,3483368,0.75
chr4,3511643,3512096,2.02
chr4,3538556,3539006,0.43
chr4,3542394,3542922,4.11
chr4,3563905,3564929,1.25
chr4,3613372,3613992,2.92
chr4,3825840,3826327,4.34
chr4,5064153,5064671,3.32
chr4,5316178,5316652,3.10
chr4,6578869,6579362,1.34
chr4,6977428,6977908,0.62
chr4,7019549,7020003,4.41
chr4,7229684,7230149,2.66
chr4,7230423,7230888,5.40
chr4,7336218,7336842,4.71
chr4,7363229,7363913,0.68
chr4,7441978,7442436,0.00
chr4,7454916,7455428,2.21
chr4,7676650,7677177,1.49
chr4,7834840,7835450,5.29
chr4,7896320,7896778,2.61
chr4,8289619,8290079,2.39
chr4,8537494,8537964,3.00
chr4,8758799,8759288,3.79
chr4,8759033,8759485,3.95
chr4,8842220,8842683,6.07
chr4,9473539,9474024,6.24
chr4,9473859,9474344,4.20
chr4,10134284,10134985,0.95
chr4,10145268,10145764,2.29
chr4,12107806,12108278,2.05
chr4,13061769,13062321,4.10
chr4,14786630,14787117,3.56
chr4,17392554,17393018,1.12
chr4,17459255,17459719,8.43
chr4,20931951,20932417,5.66
chr4,21234276,21234726,3.85
chr4,21528560,21529016,2.60
chr4,23098850,23099310,1.15
chr4,23098850,23099400,1.13
chr4,30278265,30278765,5.37
chr4,32195462,32196028,0.35
chr4,37585131,37585763,0.58
chr4,37883638,37884182,1.93
chr4,40032654,40033164,3.05
chr4,43450788,43451281,3.80
chr4,45023531,45024159,4.78
chr4,47922917,47923392,2.31
chr4,47975943,47976431,2.10
chr4,48659171,48659865,2.05
chr4,48659623,48660122,1.09
chr4,57856381,57857531,3.86
chr4,60121675,60122135,6.96
chr4,60874819,60875272,2.40
chr4,62612353,62612803,5.15
chr4,72399861,72400326,1.94
chr4,74717267,74718358,0.45
chr4,76027257,76027919,1.07
chr4,81969225,81969830,2.14
chr4,82222504,82223010,1.97
chr4,83649413,83649953,4.74
chr4,85475428,85475891,1.41
chr4,85874860,85875595,2.83
chr4,87615720,87616192,3.97
chr4,89096629,89097172,1.96
chr4,91238828,91240480,0.85
chr4,92384370,92384820,2.20
chr4,95196528,95197126,6.55
chr4,96292917,96293578,1.64
chr4,97503553,97504065,2.05
chr4,101749086,101749900,3.06
chr4,102619911,102620414,1.58
chr4,104581495,104582107,2.62
chr4,106498132,106498842,0.62
chr4,107513050,107513504,2.33
chr4,107556117,107556611,4.21
chr4,108711531,108712068,2.49
chr4,108746922,108747382,4.04
chr4,110883484,110883949,1.45
chr4,113064518,113065248,1.50
chr4,114520215,114520701,3.57
chr4,115021261,115021757,1.31
chr4,117019164,117019650,0.98
chr4,118066352,118066914,3.88
chr4,121526691,121527274,0.84
chr4,124490764,124491221,0.96
chr4,124847105,124847738,2.47
chr4,131201179,131201819,1.12
chr4,132146785,132147263,0.80
chr4,134589696,134590330,1.60
chr4,134589891,134590371,1.58
chr4,138134985,138135440,3.30
chr4,145038615,145039204,1.08
chr4,149046631,149047222,5.04
chr4,150420219,150420840,0.48
chr4,155554113,155554608,1.99
chr4,156759177,156759671,3.68
chr4,156759318,156759810,3.49
chr4,157636382,157636834,0.00
chr4,158107281,158107745,3.52
chr4,158256696,158257184,3.61
chr4,159094515,159095047,2.05
chr4,160185885,160186372,1.86
chr4,164458686,164459206,2.95
chr4,167787392,167787864,2.33
chr4,170441156,170441709,1.66
chr4,171220101,171220551,2.91
chr4,173483475,173483941,0.20
chr4,173484195,173484676,0.00
chr4,176219055,176219506,3.67
chr4,182039796,182040371,0.76
chr4,182124695,182125156,2.51
chr4,182943419,182944099,3.82
chr4,182943793,182944263,3.99
chr4,183336516,183337251,1.01
chr4,183932103,183932566,3.39
chr4,184219783,184220323,1.60
chr4,185560476,185561026,3.45
chr4,185561158,185561618,4.71
chr4,186372019,186372471,5.31
chr4,186476305,186477175,4.02
chr4,186477098,186477693,1.47
chr4,186477879,186478359,2.42
chr4,187066412,187066890,2.01
chr4,187066635,187067191,1.63
chr4,187214199,187214815,2.52
chr4,187304267,187304837,1.28
chr4,187304335,187304803,1.30
chr4,187692182,187692648,1.17
chr4,188196870,188197690,1.31
chr4,188215874,188216417,0.54
chr4,188216142,188216621,0.05
chr4,188216377,188216897,0.29
chr4,188268803,188269653,0.87
chr4,188864168,188864650,1.52
chr4,188904661,188905146,0.91
chr4,188904774,188905225,0.51
chr4,188904902,188905352,0.17
chr4,188905079,188905529,0.59
chr4,188961914,188962387,5.58
chr4,188974333,188974823,0.00
chr4,188974540,188975420,0.45
chr4,188974873,188975387,0.58
chr4,188976876,188977362,1.54
chr4,189011133,189011587,5.79
chr4,189019246,189019707,1.66
chr4,189035892,189036435,1.62
chr4,189184055,189184615,2.14
chr4,189184269,189185206,0.51
chr4,189307188,189307966,1.90
chr4,189308241,189308809,0.82
chr4,189308502,189309196,0.78
chr4,189363595,189364215,1.13
chr4,189380478,189380938,0.26
chr4,189631294,189631764,2.70
chr4,189645374,189645846,0.49
chr4,189700179,189700882,0.35
chr4,189735693,189736198,0.00
chr4,189735834,189736304,0.16
chr4,189810390,189810922,0.47
chr4,189820101,189820672,0.70
chr5,83044,84854,0.69
chr5,84962,85421,0.16
chr5,85084,85544,0.43
chr5,175792,176479,1.92
chr5,291161,291896,2.95
chr5,307063,307526,1.65
chr5,391109,391655,1.18
chr5,467534,468026,1.60
chr5,467680,468586,3.06
chr5,474334,474798,5.07
chr5,474525,474995,5.22
chr5,483864,484500,0.74
chr5,491959,492419,0.25
chr5,497501,498033,3.06
chr5,608566,609016,1.51
chr5,641978,642454,4.45
chr5,647979,648561,2.54
chr5,667638,668280,3.20
chr5,764628,765147,2.05
chr5,897805,898667,1.51
chr5,975726,976194,1.37
chr5,981915,982389,1.44
chr5,1024541,1025103,0.53
chr5,1024782,1025262,0.61
chr5,1025060,1026035,1.43
chr5,1025305,1025868,1.74
chr5,1036746,1037270,0.79
chr5,1046818,1047278,1.15
chr5,1060802,1061526,0.40
chr5,1060888,1061360,0.27
chr5,1061002,1061456,0.33
chr5,1061064,1061536,0.39
chr5,1061195,1061721,0.42
chr5,1070151,1070673,0.00
chr5,1070349,1070872,0.00
chr5,1070490,1071066,0.00
chr5,1071099,1072350,0.00
chr5,1072312,1073415,0.28
chr5,1079977,1080487,0.05
chr5,1170059,1170597,4.04
chr5,1170265,1170734,4.13
chr5,1192268,1192744,0.00
chr5,1197202,1197713,2.52
chr5,1458808,1459370,2.72
chr5,1483528,1484028,0.40
chr5,1562363,1562814,3.65
chr5,1644581,1645046,3.86
chr5,1768668,1769315,0.93
chr5,1955948,1956777,2.25
chr5,1972029,1972497,0.47
chr5,2081725,2082503,2.94
chr5,2082409,2082872,2.94
chr5,2152269,2152739,2.11
chr5,2226182,2226705,5.27
chr5,2226341,2226951,3.59
chr5,2327536,2328051,3.28
chr5,2332590,2333041,4.24
chr5,2454047,2454673,3.41
chr5,2907397,2907896,2.53
chr5,3000991,3001445,3.35
chr5,3001081,3001535,3.35
chr5,3420433,3420925,0.45
chr5,3637441,3637907,1.06
chr5,3637679,3638475,2.31
chr5,3638520,3639417,2.15
chr5,5610358,5610902,2.87
chr5,5610733,5611205,3.08
chr5,6773749,6774234,0.12
chr5,7300458,7301131,0.36
chr5,8026714,8027423,1.05
chr5,10639631,10640093,2.76
chr5,11816444,11816915,0.70
chr5,11816462,11817346,0.32
chr5,12057211,12057675,9.26
chr5,12426302,12426773,4.32
chr5,12426416,12426910,4.56
chr5,13329738,13330426,3.57
chr5,13967494,13968015,1.76
chr5,16525057,16525510,3.84
chr5,26230458,26230944,1.57
chr5,34190850,34192061,4.63
chr5,34191740,34192956,2.77
chr5,34854919,34855429,2.67
chr5,37562854,37563783,0.34
chr5,38861647,38862145,0.76
chr5,38867609,38868086,2.12
chr5,40800567,40801094,0.00
chr5,42980916,42981780,0.61
chr5,45375183,45375645,3.93
chr5,51707954,51708418,9.97
chr5,54419069,54419535,1.30
chr5,54513547,54513998,6.82
chr5,65230156,65230664,2.49
chr5,67339325,67339776,2.44
chr5,73016129,73016585,1.09
chr5,73806222,73806678,3.78
chr5,75270824,75271540,0.27
chr5,76172110,76172588,0.30
chr5,76335854,76336305,1.44
chr5,76984759,76985237,1.41
chr5,77794646,77795227,1.59
chr5,86166219,86166669,1.00
chr5,89310208,89310968,1.03
chr5,89310664,89311348,0.74
chr5,94953724,94954193,2.30
chr5,97873296,97873754,4.33
chr5,99426574,99427027,3.20
chr5,100390569,100391788,1.93
chr5,104666451,104666905,5.89
chr5,105771519,105772102,1.30
chr5,107557022,107557523,2.88
chr5,116918438,116918922,2.25
chr5,119294971,119295435,3.44
chr5,121055287,121055744,5.28
chr5,121705209,121705699,3.68
chr5,124898160,124898762,2.34
chr5,127614499,127614957,3.82
chr5,131849330,131849810,1.49
chr5,132680383,132680853,2.93
chr5,134483670,134484164,4.84
chr5,145183051,145184171,1.11
chr5,147121807,147122279,2.90
chr5,149670216,149670743,0.65
chr5,149808919,149809371,2.47
chr5,153838178,153838631,3.09
chr5,160653198,160653664,5.02
chr5,165800892,165801352,2.81
chr5,165800919,165801529,2.44
chr5,167859817,167860269,0.00
chr5,167860183,167860635,0.35
chr5,170915879,170916387,2.14
chr5,172296536,172297224,2.21
chr5,172368252,172368861,3.54
chr5,173631065,173631515,0.61
chr5,174068476,174068929,1.96
chr5,174320306,174320829,1.40
chr5,175392451,175393049,0.31
chr5,175392452,175393282,0.28
chr5,176134012,176134497,1.01
chr5,176207269,176207725,2.63
chr5,176530040,176530583,0.73
chr5,176859297,176859817,2.31
chr5,176871467,176871933,0.17
chr5,176872046,176872579,0.11
chr5,177396198,177396787,1.21
chr5,177467770,177468226,1.24
chr5,177517497,177518620,0.47
chr5,177559918,177560445,2.31
chr5,177985641,177986129,0.24
chr5,178094908,178095523,2.07
chr5,178095623,178096281,5.15
chr5,178096476,178096962,4.83
chr5,178239293,178239913,2.70
chr5,178394646,178396366,1.73
chr5,178396103,178396767,0.44
chr5,178447897,178448417,1.69
chr5,178524819,178525819,2.79
chr5,179001304,179001760,2.50
chr5,179313046,179314118,1.64
chr5,179516583,179517034,4.31
chr5,179535745,179536220,3.48
chr5,179871546,179872087,1.23
chr5,180113088,180113678,0.00
chr5,181088605,181089368,3.64
chr5,181089001,181090057,2.01
chr5,181090049,181090647,1.85
chr5,181139494,181140121,1.00
chr5,181160488,181160948,1.82
chr5,181384902,181385456,4.44
chr6,325688,326151,9.05
chr6,326277,326740,6.04
chr6,396723,397175,5.42
chr6,418870,419366,0.31
chr6,424117,424631,1.03
chr6,469010,469669,2.70
chr6,601000,601920,1.24
chr6,675345,676067,1.71
chr6,675855,676363,2.59
chr6,676531,676986,1.83
chr6,676642,677095,2.10
chr6,861733,862230,3.06
chr6,862653,863441,5.55
chr6,909239,910421,3.38
chr6,910348,910826,1.79
chr6,910426,910981,1.98
chr6,1357713,1358589,0.90
chr6,1441175,1441673,4.42
chr6,1477901,1478531,3.47
chr6,1515105,1515572,2.08
chr6,1533791,1534241,3.95
chr6,1534365,1534815,4.61
chr6,3090556,3091822,1.92
chr6,3091832,3092387,1.78
chr6,3092235,3092728,2.38
chr6,3092381,3093277,1.32
chr6,3144934,3146223,1.04
chr6,3181628,3182136,3.04
chr6,3181667,3182391,3.15
chr6,3191532,3192009,2.82
chr6,9146090,9146862,1.00
chr6,13541889,13542449,1.43
chr6,15983644,15984098,2.78
chr6,15983935,15984443,3.88
chr6,18888353,18888805,4.90
chr6,19346960,19347422,2.01
chr6,19346960,19347608,2.32
chr6,19939869,19940349,0.00
chr6,19940273,19940725,1.58
chr6,21551178,21551935,1.79
chr6,21851143,21851632,0.12
chr6,21851474,21851970,0.00
chr6,23801155,23801665,0.84
chr6,23948313,23949317,0.85
chr6,29847006,29847778,0.00
chr6,30468225,30468705,0.00
chr6,30815511,30816071,0.00
chr6,30987125,30987595,0.00
chr6,32400550,32401094,0.00
chr6,32400720,32401252,0.00
chr6,33829363,33829817,1.14
chr6,33829471,33829922,1.33
chr6,33832276,33832802,1.40
chr6,35136229,35137230,1.06
chr6,35383858,35384434,1.77
chr6,37753513,37753981,0.68
chr6,37753626,37754094,0.43
chr6,38165821,38166283,0.94
chr6,40113783,40114239,2.11
chr6,40209127,40209577,4.20
chr6,41616248,41616775,2.98
chr6,42485975,42486428,3.04
chr6,47123739,47124492,3.24
chr6,51159750,51160412,2.88
chr6,55476740,55477735,3.49
chr6,62781823,62782359,3.35
chr6,65478766,65479290,1.74
chr6,69432477,69433063,1.05
chr6,71381664,71382194,2.64
chr6,77485236,77485731,2.68
chr6,77602394,77602890,1.80
chr6,80620831,80621291,1.37
chr6,87009953,87010531,0.62
chr6,89292134,89292588,4.18
chr6,89292542,89292992,4.84
chr6,91470938,91471540,3.14
chr6,94711340,94711800,2.04
chr6,95194318,95194778,3.87
chr6,95485893,95486378,1.63
chr6,95502127,95502663,1.68
chr6,95502330,95502793,2.61
chr6,96035647,96036143,2.66
chr6,107782833,107783373,4.66
chr6,107953509,107953962,3.29
chr6,107953575,107954072,3.57
chr6,110454353,110454824,4.42
chr6,111422364,111422834,3.34
chr6,112448638,112449089,1.12
chr6,113621548,113622027,4.23
chr6,115030717,115031301,3.48
chr6,115057797,115058403,2.39
chr6,117923815,117924494,4.14
chr6,129286503,129287062,6.95
chr6,129286805,129287279,4.81
chr6,132385828,132386527,1.24
chr6,133664853,133665305,0.36
chr6,133665181,133665661,0.19
chr6,140652152,140652660,1.75
chr6,140682339,140683229,0.08
chr6,144132031,144132603,1.96
chr6,146787418,146787869,2.07
chr6,149443918,149444440,1.73
chr6,149762593,149763414,3.12
chr6,149983619,149984241,0.70
chr6,149983871,149984529,0.14
chr6,151898870,151899543,0.64
chr6,152290854,152291347,1.56
chr6,153053712,153054177,5.74
chr6,153853087,153853540,2.12
chr6,154687074,154687551,1.21
chr6,157283543,157284103,3.85
chr6,157686898,157687484,1.84
chr6,158239000,158239527,0.16
chr6,158239138,158239992,0.00
chr6,158239845,158240372,0.50
chr6,158240033,158240511,0.55
chr6,158704614,158705065,3.64
chr6,159651856,159652626,2.60
chr6,159652454,159652910,2.38
chr6,159652546,159653038,4.72
chr6,159712134,159712659,5.11
chr6,160091838,160092318,3.05
chr6,160169140,160169664,4.44
chr6,162327323,162327831,2.31
chr6,163326704,163327232,2.59
chr6,163593690,163594259,1.00
chr6,163593868,163594402,0.90
chr6,165708686,165709188,0.53
chr6,165821990,165822445,1.19
chr6,166221708,166222174,1.28
chr6,166282822,166283428,0.37
chr6,166783615,166784813,2.59
chr6,166858694,166859155,4.02
chr6,167192632,167193102,2.33
chr6,167243844,167244324,3.23
chr6,167295244,167295736,1.09
chr6,167421604,167422180,1.53
chr6,167421784,167422240,0.29
chr6,167423208,167424257,0.65
chr6,167940107,167940737,3.22
chr6,167940765,167941281,2.03
chr6,167941253,167942001,1.90
chr6,168069992,168070453,2.36
chr6,168077133,168077628,2.38
chr6,168115079,168115579,2.64
chr6,168136354,168136816,1.20
chr6,168168375,168168860,2.82
chr6,168190238,168190742,0.91
chr6,168316038,168317826,0.59
chr6,168317250,168318163,0.92
chr6,168334262,168334810,2.14
chr6,168334468,168334942,1.64
chr6,168504984,168505462,4.09
chr6,168654314,168654837,3.27
chr6,168795678,168796129,2.02
chr6,168846604,168847077,1.66
chr6,168846605,168847374,1.02
chr6,168846955,168847761,0.68
chr6,168847371,168848029,1.05
chr6,168849839,168850430,0.23
chr6,168875374,168875830,2.60
chr6,168892001,168892479,1.27
chr6,168941990,168942448,2.10
chr6,169126671,169127179,2.74
chr6,169127688,169128952,2.14
chr6,169197478,169198222,3.95
chr6,169376659,169377341,2.62
chr6,169662455,169662987,1.67
chr6,169664650,169665112,2.34
chr6,169805832,169806514,2.63
chr6,169808065,169808522,0.00
chr6,169828707,169829366,0.96
chr6,169975344,169975798,1.35
chr6,169987355,169987837,4.81
chr6,169987871,169988353,0.32
chr6,169988074,169988598,0.78
chr6,170078671,170079131,6.40
chr6,170168811,170169332,2.18
chr6,170168992,170169788,0.77
chr6,170171937,170172558,2.85
chr6,170190748,170191262,3.55
chr6,170246388,170246891,0.25
chr6,170246560,170247201,0.28
chr6,170246839,170247307,0.60
chr6,170253080,170253530,2.64
chr6,170266624,170267907,1.65
chr6,170435071,170435554,1.10
chr6,170458886,170459403,0.48
chr6,170459010,170459470,0.64
chr6,170495326,170495923,5.81
chr7,103212,104221,0.17
chr7,140043,140525,0.93
chr7,172505,173085,0.60
chr7,206735,207221,0.56
chr7,220729,221256,3.63
chr7,221005,221531,2.83
chr7,224171,225759,2.89
chr7,224226,224745,3.87
chr7,224390,224850,3.32
chr7,224774,225294,2.81
chr7,225407,225867,1.23
chr7,225467,225986,1.67
chr7,346342,346844,2.07
chr7,403093,403976,4.97
chr7,410839,411494,1.22
chr7,419104,419772,0.52
chr7,419432,419899,0.08
chr7,419652,420320,1.64
chr7,421124,421632,1.38
chr7,451123,451600,4.94
chr7,456023,456637,0.47
chr7,456816,457359,0.27
chr7,470923,471408,0.34
chr7,475394,476016,2.10
chr7,531435,531925,1.23
chr7,629448,629903,3.73
chr7,747448,748022,3.06
chr7,747647,748105,2.94
chr7,889602,890082,2.49
chr7,908905,909475,2.27
chr7,1016352,1016822,0.00
chr7,1031191,1031707,0.50
chr7,1159317,1159767,0.77
chr7,1224683,1225241,2.26
chr7,1496075,1496536,2.25
chr7,1525979,1526465,2.57
chr7,1861195,1861843,1.55
chr7,1870296,1870925,1.64
chr7,1903135,1904087,3.10
chr7,1904125,1904663,4.20
chr7,1904300,1905322,2.26
chr7,1904662,1905614,1.84
chr7,1937416,1937888,1.91
chr7,1937788,1938332,2.70
chr7,1990515,1991698,0.48
chr7,2035032,2035872,4.46
chr7,2035843,2036353,1.69
chr7,2210205,2210697,0.96
chr7,2493751,2494218,2.54
chr7,2909201,2909660,0.87
chr7,2909314,2909833,0.38
chr7,5449020,5449616,3.44
chr7,10162714,10163174,5.17
chr7,10589158,10589724,2.04
chr7,14211376,14212480,3.92
chr7,14211749,14212279,1.48
chr7,14211975,14212480,2.00
chr7,15184614,15185068,2.11
chr7,15322237,15322727,4.60
chr7,15406357,15406916,3.67
chr7,15406531,15407131,3.59
chr7,16789643,16790121,0.23
chr7,17713290,17713769,3.71
chr7,18104914,18105454,1.09
chr7,22028936,22029490,2.75
chr7,22433039,22433618,2.97
chr7,23637024,23637524,0.00
chr7,23637367,23638203,0.46
chr7,23904311,23904809,2.66
chr7,26003963,26004418,3.03
chr7,27267990,27268550,1.25
chr7,34607883,34608567,1.25
chr7,44226809,44227396,0.00
chr7,44227019,44227547,0.00
chr7,44227240,44227691,0.00
chr7,44960987,44961458,0.00
chr7,46326670,46327391,0.34
chr7,47111568,47112080,3.18
chr7,49534652,49535122,3.43
chr7,55237455,55237907,2.94
chr7,55721756,55722310,2.80
chr7,55887493,55887965,0.96
chr7,55887517,55888054,1.25
chr7,56368553,56369048,0.41
chr7,57491289,57491865,4.99
chr7,57493922,57494374,6.40
chr7,57905882,57915669,0.42
chr7,62202778,62203348,1.19
chr7,63425152,63425609,2.53
chr7,63752104,63752600,3.88
chr7,65140622,65141082,1.20
chr7,65226955,65227406,0.02
chr7,65226999,65227467,0.00
chr7,65258079,65259373,0.32
chr7,65283120,65283894,0.43
chr7,70003392,70003858,3.77
chr7,72457996,72458493,4.75
chr7,73835979,73836429,0.60
chr7,74369655,74370355,0.59
chr7,75254471,75254955,0.00
chr7,75749770,75750475,1.96
chr7,77014456,77014996,1.50
chr7,77240819,77241274,1.58
chr7,77512968,77513647,2.11
chr7,79324411,79324888,1.36
chr7,81364844,81365364,2.29
chr7,84086262,84086723,5.79
chr7,87626046,87626755,4.75
chr7,89924572,89925324,8.04
chr7,98839285,98839819,0.55
chr7,99180547,99181017,1.08
chr7,99214436,99214889,0.82
chr7,100970264,100970720,2.09
chr7,105170619,105171085,2.81
chr7,112551669,112552167,0.79
chr7,113493903,113494406,3.03
chr7,121422065,121422625,1.64
chr7,123042205,123042655,3.27
chr7,123042812,123043348,0.94
chr7,123407967,123408455,2.72
chr7,128576385,128577010,1.56
chr7,132984698,132985979,1.08
chr7,134231380,134231832,1.81
chr7,135504251,135504985,1.48
chr7,137448366,137448838,0.86
chr7,137558297,137558968,0.75
chr7,140035787,140036256,0.61
chr7,141731558,141732017,1.26
chr7,142603310,142603771,0.00
chr7,142603456,142603938,0.13
chr7,145804099,145804806,1.65
chr7,145988714,145989185,2.95
chr7,147574988,147575439,2.41
chr7,148409588,148410122,1.59
chr7,148414270,148414727,2.71
chr7,148647630,148648166,5.42
chr7,149120882,149121594,0.56
chr7,149865634,149866118,3.12
chr7,149991716,149992256,2.59
chr7,150037521,150038003,0.76
chr7,150038688,150039319,2.15
chr7,150038988,150040095,1.70
chr7,150110220,150110721,1.67
chr7,150779740,150780245,1.72
chr7,151525859,151526619,2.24
chr7,151855237,151855697,0.92
chr7,151873938,151874500,6.51
chr7,152870660,152871216,1.43
chr7,153314748,153315214,1.20
chr7,154123478,154123949,3.57
chr7,154656051,154656529,1.56
chr7,154656817,154657363,0.92
chr7,154656817,154657546,0.69
chr7,154657289,154657763,1.28
chr7,154662183,154662670,5.60
chr7,154662354,154663898,1.79
chr7,154663639,154664303,4.20
chr7,155123883,155124349,3.16
chr7,155124028,155124538,3.80
chr7,155140149,155140645,0.70
chr7,155140250,155140842,1.38
chr7,155346556,155347157,1.20
chr7,155346794,155347260,1.13
chr7,155347083,155348534,0.40
chr7,155366971,155367449,0.88
chr7,155367219,155367670,0.93
chr7,155406835,155407305,1.00
chr7,155406940,155407412,0.15
chr7,155407163,155407616,0.00
chr7,155616329,155616805,5.41
chr7,155616407,155616863,5.06
chr7,155616945,155617697,4.12
chr7,155673434,155673897,5.57
chr7,155933744,155934298,1.31
chr7,155934197,155934754,2.64
chr7,155934491,155934984,1.91
chr7,156052882,156053361,2.63
chr7,156153921,156155055,1.91
chr7,156154756,156155659,6.23
chr7,156520124,156520616,5.08
chr7,157086563,157087022,2.81
chr7,157437789,157438244,2.05
chr7,157647120,157647588,3.70
chr7,157647222,157648200,3.24
chr7,157666698,157667338,2.13
chr7,157710570,157711070,1.91
chr7,157711721,157712225,0.81
chr7,157716044,157716564,1.08
chr7,157933571,157934039,3.87
chr7,157940510,157940999,1.63
chr7,157940673,157941291,0.75
chr7,157941068,157941530,1.10
chr7,157954013,157954476,4.15
chr7,157982726,157983179,2.25
chr7,157994675,157995238,1.41
chr7,158013643,158014235,0.94
chr7,158058515,158059947,1.30
chr7,158059895,158060480,2.09
chr7,158070921,158071407,0.00
chr7,158071569,158072114,0.57
chr7,158104493,158104947,1.70
chr7,158198461,158198955,1.83
chr7,158244969,158245423,2.44
chr7,158251408,158251890,2.57
chr7,158253657,158254800,4.66
chr7,158276025,158276631,1.23
chr7,158295017,158295505,0.00
chr7,158295123,158295603,0.02
chr7,158295275,158295763,0.28
chr7,158319582,158320044,0.00
chr7,158405815,158406301,2.82
chr7,158406904,158407367,1.12
chr7,158460125,158460598,1.82
chr7,158463959,158464422,3.85
chr7,158493304,158494012,1.61
chr7,158496364,158496874,0.00
chr7,158667104,158667606,2.68
chr7,158838627,158839207,4.51
chr7,158981793,158982247,2.00
chr7,159005759,159006425,2.35
chr7,159152158,159152614,4.78
chr7,159171902,159172375,6.25
chr7,159205938,159206583,2.21
chr7,159206458,159206950,4.84
chr7,159206785,159207279,4.34
chr7,159216465,159216931,4.12
chr8,265843,266308,0.47
chr8,282096,282618,3.52
chr8,600972,601452,3.83
chr8,616636,617102,1.00
chr8,639461,639911,3.05
chr8,639538,639988,3.13
chr8,671501,671958,5.84
chr8,674901,675713,1.14
chr8,675453,675961,0.21
chr8,675808,676289,0.22
chr8,675900,676439,0.08
chr8,695861,696323,1.78
chr8,696350,696906,3.24
chr8,699567,700093,1.36
chr8,882270,882826,2.04
chr8,895556,896024,0.67
chr8,943343,943806,0.64
chr8,943410,943905,0.72
chr8,1060071,1060543,1.16
chr8,1094858,1095314,1.98
chr8,1180675,1181195,1.24
chr8,1180849,1181325,1.35
chr8,1188277,1188800,0.99
chr8,1197397,1197847,0.27
chr8,1215205,1215830,1.24
chr8,1282194,1283094,1.29
chr8,1302051,1302501,0.00
chr8,1302151,1302601,0.09
chr8,1384934,1385418,0.74
chr8,1385271,1385879,0.46
chr8,1387917,1388724,0.51
chr8,1419166,1419689,0.35
chr8,1443050,1443508,0.00
chr8,1449602,1450055,1.17
chr8,1449814,1450408,0.80
chr8,1483279,1483771,0.07
chr8,1568054,1568504,0.77
chr8,1568644,1569094,0.59
chr8,1763178,1763682,0.29
chr8,1797997,1798545,0.25
chr8,1798306,1799002,0.41
chr8,1828345,1828838,3.14
chr8,1832708,1833171,1.65
chr8,1841692,1842146,1.94
chr8,1874565,1875201,0.77
chr8,1887904,1888393,1.76
chr8,1888018,1889134,2.31
chr8,1952945,1953443,0.00
chr8,1954744,1955195,1.03
chr8,1954855,1955306,0.79
chr8,1990475,1991007,0.25
chr8,2085293,2086481,0.71
chr8,2085999,2086454,1.69
chr8,2138750,2139216,0.34
chr8,2269690,2270177,0.82
chr8,2471624,2472099,0.97
chr8,3135195,3135662,3.14
chr8,3794856,3795352,1.00
chr8,3794979,3795561,1.14
chr8,3795120,3795967,0.73
chr8,4116311,4116789,3.01
chr8,7037217,7037669,3.94
chr8,9657016,9657466,0.48
chr8,9814319,9814803,1.13
chr8,10805383,10805983,1.14
chr8,11782563,11783090,3.13
chr8,11916921,11917399,1.74
chr8,15352919,15353660,1.12
chr8,16707783,16708237,3.90
chr8,17552312,17552798,0.93
chr8,20635487,20635939,3.70
chr8,26078068,26078531,3.03
chr8,26221571,26222076,4.04
chr8,26221698,26222181,3.96
chr8,26242960,26243425,3.45
chr8,30950784,30951433,1.49
chr8,34825289,34825780,3.42
chr8,35247353,35247860,6.32
chr8,38507673,38508139,1.46
chr8,39150637,39151135,0.00
chr8,46494023,46496488,1.86
chr8,51534660,51535134,0.48
chr8,53948441,53948903,2.93
chr8,55721953,55722479,2.63
chr8,57522396,57522937,4.70
chr8,57522884,57523420,7.98
chr8,61752208,61752963,0.06
chr8,62210836,62211392,2.64
chr8,63997460,63998208,1.14
chr8,73899500,73900008,2.96
chr8,74591113,74591608,2.59
chr8,76644757,76645325,1.05
chr8,81334167,81334665,3.54
chr8,82284255,82285266,0.76
chr8,83088349,83088811,2.66
chr8,86693842,86694292,0.62
chr8,90141430,90141891,4.97
chr8,91827786,91828259,0.95
chr8,94340675,94341162,2.05
chr8,95823907,95824426,3.42
chr8,98825515,98825975,1.13
chr8,99849709,99850177,1.68
chr8,100891877,100892535,1.83
chr8,120521672,120522198,3.64
chr8,120521966,120522534,3.99
chr8,121439015,121439467,2.63
chr8,123315067,123315545,0.60
chr8,127203277,127203788,3.20
chr8,127316229,127316680,0.20
chr8,128118369,128118861,0.40
chr8,128328649,128329209,2.17
chr8,131215899,131216355,4.19
chr8,131487306,131487825,1.95
chr8,132746162,132746636,1.00
chr8,134243356,134243879,2.50
chr8,134930359,134930829,4.25
chr8,135535025,135535512,1.71
chr8,136955436,136955949,1.10
chr8,136991985,136992441,1.75
chr8,137062402,137062902,3.73
chr8,137236327,137236799,5.88
chr8,137295403,137295968,1.53
chr8,138059120,138059634,3.44
chr8,139409751,139410306,3.56
chr8,139936505,139936993,4.14
chr8,139997374,139997864,3.91
chr8,140110043,140110680,0.77
chr8,141347332,141347796,4.16
chr8,141347594,141348072,3.12
chr8,141347694,141348264,1.91
chr8,141436822,141437481,0.91
chr8,141487768,141488262,0.63
chr8,141632766,141634292,1.81
chr8,141812904,141813356,0.00
chr8,141970425,141971005,2.79
chr8,142390416,142390940,2.52
chr8,142516449,142516927,1.53
chr8,142674066,142674533,3.67
chr8,142674164,142674628,3.04
chr8,142759627,142760517,1.87
chr8,142760204,142760849,5.09
chr8,142789398,142789848,1.40
chr8,142897986,142898446,5.13
chr8,142898090,142898670,5.06
chr8,142976614,142977064,1.53
chr8,143015045,143015571,0.16
chr8,143038276,143038740,1.00
chr8,143308099,143308563,1.54
chr8,143316217,143316721,3.05
chr8,143339944,143340503,1.01
chr8,143486607,143487145,4.26
chr8,143492480,143492950,3.79
chr8,143575534,143575988,0.87
chr8,143666329,143666875,1.27
chr8,143666635,143667085,1.53
chr8,143692360,143692840,0.88
chr8,143860546,143862547,1.48
chr8,143912249,143912720,3.56
chr8,143931082,143931595,2.98
chr8,144281097,144281593,1.98
chr8,144281184,144281644,2.36
chr8,144633944,144634508,0.55
chr8,144686679,144687862,0.94
chr8,144811646,144812116,6.91
chr9,319895,322552,1.81
chr9,379835,380296,1.02
chr9,414257,414724,1.24
chr9,707907,708363,2.23
chr9,707991,708447,1.79
chr9,9844891,9845351,2.20
chr9,10020102,10021626,1.27
chr9,14860973,14861491,3.14
chr9,17764630,17765141,4.79
chr9,20973625,20974216,7.44
chr9,21980923,21981376,3.90
chr9,29188779,29189278,0.73
chr9,32693867,32694345,1.14
chr9,32900411,32900928,4.07
chr9,33251702,33252167,1.88
chr9,35372478,35373487,2.20
chr9,35373239,35374328,3.03
chr9,38325031,38325509,1.26
chr9,39349820,39350530,0.41
chr9,40847857,40849637,2.10
chr9,41111937,41112415,2.49
chr9,41861856,41862376,1.46
chr9,42118630,42119154,1.73
chr9,63384932,63385383,0.55
chr9,63448826,63449295,0.32
chr9,65398012,65398501,0.84
chr9,68322691,68323171,3.72
chr9,74704132,74704796,0.67
chr9,76304330,76307124,0.93
chr9,76791008,76791582,1.49
chr9,80653897,80656265,1.93
chr9,80985448,80985934,4.78
chr9,84797474,84797929,6.43
chr9,86107532,86109556,0.45
chr9,86558820,86559324,1.84
chr9,86587922,86588451,3.09
chr9,87144692,87145145,1.00
chr9,87758000,87758478,2.29
chr9,87758216,87758792,0.73
chr9,89404698,89405194,0.47
chr9,89423552,89424010,2.22
chr9,89471498,89471994,3.34
chr9,90861317,90861797,2.91
chr9,91796537,91798186,1.45
chr9,92830753,92831292,1.00
chr9,94270694,94271153,1.00
chr9,97796756,97797254,2.45
chr9,98214068,98214538,3.77
chr9,103014478,103014983,3.14
chr9,105041457,105041991,1.89
chr9,108900555,108901052,1.60
chr9,110541550,110542002,1.75
chr9,111640926,111641553,0.18
chr9,111641397,111642107,0.16
chr9,113900488,113900966,2.03
chr9,121092247,121092797,2.79
chr9,126484251,126485013,2.57
chr9,126485164,126485623,2.14
chr9,128138589,128139949,0.63
chr9,128437658,128438250,4.37
chr9,129239020,129239470,7.59
chr9,130277480,130277985,0.71
chr9,130564632,130565131,2.60
chr9,132812816,132813285,5.67
chr9,132821539,132822035,2.40
chr9,133071040,133071505,1.67
chr9,133826964,133828324,0.92
chr9,133827436,133827932,0.23
chr9,133827700,133828253,0.10
chr9,133828072,133828568,1.90
chr9,134013295,134013839,0.00
chr9,134013571,134014043,0.00
chr9,134115188,134117801,0.04
chr9,134422357,134422811,1.83
chr9,134470076,134470558,1.55
chr9,134523995,134524455,6.78
chr9,134524570,134525030,3.01
chr9,134574441,134574891,3.08
chr9,134849218,134850242,1.16
chr9,134850277,134850773,2.25
chr9,134979061,134979513,2.80
chr9,135162582,135163116,3.60
chr9,135264627,135265117,2.57
chr9,135548777,135549305,1.03
chr9,135578009,135578763,2.46
chr9,135981404,135981924,1.62
chr9,136101260,136101876,2.04
chr9,136174144,136174625,0.12
chr9,136251800,136252285,2.36
chr9,136351968,136352426,3.24
chr9,136579844,136580553,1.58
chr9,136580212,136580854,1.10
chr9,136598133,136598803,4.22
chr9,136671081,136671533,0.62
chr9,136675308,136675790,2.24
chr9,137144553,137145012,1.20
chr9,137144628,137145088,2.12
chr9,137145291,137145750,2.23
chr9,137440764,137441221,0.00
chr9,137450279,137450769,0.71
chr9,137450905,137451595,0.00
chr9,137565023,137567399,1.35
chr9,137567026,137567602,1.19
chr9,137567442,137567902,1.14
chr9,137567638,137568128,2.48
chr9,137567942,137568432,2.62
chr9,137723059,137723608,1.50
chr9,137976612,137977206,3.76
chr9,138017689,138019162,0.91
chr9,138017808,138018615,1.52
chr9,138126444,138126904,1.95
chr9,138126565,138127024,1.67
chr9,138126685,138127145,2.00
chr9,138150170,138150632,2.29
chr10,264640,265158,2.42
chr10,401775,403792,1.87
chr10,417898,418416,1.84
chr10,679231,679691,0.96
chr10,717571,718112,1.37
chr10,723562,724196,1.35
chr10,756892,757437,1.32
chr10,766073,766912,5.13
chr10,783555,784016,1.25
chr10,783673,784256,1.14
chr10,783860,784321,1.23
chr10,954549,955001,2.23
chr10,1009837,1010315,4.57
chr10,1038490,1039016,3.81
chr10,1046660,1047799,1.19
chr10,1117755,1118327,1.72
chr10,1189529,1189983,2.94
chr10,1201587,1202057,2.40
chr10,1205132,1205604,2.75
chr10,1326568,1327202,0.91
chr10,1326680,1327135,0.69
chr10,1326751,1327205,0.23
chr10,1327018,1327472,0.00
chr10,1327027,1327913,0.17
chr10,1409669,1410153,3.53
chr10,1459709,1460177,2.28
chr10,1528847,1529318,4.72
chr10,1547360,1547833,0.70
chr10,1659529,1660001,4.40
chr10,1971267,1971789,2.28
chr10,2290509,2291045,1.51
chr10,2290795,2291333,2.57
chr10,3060729,3061349,1.11
chr10,3061067,3061563,0.90
chr10,3458086,3458578,5.01
chr10,3663475,3663969,3.23
chr10,4815235,4815855,0.73
chr10,6206661,6207137,1.83
chr10,6210333,6210783,0.86
chr10,6210333,6211083,1.48
chr10,6646651,6647114,0.27
chr10,6794907,6795438,0.54
chr10,6834733,6835469,1.91
chr10,7666940,7667483,0.15
chr10,7953665,7955151,2.40
chr10,9272909,9273471,4.59
chr10,10266201,10266736,1.04
chr10,10767640,10768210,0.79
chr10,11365638,11366576,1.10
chr10,11366257,11366909,1.21
chr10,12246842,12247480,2.63
chr10,12774800,12775831,0.37
chr10,19306081,19306545,4.16
chr10,20126199,20126668,3.98
chr10,23789715,23790319,2.96
chr10,23790192,23790702,2.99
chr10,27106616,27107073,3.08
chr10,28506778,28507493,2.27
chr10,30677225,30677691,0.84
chr10,30677407,30677876,1.63
chr10,34854679,34855252,0.79
chr10,35518205,35518865,3.81
chr10,35549539,35550103,1.92
chr10,42847420,42847947,2.17
chr10,43708922,43709574,4.00
chr10,43709395,43710131,2.38
chr10,44662467,44663167,0.76
chr10,44866189,44866676,2.48
chr10,45870197,45870744,2.82
chr10,46271175,46271947,1.83
chr10,47180579,47181043,2.57
chr10,47327899,47328425,2.80
chr10,49335202,49335837,0.70
chr10,55542373,55542940,2.97
chr10,59696802,59697330,0.98
chr10,59881962,59882489,1.89
chr10,62947591,62948166,0.09
chr10,62947819,62948563,1.06
chr10,64552976,64553426,3.38
chr10,65750527,65750992,2.23
chr10,68059309,68059902,3.03
chr10,70918524,70919079,3.99
chr10,76818984,76819512,2.42
chr10,77888788,77889246,1.32
chr10,80025694,80026188,3.09
chr10,81370408,81371135,2.03
chr10,96816172,96816635,5.38
chr10,98152259,98152929,0.21
chr10,102768165,102768890,0.54
chr10,103700803,103701289,1.87
chr10,106128078,106128618,1.51
chr10,111430853,111431378,2.37
chr10,111431352,111431820,3.88
chr10,111733325,111733785,3.67
chr10,114998064,114998520,1.20
chr10,114998064,114998576,1.17
chr10,119394176,119394675,1.17
chr10,119394294,119394764,1.32
chr10,119394299,119394901,1.70
chr10,119722154,119722651,0.59
chr10,120358350,120358924,1.63
chr10,122813703,122814183,1.39
chr10,122814019,122814497,1.53
chr10,126938568,126939032,1.14
chr10,129223702,129224152,1.57
chr10,130051340,130051848,0.95
chr10,130051628,130052100,0.26
chr10,130051772,130052244,0.51
chr10,130359962,130360662,1.01
chr10,130518714,130519300,2.30
chr10,130758856,130759537,0.45
chr10,130759140,130759912,1.44
chr10,130759837,130760548,1.23
chr10,131289413,131290188,1.47
chr10,131916917,131917983,2.25
chr10,131938871,131939382,3.75
chr10,132140369,132140847,3.51
chr10,132180344,132180852,0.28
chr10,132191316,132192045,0.77
chr10,132254350,132254855,2.37
chr10,132254350,132254960,2.20
chr10,132284074,132284549,1.40
chr10,132351752,132352725,1.61
chr10,132356151,132356605,2.67
chr10,132358086,132358601,0.56
chr10,132358398,132358853,0.00
chr10,132358535,132358992,0.00
chr10,132358559,132359127,0.11
chr10,132358620,132359079,0.03
chr10,132358757,132359299,0.43
chr10,132505074,132505770,10.09
chr10,132521790,132522252,1.93
chr10,132522060,132522591,2.56
chr10,132757885,132758525,2.25
chr10,132771459,132771913,1.10
chr10,132771507,132771962,1.00
chr10,132772265,132772827,3.11
chr10,132858081,132858536,1.72
chr10,132877581,132878033,3.81
chr10,132996295,132996750,1.82
chr10,133029845,133030407,2.09
chr10,133112755,133113210,3.54
chr10,133220525,133220989,1.67
chr10,133222308,133223104,0.85
chr10,133222776,133223302,0.00
chr10,133264614,133265252,1.76
chr10,133291020,133291985,0.36
chr10,133291653,133292679,0.81
chr10,133402844,133403297,1.78
chr10,133610565,133611140,3.82
chr11,70501,71056,1.54
chr11,186386,186933,5.88
chr11,195920,196371,0.00
chr11,196141,196748,0.07
chr11,381088,381680,1.25
chr11,384701,385519,1.87
chr11,390278,391018,1.94
chr11,421168,421708,1.16
chr11,436563,437028,0.28
chr11,485537,485994,0.94
chr11,487780,488249,1.10
chr11,491442,492066,0.52
chr11,541671,542227,0.62
chr11,576545,577002,1.01
chr11,635617,636133,0.43
chr11,639803,640299,1.14
chr11,647606,648146,0.52
chr11,771975,772459,3.56
chr11,1088389,1088850,0.70
chr11,1148139,1148603,0.98
chr11,1155047,1155857,1.00
chr11,1155478,1156158,1.00
chr11,1255350,1255986,1.39
chr11,1509923,1510675,0.64
chr11,1550690,1551212,0.83
chr11,1641588,1642537,0.00
chr11,1660699,1661219,0.35
chr11,1660960,1661460,0.07
chr11,1684312,1684840,0.21
chr11,1684607,1685144,0.02
chr11,1803925,1804391,1.62
chr11,1950403,1950905,1.68
chr11,2005327,2005785,0.76
chr11,2193881,2194535,4.57
chr11,2923078,2923539,0.47
chr11,4137389,4137839,1.18
chr11,4137483,4138059,1.41
chr11,8910360,8910837,1.90
chr11,14160192,14160757,4.39
chr11,17711275,17711743,1.39
chr11,18143447,18143913,1.00
chr11,22637177,22637641,4.30
chr11,22986173,22986658,4.25
chr11,28430722,28431328,0.44
chr11,32755411,32755891,5.13
chr11,34026826,34027320,4.77
chr11,34026946,34027456,3.59
chr11,34227628,34228353,1.65
chr11,36144634,36145288,0.00
chr11,36145121,36145648,0.91
chr11,36756051,36756763,2.12
chr11,37348389,37348845,3.83
chr11,39270766,39271298,2.66
chr11,41303866,41304393,0.00
chr11,42681788,42682270,7.19
chr11,47097092,47097619,0.54
chr11,48692293,48693721,1.85
chr11,50406507,50407426,2.04
chr11,50588095,50588983,1.98
chr11,57943539,57944057,1.28
chr11,58051258,58052658,0.05
chr11,60815185,60815762,1.51
chr11,61201790,61202269,1.10
chr11,62951474,62951932,2.46
chr11,63112836,63113425,1.37
chr11,65248878,65249333,2.11
chr11,65842568,65843241,0.95
chr11,67669784,67670396,1.73
chr11,69069311,69069866,3.67
chr11,69082418,69082880,4.70
chr11,69082798,69083260,4.72
chr11,70121629,70122096,2.19
chr11,70121716,70122182,2.25
chr11,70739841,70740296,3.30
chr11,71095641,71096121,2.33
chr11,71095725,71096205,2.35
chr11,71167789,71168542,2.18
chr11,87754895,87755376,1.70
chr11,88053216,88053674,1.59
chr11,89036422,89036876,1.40
chr11,89164139,89164591,1.79
chr11,90270952,90271460,2.54
chr11,92974351,92974913,2.12
chr11,95320747,95321288,0.46
chr11,99598064,99598546,2.38
chr11,102667613,102668063,3.91
chr11,106638105,106638558,3.94
chr11,106638350,106638807,4.54
chr11,109227847,109228565,2.24
chr11,109228430,109228958,0.99
chr11,110444472,110444924,2.04
chr11,110618880,110619465,1.58
chr11,114960848,114961317,2.49
chr11,117251051,117251539,2.26
chr11,120082229,120083326,1.80
chr11,121481605,121482059,3.66
chr11,123681623,123682086,4.03
chr11,128584738,128585227,2.06
chr11,129563211,129563883,1.06
chr11,129563958,129564448,2.41
chr11,130532266,130532757,3.23
chr11,131266537,131267010,4.27
chr11,131672621,131673088,1.81
chr11,133140801,133141256,3.19
chr11,134092779,134093786,4.05
chr11,134093623,134094083,4.66
chr11,134165780,134166478,1.36
chr11,134166091,134166554,1.08
chr11,134375533,134376071,1.25
chr11,134420214,134420670,2.25
chr11,134457516,134458109,2.67
chr11,134530000,134530622,0.78
chr11,134927236,134927708,2.97
chr11,134933483,134934802,1.90
chr11,134934458,134935297,1.74
chr11,134935152,134935712,1.73
chr11,134936873,134937330,1.16
chr11,134961728,134962258,0.30
chr11,134985321,134985931,2.38
chr11,134985773,134986453,2.74
chr11,135041253,135041928,2.30
chr11,135041627,135042247,2.00
chr11,135041879,135042510,2.06
chr12,45417,45931,4.13
chr12,130786,131242,1.71
chr12,258765,259285,3.21
chr12,259047,259507,3.49
chr12,434761,435319,2.61
chr12,582493,582965,1.69
chr12,590442,590912,1.69
chr12,783354,783891,0.88
chr12,1079084,1079578,3.21
chr12,1660854,1661364,2.38
chr12,1921287,1921875,0.72
chr12,2407055,2407558,2.89
chr12,2546178,2546638,1.51
chr12,3197468,3198993,0.77
chr12,4972783,4973757,3.58
chr12,5211863,5212373,2.81
chr12,7199606,7200100,2.21
chr12,7420831,7421287,2.77
chr12,7979548,7980465,0.33
chr12,8448986,8449473,0.72
chr12,8625388,8625964,0.71
chr12,9569241,9570632,0.57
chr12,10882236,10882699,0.53
chr12,11267201,11267726,0.66
chr12,11267287,11267750,0.62
chr12,11874262,11874714,4.78
chr12,12413524,12414149,1.15
chr12,18369220,18369741,1.94
chr12,18369427,18369947,2.66
chr12,18369547,18370007,2.98
chr12,21976431,21977653,1.00
chr12,22033482,22033951,2.68
chr12,24006970,24007622,2.99
chr12,26784731,26785208,0.22
chr12,26784854,26785554,0.05
chr12,30869865,30870351,4.29
chr12,30957487,30957975,1.57
chr12,31122225,31122705,0.00
chr12,31122567,31123126,0.33
chr12,40247294,40247748,5.55
chr12,43790392,43791071,0.93
chr12,43790692,43791185,1.01
chr12,48056648,48057118,3.64
chr12,48056651,48057195,3.80
chr12,48056810,48057318,4.10
chr12,49436066,49436593,1.24
chr12,49877870,49879532,2.62
chr12,51196843,51197307,1.88
chr12,53029831,53030389,0.83
chr12,53682202,53682922,0.21
chr12,56788886,56789511,0.92
chr12,56789318,56789768,0.35
chr12,60908247,60908822,0.95
chr12,62010649,62011125,0.93
chr12,63556116,63556576,4.95
chr12,63948685,63949170,5.58
chr12,64366121,64366766,5.83
chr12,69041061,69041523,6.60
chr12,69041061,69041587,6.46
chr12,69228670,69229122,2.83
chr12,69228817,69229271,2.73
chr12,69236034,69236524,1.79
chr12,69664800,69665309,2.23
chr12,71563736,71564409,1.68
chr12,78280517,78281021,2.35
chr12,81906475,81907000,3.98
chr12,81906476,81906929,4.25
chr12,82900007,82900547,4.09
chr12,83393478,83393936,1.27
chr12,84680588,84681125,1.77
chr12,87485640,87486120,3.70
chr12,88701445,88701905,2.68
chr12,90777015,90777568,4.64
chr12,92195212,92195722,1.64
chr12,92727779,92728292,2.72
chr12,93392276,93393100,1.46
chr12,95235095,95235622,2.34
chr12,96664565,96665015,2.96
chr12,96826954,96827570,2.74
chr12,96827034,96827489,2.27
chr12,101704314,101705376,0.89
chr12,106224657,106225120,2.61
chr12,106224758,106225221,2.72
chr12,109357416,109357913,3.65
chr12,109357572,109358069,4.47
chr12,109635014,109635546,0.08
chr12,111296420,111296877,1.83
chr12,113450120,113451220,2.74
chr12,118098020,118098472,1.61
chr12,119951618,119952147,1.43
chr12,120852136,120852650,1.72
chr12,120927163,120927632,1.33
chr12,120987787,120988250,1.81
chr12,122853016,122853571,2.58
chr12,123521441,123521893,0.98
chr12,124671555,124672029,4.86
chr12,124849646,124850332,2.64
chr12,125114462,125114937,2.50
chr12,125204031,125204894,3.26
chr12,125410529,125411080,0.00
chr12,126728219,126728783,1.90
chr12,128042188,128042698,0.86
chr12,128189233,128189706,6.42
chr12,129190227,129190685,1.96
chr12,129479518,129480042,1.65
chr12,129854968,129858465,1.38
chr12,130157538,130157992,2.98
chr12,130386676,130387144,4.34
chr12,130482501,130482963,4.27
chr12,130531718,130532271,3.33
chr12,130996158,130996647,1.00
chr12,131037279,131037829,3.46
chr12,131067398,131067857,3.99
chr12,131277941,131278431,1.37
chr12,131305807,131306314,1.74
chr12,131305937,131306389,1.73
chr12,131306309,131306761,4.21
chr12,131306569,131307021,1.72
chr12,131366822,131367653,3.98
chr12,131382087,131382995,1.52
chr12,131382827,131383456,2.46
chr12,131404914,131405485,1.84
chr12,131432726,131433402,1.72
chr12,131433009,131433502,1.16
chr12,131433145,131433607,0.93
chr12,131433238,131433824,0.42
chr12,131594221,131594929,0.80
chr12,131700896,131701521,0.87
chr12,132149452,132149940,4.53
chr12,132149769,132150340,1.92
chr12,132211958,132212478,1.66
chr12,132212825,132213385,2.15
chr12,132281577,132282091,2.51
chr12,132290328,132291103,0.48
chr12,132290863,132291458,0.00
chr12,132313801,132314261,0.22
chr12,132365454,132366090,2.70
chr12,132365750,132366268,2.08
chr12,132392003,132392574,0.58
chr12,132562779,132563260,1.97
chr12,132563612,132564094,2.01
chr12,132564413,132564947,4.26
chr12,132587609,132588127,3.86
chr12,132758918,132759405,1.76
chr12,132776303,132776782,1.68
chr12,132787397,132787885,0.22
chr12,132817057,132817556,3.21
chr12,132817379,132817877,1.41
chr12,132817430,132817928,1.32
chr12,132868607,132869320,0.84
chr12,132895314,132896117,1.39
chr13,18198235,18198691,2.56
chr13,18496401,18496897,3.67
chr13,23101307,23101830,3.45
chr13,24190047,24190504,3.15
chr13,25425299,25425810,2.78
chr13,26723782,26724356,0.47
chr13,27287433,27287937,3.06
chr13,27998904,27999367,5.60
chr13,29909080,29909625,1.31
chr13,30269829,30270454,0.87
chr13,30838981,30839466,0.87
chr13,30839120,30839787,0.56
chr13,31602412,31602919,2.34
chr13,31889297,31889780,1.39
chr13,33177551,33178058,1.58
chr13,34541059,34541509,0.25
chr13,39352622,39353124,2.74
chr13,45381306,45382347,0.80
chr13,47740351,47741477,0.55
chr13,48427366,48427819,4.86
chr13,49799190,49799779,2.89
chr13,51773962,51774548,2.32
chr13,51774231,51775456,1.75
chr13,51775495,51775956,3.47
chr13,51775865,51776341,5.80
chr13,60740913,60742302,0.28
chr13,61384361,61385087,1.87
chr13,63050217,63050751,1.18
chr13,64517302,64517771,6.02
chr13,65448901,65449395,2.41
chr13,67323002,67323468,2.12
chr13,67613103,67613608,4.31
chr13,71733925,71734446,2.38
chr13,71734174,71734638,4.09
chr13,77660180,77660700,2.73
chr13,79957298,79957924,1.96
chr13,81285308,81285768,2.26
chr13,83005977,83006575,2.82
chr13,83380310,83380764,1.13
chr13,87774099,87774593,4.31
chr13,90495636,90496138,4.54
chr13,94392431,94392969,2.18
chr13,98653727,98654190,2.42
chr13,102137902,102138594,1.92
chr13,109008502,109008954,2.91
chr13,109569192,109569723,5.00
chr13,109717086,109717612,2.71
chr13,109765339,109765886,2.52
chr13,109765584,109766082,1.65
chr13,109765682,109766278,0.87
chr13,109765976,109766915,0.69
chr13,110355461,110355959,0.57
chr13,110408634,110409175,1.06
chr13,110677224,110677771,1.31
chr13,111044677,111045202,1.51
chr13,111051939,111052689,0.93
chr13,111254161,111254612,3.71
chr13,111517739,111518202,0.35
chr13,112766808,112767525,0.81
chr13,112844970,112845434,2.62
chr13,112884535,112884994,1.75
chr13,113011962,113012525,1.71
chr13,113012293,113012796,1.61
chr13,113025543,113025997,1.43
chr13,113068064,113068728,1.79
chr13,113068526,113068992,2.47
chr13,113069056,113069522,2.38
chr13,113085629,113086085,1.68
chr13,113136418,113137011,1.72
chr13,113136615,113137149,1.48
chr13,113314192,113314880,2.86
chr13,113314287,113314783,2.56
chr13,113330550,113331009,4.57
chr13,113330613,113331113,3.59
chr13,113352787,113353277,2.37
chr13,113374945,113375425,2.38
chr13,113375172,113375732,2.61
chr13,113377410,113378193,1.34
chr13,113725338,113725990,2.10
chr13,113745574,113746032,1.14
chr13,113751929,113752449,2.40
chr13,113787847,113788340,1.25
chr13,113789952,113790672,4.30
chr13,113841466,113841948,2.64
chr13,113898629,113899677,1.11
chr13,113899527,113900089,3.87
chr13,113900092,113900546,5.70
chr13,113984144,113988454,0.38
chr13,113990931,113991395,1.51
chr13,114019544,114020025,3.08
chr13,114075328,114075836,3.17
chr13,114075476,114075930,4.02
chr13,114103975,114104533,1.20
chr13,114119834,114120408,0.57
chr13,114120043,114120518,0.73
chr13,114138173,114138690,0.19
chr13,114139466,114139983,1.04
chr13,114198629,114199107,0.31
chr13,114230967,114231424,6.29
chr14,19158757,19159207,0.80
chr14,20310296,20310774,0.66
chr14,25866176,25866650,4.93
chr14,25866693,25867151,4.18
chr14,25867266,25867790,3.59
chr14,25867645,25868133,4.18
chr14,27512727,27513223,1.83
chr14,29526332,29526796,2.16
chr14,29825959,29826543,2.61
chr14,34443175,34443706,0.87
chr14,34929451,34929939,3.09
chr14,35976693,35977390,0.57
chr14,38100370,38101342,3.20
chr14,42409742,42410196,3.91
chr14,50896342,50896799,3.09
chr14,55331464,55331940,2.76
chr14,59749304,59749782,1.74
chr14,59749328,59749834,1.41
chr14,63752009,63752467,1.90
chr14,64037467,64037949,2.13
chr14,65060226,65060910,0.23
chr14,69924799,69925284,0.96
chr14,70424283,70424921,4.87
chr14,73183947,73184397,0.02
chr14,73515472,73516347,0.66
chr14,74994960,74995680,2.54
chr14,76821492,76822166,0.91
chr14,77220666,77221423,0.66
chr14,77235206,77235782,0.43
chr14,77235312,77235888,0.24
chr14,85726508,85726964,3.04
chr14,86286895,86287354,1.36
chr14,88789247,88789758,1.66
chr14,90343471,90343936,0.57
chr14,91293147,91293607,1.81
chr14,91293236,91293692,1.80
chr14,91556956,91557483,0.00
chr14,91557134,91557585,0.15
chr14,92179089,92179574,2.96
chr14,93158811,93159305,1.00
chr14,93576766,93577216,1.82
chr14,93721799,93722269,1.76
chr14,93768766,93769222,2.05
chr14,94346023,94346479,1.16
chr14,95423352,95423803,2.35
chr14,95927496,95928094,0.76
chr14,95927605,95928069,0.75
chr14,99949133,99949635,1.02
chr14,100869006,100870448,0.65
chr14,101571988,101572466,3.86
chr14,101782050,101782767,0.05
chr14,103108964,103109618,0.60
chr14,103160553,103161025,1.11
chr14,104208321,104208924,0.29
chr14,104224975,104225585,1.85
chr14,104225201,104225706,2.31
chr14,104324873,104325622,4.77
chr14,104325026,104325495,3.18
chr14,104375145,104375686,2.82
chr14,104429724,104430376,2.49
chr14,104548517,104549001,0.39
chr14,104653229,104653703,2.69
chr14,104807363,104808447,0.51
chr14,104808138,104808614,1.18
chr14,104884483,104884936,1.30
chr14,104949725,104951610,2.73
chr14,105276149,105276602,5.61
chr14,105276413,105276867,6.56
chr14,105276521,105276973,6.60
chr14,105276707,105277169,4.87
chr14,105276786,105277308,3.56
chr14,105276937,105277443,3.25
chr14,105277042,105277528,4.37
chr14,105346567,105347023,0.04
chr14,105458942,105459754,1.12
chr14,105459495,105459954,0.86
chr14,105459594,105460053,1.43
chr14,105477654,105478108,0.91
chr14,105580816,105581381,0.17
chr14,105627706,105628501,0.51
chr14,105635607,105636067,1.09
chr14,105650549,105651012,2.86
chr14,105696210,105696682,1.09
chr14,105714180,105714745,0.29
chr14,105717654,105718913,0.49
chr14,105718567,105719050,0.00
chr14,106663803,106664261,1.54
chr14,106813582,106814043,0.63
chr15,21159350,21160034,0.67
chr15,22035838,22036305,0.67
chr15,22223988,22224622,3.53
chr15,22224261,22224740,4.31
chr15,22465819,22466275,2.90
chr15,23136385,23136839,0.00
chr15,23676061,23676593,5.08
chr15,25429858,25430333,4.30
chr15,25999822,26000276,1.98
chr15,28443123,28443647,0.57
chr15,28624932,28625434,0.67
chr15,28842710,28843173,1.53
chr15,29588326,29588789,0.37
chr15,30375628,30376124,0.52
chr15,31510971,31511913,1.61
chr15,32777617,32778165,1.62
chr15,35656226,35656752,0.00
chr15,48529879,48530330,4.18
chr15,55039186,55039624,4.35
chr15,56007082,56007554,1.78
chr15,56110231,56110709,0.74
chr15,56110536,56111141,0.66
chr15,57687271,57687771,2.93
chr15,57687756,57688235,2.95
chr15,57688030,57688540,2.19
chr15,59539532,59539984,4.00
chr15,60366614,60367144,0.45
chr15,60367277,60367804,1.01
chr15,60815947,60816509,1.18
chr15,62331943,62332774,2.00
chr15,63320663,63321222,2.00
chr15,64577128,64577588,3.47
chr15,66039547,66040119,0.10
chr15,66998307,66998770,2.21
chr15,67609295,67609815,1.99
chr15,67904835,67905362,1.00
chr15,68396985,68397467,6.21
chr15,68397310,68397776,6.48
chr15,68691131,68691824,0.27
chr15,70279431,70279991,1.13
chr15,70479371,70479891,2.98
chr15,72725598,72726082,1.23
chr15,72806663,72807191,2.28
chr15,74793889,74794454,1.58
chr15,79512091,79512850,3.33
chr15,79574695,79575169,3.78
chr15,79716275,79716734,4.97
chr15,81593193,81593662,2.15
chr15,82488182,82488712,0.28
chr15,82997538,82998068,0.72
chr15,86973836,86974420,3.41
chr15,88205856,88206575,1.19
chr15,88552059,88552764,1.05
chr15,88552218,88552697,0.91
chr15,88552600,88553400,0.46
chr15,88552824,88553352,0.40
chr15,88855307,88855821,1.28
chr15,89508335,89508792,0.64
chr15,89950342,89950904,1.55
chr15,91750661,91751145,3.55
chr15,92669019,92669474,2.67
chr15,96822626,96823090,2.68
chr15,98522325,98522863,2.17
chr15,99798172,99798670,2.20
chr15,99806038,99806572,0.84
chr15,100102221,100102677,2.87
chr15,100511350,100512252,1.40
chr15,100582038,100582538,1.00
chr15,100582163,100582712,1.00
chr15,100582344,100582844,1.00
chr15,100718853,100719339,4.93
chr15,100719300,100719829,2.56
chr15,100719694,100720181,3.02
chr15,100909223,100909699,1.13
chr15,101095625,101096099,8.45
chr15,101130303,101130788,11.25
chr15,101692056,101692578,1.39
chr16,185842,186429,0.39
chr16,406545,407001,1.59
chr16,452345,453065,0.63
chr16,480553,481264,2.84
chr16,584791,585242,0.41
chr16,584875,585326,0.38
chr16,585014,585465,0.89
chr16,611823,612292,2.91
chr16,612106,612574,2.03
chr16,631527,632086,0.59
chr16,665014,665464,1.13
chr16,707413,707915,1.37
chr16,952823,953295,1.18
chr16,953240,954114,0.99
chr16,953284,953784,0.08
chr16,953447,954034,0.80
chr16,960326,961026,2.33
chr16,1043024,1043783,0.67
chr16,1136577,1137118,3.03
chr16,1190633,1191349,4.60
chr16,1372591,1373924,0.45
chr16,1373584,1374259,0.43
chr16,1736585,1737197,0.78
chr16,1736849,1737849,0.00
chr16,1737500,1738514,0.27
chr16,2034091,2034564,2.29
chr16,2442198,2442783,2.92
chr16,3011361,3011873,2.36
chr16,3054146,3054614,2.48
chr16,3066710,3067190,2.54
chr16,3469319,3469814,2.80
chr16,3656133,3656590,3.22
chr16,5488342,5488807,4.81
chr16,7186007,7186557,1.41
chr16,7229670,7230124,1.93
chr16,8953504,8954099,3.22
chr16,10498449,10499074,2.53
chr16,11335556,11336006,0.88
chr16,11486058,11486607,2.44
chr16,11493624,11494105,1.60
chr16,11498921,11499414,0.51
chr16,11637720,11638218,2.28
chr16,13385315,13385765,4.58
chr16,14873822,14874298,2.88
chr16,15104203,15104674,1.76
chr16,15311936,15312395,2.27
chr16,15363465,15363936,0.63
chr16,15775207,15775657,0.00
chr16,16650436,16650897,0.77
chr16,17505448,17505973,2.30
chr16,17505615,17506065,2.33
chr16,18222514,18223100,4.22
chr16,18568023,18568489,1.83
chr16,18955974,18956480,0.78
chr16,19252154,19252648,2.59
chr16,19967801,19968252,2.08
chr16,22695650,22696173,1.35
chr16,23253271,23253744,1.00
chr16,23462501,23463111,1.31
chr16,24852599,24853063,2.86
chr16,26722115,26722589,2.58
chr16,26811416,26812388,3.23
chr16,27805261,27805757,0.00
chr16,28665963,28666413,1.87
chr16,28737578,28738028,0.97
chr16,29121472,29121923,3.77
chr16,29196866,29197403,4.23
chr16,29226671,29227384,1.60
chr16,29298532,29299052,4.00
chr16,29383111,29383889,2.60
chr16,29383582,29384106,4.01
chr16,29383875,29384332,4.55
chr16,29600601,29601053,1.79
chr16,30223622,30224091,1.13
chr16,33058687,33059241,0.60
chr16,33626395,33626845,1.00
chr16,33824026,33824482,1.12
chr16,34954479,34955130,1.42
chr16,48917428,48917908,6.44
chr16,48966576,48967060,2.87
chr16,49506196,49506731,3.90
chr16,50754799,50755270,4.68
chr16,51014081,51014558,5.86
chr16,51014279,51014756,4.84
chr16,51014397,51015071,4.49
chr16,56397503,56398101,2.45
chr16,56540474,56541046,0.82
chr16,57070800,57071273,2.82
chr16,58892410,58892905,0.80
chr16,59774589,59775071,8.29
chr16,60028569,60029175,3.41
chr16,60647453,60647911,3.29
chr16,61418640,61419174,2.53
chr16,61637511,61637983,3.51
chr16,63584416,63584952,1.50
chr16,64662214,64662758,2.61
chr16,64921584,64922092,2.81
chr16,64921723,64922241,2.34
chr16,65465261,65465756,6.16
chr16,65465502,65465953,6.37
chr16,73349433,73349893,1.24
chr16,74355384,74355935,1.52
chr16,82275423,82276231,2.80
chr16,82275840,82276649,2.50
chr16,83658018,83658526,4.76
chr16,84050622,84051078,1.16
chr16,84051257,84051713,2.97
chr16,85208598,85209098,1.94
chr16,85883271,85883810,2.20
chr16,86883951,86884450,3.05
chr16,87563838,87564301,1.15
chr16,87733356,87733807,2.65
chr16,88000692,88001400,1.45
chr16,88001052,88001510,1.44
chr16,88162975,88163508,4.89
chr16,88206596,88207526,0.71
chr16,88280913,88281468,2.91
chr16,88283719,88284271,2.68
chr16,88314480,88314982,5.68
chr16,88667974,88668450,2.62
chr16,88933050,88933779,1.35
chr16,88955359,88955816,2.12
chr16,89083173,89083641,3.71
chr16,89083833,89084396,2.80
chr16,89084088,89084616,2.01
chr16,89121768,89122305,4.20
chr16,89240843,89241393,2.36
chr16,89399779,89400977,3.23
chr16,89421065,89421615,5.32
chr16,89428986,89430016,7.93
chr16,89579496,89580171,1.02
chr16,89579788,89580248,1.03
chr16,89652212,89652689,3.11
chr16,89686044,89686497,0.98
chr16,89745417,89745931,1.67
chr16,89848678,89849210,1.31
chr16,89879257,89879993,1.48
chr16,89901214,89902925,0.62
chr16,89948656,89949132,1.47
chr16,90003233,90003688,1.62
chr16,90003333,90003788,1.65
chr16,90003370,90003825,1.86
chr16,90003470,90004090,1.68
chr16,90003635,90004090,1.93
chr16,90003951,90004406,2.26
chr16,90008189,90008671,1.74
chr16,90052266,90052771,3.79
chr17,136064,136550,0.16
chr17,170565,171975,0.25
chr17,206301,206785,2.54
chr17,220300,221015,5.69
chr17,235444,235944,2.58
chr17,264050,264639,2.22
chr17,272767,273223,0.64
chr17,272952,273632,0.04
chr17,286713,287325,0.42
chr17,286979,287595,0.23
chr17,287301,288577,0.13
chr17,288283,289065,0.83
chr17,299790,300378,0.00
chr17,299998,300630,0.00
chr17,360538,361166,0.28
chr17,375374,375827,0.02
chr17,387226,387680,0.75
chr17,402695,403559,4.70
chr17,403549,404094,2.67
chr17,403781,404239,3.28
chr17,413596,414057,2.21
chr17,505697,506225,5.23
chr17,505975,506960,3.30
chr17,506608,507073,2.58
chr17,506807,507272,1.44
chr17,513558,514096,3.31
chr17,552707,553172,2.25
chr17,552707,553367,1.86
chr17,552798,553263,2.08
chr17,617720,618170,5.21
chr17,657739,658231,1.93
chr17,790435,791002,1.80
chr17,835484,836017,2.06
chr17,893392,893849,1.66
chr17,893910,894430,2.49
chr17,898184,898689,0.39
chr17,1006707,1007172,0.51
chr17,1029580,1030039,0.93
chr17,1052130,1052837,0.00
chr17,1054396,1054847,0.00
chr17,1073818,1074284,0.00
chr17,1128525,1128997,0.00
chr17,1131190,1131680,0.22
chr17,1131324,1131813,0.11
chr17,1131648,1132140,0.83
chr17,1159023,1159714,2.93
chr17,1508534,1508989,1.34
chr17,1739442,1741778,0.81
chr17,2356213,2357013,3.05
chr17,2447302,2447830,1.17
chr17,3000182,3000978,3.20
chr17,3000784,3001283,6.16
chr17,3001194,3001693,5.01
chr17,3464847,3465461,1.82
chr17,4132460,4132994,1.31
chr17,4191295,4191923,2.09
chr17,4191678,4192140,0.92
chr17,4714363,4714863,2.05
chr17,4830139,4830843,0.54
chr17,5239981,5240545,7.85
chr17,5240371,5240854,5.74
chr17,6518981,6519546,0.96
chr17,11711664,11712146,4.46
chr17,12261845,12262366,2.33
chr17,12442127,12444081,3.05
chr17,13782244,13782706,1.56
chr17,13782331,13782814,2.61
chr17,13783142,13783762,2.47
chr17,13796585,13797159,6.84
chr17,13796814,13797272,8.07
chr17,13796901,13797388,7.89
chr17,15960054,15960772,1.17
chr17,17442390,17442844,0.00
chr17,20984421,20984920,0.81
chr17,20984597,20985073,0.55
chr17,21684101,21684644,2.44
chr17,21684279,21685793,1.95
chr17,21685423,21686433,1.75
chr17,21686067,21686930,3.55
chr17,21743294,21743758,2.72
chr17,28516503,28517242,2.09
chr17,29895042,29895562,0.92
chr17,30359063,30359610,1.81
chr17,31658998,31659490,1.26
chr17,37593951,37594410,0.23
chr17,37896630,37897092,2.26
chr17,38371289,38371749,0.00
chr17,41041048,41041586,1.36
chr17,41050623,41051197,3.90
chr17,41105290,41105810,2.71
chr17,41117754,41118259,0.89
chr17,41123662,41124182,1.19
chr17,41167622,41168112,3.85
chr17,41598366,41598926,0.00
chr17,41865667,41866239,0.78
chr17,42338041,42338721,2.08
chr17,44524699,44525189,1.77
chr17,44984049,44984530,1.67
chr17,45051470,45051988,1.14
chr17,45349652,45350127,0.63
chr17,46661873,46662405,2.11
chr17,48959572,48960252,0.55
chr17,53327594,53328057,5.13
chr17,54245574,54246037,5.05
chr17,56220622,56221097,2.17
chr17,57131240,57132792,0.74
chr17,60042149,60042622,4.64
chr17,65275725,65276444,3.08
chr17,65467772,65468264,3.47
chr17,67295081,67295640,2.62
chr17,68071765,68072528,1.84
chr17,68072129,68072620,2.05
chr17,70223378,70223831,3.47
chr17,72060271,72060861,1.56
chr17,73539723,73540178,3.30
chr17,73726286,73727054,2.73
chr17,74563266,74563718,4.35
chr17,75558606,75559086,1.17
chr17,77249569,77250082,0.64
chr17,77561452,77562222,3.88
chr17,78760213,78760757,0.99
chr17,79004795,79005279,0.29
chr17,79203151,79203611,1.39
chr17,79442012,79442524,0.74
chr17,79463069,79463729,1.18
chr17,80184419,80184877,3.33
chr17,80254024,80254474,2.89
chr17,80840730,80841193,0.00
chr17,80889606,80890082,0.96
chr17,81022511,81023111,1.71
chr17,82148121,82148733,2.00
chr17,82148369,82149289,1.70
chr17,82162353,82162869,1.34
chr17,82448046,82448608,1.16
chr17,82580232,82580842,5.00
chr17,82897955,82898417,3.10
chr17,82925703,82926277,0.66
chr17,83002621,83003128,0.29
chr17,83003482,83003954,0.00
chr17,83003762,83004234,0.00
chr17,83011760,83012304,1.02
chr17,83047611,83048086,5.56
chr17,83052396,83052847,1.46
chr17,83052457,83052908,1.45
chr17,83052667,83053168,1.99
chr17,83055067,83055518,1.25
chr17,83055142,83055599,0.98
chr17,83055199,83055701,1.02
chr17,83055464,83055915,0.94
chr17,83055598,83056055,1.42
chr17,83092348,83092805,0.36
chr17,83107750,83108221,1.97
chr18,512028,512546,3.03
chr18,514316,514808,1.35
chr18,514483,514943,0.97
chr18,514728,515189,2.33
chr18,514912,515436,4.17
chr18,596603,597105,3.85
chr18,3600698,3601155,3.87
chr18,3674554,3675092,2.44
chr18,7098512,7099040,1.78
chr18,9621731,9622437,1.43
chr18,10356827,10357295,3.37
chr18,10607326,10607792,0.97
chr18,11959276,11959752,1.29
chr18,12177502,12178103,1.08
chr18,12979759,12980529,0.34
chr18,13106203,13106683,2.67
chr18,13887084,13887588,1.07
chr18,14688805,14689283,3.89
chr18,23039903,23040360,1.41
chr18,23218197,23218669,2.79
chr18,27364914,27365384,1.36
chr18,28694404,28694856,3.17
chr18,29784039,29784505,2.24
chr18,29784289,29784961,1.20
chr18,30741897,30742355,2.34
chr18,30758218,30758731,12.65
chr18,37337787,37338397,1.52
chr18,37337933,37338438,1.71
chr18,39971340,39972060,2.91
chr18,42005574,42006549,2.51
chr18,43397706,43398158,1.81
chr18,43699144,43699602,2.67
chr18,44306483,44307019,1.88
chr18,44544547,44545079,3.40
chr18,47982463,47982951,0.53
chr18,48869898,48870379,3.87
chr18,48870052,48870534,5.77
chr18,52271932,52272383,2.84
chr18,53085755,53086769,1.28
chr18,57642016,57642620,3.65
chr18,57678477,57679200,1.01
chr18,58170443,58170925,2.36
chr18,62580814,62581522,0.50
chr18,62581269,62582021,2.34
chr18,64062819,64063285,3.29
chr18,69659686,69660137,1.00
chr18,71198233,71198867,1.90
chr18,73249303,73249758,2.51
chr18,74424824,74425289,2.74
chr18,74915513,74916347,1.74
chr18,75299369,75299835,1.64
chr18,76392620,76393989,0.00
chr18,76393686,76394193,0.00
chr18,76393890,76394359,0.00
chr18,76393992,76394880,0.06
chr18,76424045,76424506,3.12
chr18,76645207,76645723,1.09
chr18,76792399,76793037,1.47
chr18,76810108,76810667,4.27
chr18,77343165,77343655,1.11
chr18,77373192,77373792,1.35
chr18,77669938,77670559,0.00
chr18,78369765,78371582,2.64
chr18,78371930,78373409,3.16
chr18,78409328,78409959,1.31
chr18,78430728,78431358,0.84
chr18,78430740,78431195,0.90
chr18,78502180,78502767,1.40
chr18,78613570,78614250,0.00
chr18,78613906,78614474,0.11
chr18,78614300,78614756,0.34
chr18,78632679,78633173,0.22
chr18,78653246,78653732,1.39
chr18,78653918,78654752,0.61
chr18,78831975,78832563,2.82
chr18,78832335,78832919,1.32
chr18,78832577,78833069,1.88
chr18,78834847,78835943,4.65
chr18,78851308,78851838,6.05
chr18,78855333,78855880,5.07
chr18,78879353,78879819,5.37
chr18,78916152,78916745,9.55
chr18,78940962,78941413,1.06
chr18,79144782,79146136,2.65
chr18,79346238,79346776,2.32
chr18,79357400,79357910,5.38
chr18,79358273,79358796,2.52
chr18,79374058,79374510,1.51
chr18,79525063,79525561,2.74
chr18,79549721,79552261,0.23
chr18,79694019,79694607,0.27
chr18,79745118,79745742,0.55
chr18,79745367,79745879,0.15
chr18,79745675,79746131,0.00
chr18,79764204,79765335,1.10
chr18,79779977,79780442,1.16
chr18,79807850,79808310,2.80
chr18,79807985,79808685,2.21
chr18,79808427,79808887,2.23
chr18,79828767,79829280,1.88
chr18,79915927,79916387,2.42
chr18,79920755,79921231,0.58
chr18,79921498,79922053,2.57
chr18,80071086,80072037,2.11
chr18,80072328,80073008,2.78
chr18,80075086,80075876,1.16
chr19,140012,140566,2.66
chr19,332253,333344,0.56
chr19,350048,350686,4.23
chr19,351036,351564,1.66
chr19,393809,394282,2.80
chr19,393968,395087,1.17
chr19,422899,423604,1.47
chr19,426299,426804,1.38
chr19,427417,427891,2.02
chr19,472991,473516,2.80
chr19,642003,642488,1.15
chr19,818738,819456,1.94
chr19,861123,861588,0.48
chr19,949815,950273,2.02
chr19,1033455,1034523,1.78
chr19,1034668,1035208,2.35
chr19,1136982,1137616,0.32
chr19,1195476,1197535,0.92
chr19,2128242,2129037,1.55
chr19,2346982,2347789,2.12
chr19,2712871,2713624,2.05
chr19,2713327,2714211,2.31
chr19,2773385,2773867,0.40
chr19,2773489,2773971,0.08
chr19,2835934,2836389,3.15
chr19,2928174,2929034,0.58
chr19,3173052,3175582,0.31
chr19,3175259,3175967,0.57
chr19,3972897,3974369,1.27
chr19,4011458,4011909,1.96
chr19,4618384,4619768,2.81
chr19,4885214,4886173,1.43
chr19,5860875,5861325,2.30
chr19,6693718,6694332,2.72
chr19,6700132,6700725,4.06
chr19,7361824,7362283,2.86
chr19,7765533,7766002,2.92
chr19,7877757,7878239,3.41
chr19,8543437,8544002,0.70
chr19,15580879,15581343,3.73
chr19,15673985,15674460,1.40
chr19,15676154,15676634,1.23
chr19,15676317,15676775,1.04
chr19,15677031,15677526,0.00
chr19,16103890,16104416,3.37
chr19,17314939,17315409,3.60
chr19,17637473,17638137,1.91
chr19,18550272,18550992,1.27
chr19,21776597,21777130,1.17
chr19,24041789,24042349,2.80
chr19,27420312,27421054,2.26
chr19,27470255,27472538,1.89
chr19,28804523,28804989,2.05
chr19,28804523,28805091,2.41
chr19,28805037,28805590,3.54
chr19,30500315,30500782,2.03
chr19,34079175,34079673,0.00
chr19,34079286,34079737,0.04
chr19,36162714,36163432,0.78
chr19,36728423,36728879,3.19
chr19,37746870,37747401,1.00
chr19,37747003,37747534,1.00
chr19,40248633,40249108,4.50
chr19,43216358,43216929,0.61
chr19,44487980,44488431,2.40
chr19,44800742,44801214,1.07
chr19,44800982,44801490,0.51
chr19,45648070,45648693,1.00
chr19,46439411,46441225,0.74
chr19,47027223,47027749,0.14
chr19,48342089,48342542,3.01
chr19,49156301,49156771,0.41
chr19,49156629,49157120,0.00
chr19,49414474,49414932,1.48
chr19,49443891,49444439,2.84
chr19,50225675,50226372,0.40
chr19,50678794,50679289,0.36
chr19,50838779,50839301,1.59
chr19,51353221,51353695,1.44
chr19,51495046,51495497,1.31
chr19,51952710,51953286,2.52
chr19,52811708,52812186,1.01
chr19,52811853,52812380,1.54
chr19,53648327,53648962,2.34
chr19,53880183,53880663,1.04
chr19,53962158,53962663,1.93
chr19,54168575,54169033,0.00
chr19,54168593,54169048,0.00
chr19,54171967,54172442,0.00
chr19,54171968,54172553,0.00
chr19,54380063,54380515,0.14
chr19,54471786,54472262,0.00
chr19,54680073,54680708,0.00
chr19,54711399,54711943,0.00
chr19,54711580,54712444,0.00
chr19,54738655,54739132,0.00
chr19,55078060,55078645,0.00
chr19,55093075,55094273,0.35
chr19,55097322,55097786,0.74
chr19,55147145,55147618,0.76
chr19,55361414,55361991,0.80
chr19,55449898,55450518,1.15
chr19,55471886,55472370,1.52
chr19,55508438,55508912,2.25
chr19,55530238,55530972,2.68
chr19,56080109,56080578,1.21
chr19,56080316,56080854,1.34
chr19,56098417,56099032,1.94
chr19,56148808,56149281,3.61
chr19,56176259,56176709,1.86
chr19,56444467,56445199,4.26
chr19,56444879,56445362,3.64
chr19,57017443,57017978,1.34
chr19,57137635,57138136,1.92
chr19,57482239,57482715,1.03
chr19,58258197,58258687,2.59
chr19,58405045,58405621,1.32
chr19,58410318,58410950,0.98
chr19,58599965,58600459,3.89
chr19,58600084,58600763,4.04
chr20,641788,642254,0.23
chr20,1258454,1259103,5.71
chr20,1839395,1839930,1.08
chr20,3057020,3057735,1.21
chr20,3227832,3228286,1.57
chr20,4185197,4185881,2.56
chr20,4224341,4224795,2.84
chr20,5452974,5453489,0.21
chr20,9015479,9015937,2.65
chr20,10149914,10150376,2.41
chr20,14699554,14700014,2.03
chr20,18111726,18112346,2.56
chr20,18209773,18210586,6.24
chr20,18210224,18210791,4.46
chr20,25602257,25603011,0.78
chr20,30412669,30413138,1.40
chr20,30866244,30866712,1.09
chr20,32176235,32176987,0.78
chr20,32176811,32177514,0.00
chr20,33455571,33456654,0.57
chr20,33699193,33699644,0.38
chr20,33699387,33699962,0.41
chr20,35539261,35539718,4.08
chr20,36858135,36858593,0.96
chr20,36976269,36976747,1.02
chr20,37361587,37362057,2.29
chr20,48385343,48385816,0.83
chr20,48870481,48871487,0.47
chr20,53469374,53469930,2.21
chr20,53841225,53841798,2.30
chr20,53868207,53868745,3.64
chr20,55532515,55533044,1.95
chr20,55966719,55967288,1.86
chr20,56781819,56782351,1.79
chr20,57110201,57110673,1.81
chr20,58541995,58542539,2.37
chr20,58643730,58644182,2.03
chr20,61100712,61101336,0.99
chr20,61101843,61102690,0.60
chr20,61264288,61264755,3.64
chr20,61264414,61264880,5.06
chr20,61534521,61535001,2.31
chr20,61641475,61641936,2.73
chr20,61641597,61642068,2.84
chr20,61641691,61642152,3.32
chr20,61723686,61724136,2.26
chr20,61783571,61784097,4.55
chr20,61783810,61784273,3.42
chr20,61784288,61784750,4.86
chr20,62417259,62417710,0.87
chr20,62417653,62418106,0.73
chr20,62497781,62498295,0.00
chr20,62654983,62655439,1.48
chr20,62740109,62740584,3.49
chr20,62960814,62961270,1.49
chr20,62965813,62966268,1.43
chr20,62965995,62966450,1.80
chr20,62989588,62990066,1.26
chr20,62993414,62993880,0.29
chr20,63028706,63029199,6.54
chr20,63134611,63135096,0.00
chr20,63134838,63135308,0.00
chr20,63134933,63135405,0.00
chr20,63154482,63154934,2.62
chr20,63221310,63221764,2.80
chr20,63221310,63221828,2.91
chr20,63266423,63266880,1.54
chr20,63371978,63372563,1.15
chr20,63559259,63559780,2.34
chr20,63669444,63670186,2.41
chr20,63723247,63723703,3.16
chr20,63879923,63880443,6.14
chr20,64118324,64118774,0.00
chr20,64123282,64123751,0.88
chr20,64126742,64127332,0.38
chr20,64126953,64127581,0.40
chr20,64127561,64128075,0.32
chr20,64220581,64221062,1.16
chr20,64321991,64322470,0.61
chr21,6349073,6349538,2.37
chr21,8810280,8810806,2.76
chr21,9042919,9043397,2.93
chr21,9614087,9614543,0.52
chr21,9620680,9621150,2.51
chr21,10123276,10123884,3.33
chr21,10123999,10124607,2.61
chr21,13506734,13507209,3.99
chr21,16924902,16925353,2.55
chr21,16972681,16973180,6.21
chr21,16972792,16973279,4.72
chr21,17719040,17719491,0.19
chr21,17719151,17719680,0.16
chr21,17719396,17720204,0.00
chr21,18315296,18315870,0.88
chr21,20588064,20588514,0.76
chr21,21789615,21790257,2.97
chr21,23349826,23350289,5.27
chr21,26975963,26976422,5.06
chr21,28780115,28780649,2.13
chr21,30209978,30210514,0.46
chr21,31918763,31919218,2.39
chr21,32477496,32478039,0.81
chr21,33239554,33240016,3.36
chr21,34926291,34926757,1.92
chr21,36144284,36144855,1.45
chr21,38063760,38064368,0.73
chr21,38108900,38109670,1.58
chr21,40440126,40440749,1.54
chr21,40498469,40498929,2.43
chr21,40636908,40637516,1.63
chr21,41806276,41806792,3.44
chr21,41855688,41856226,0.85
chr21,42283525,42284226,0.82
chr21,43582614,43583499,1.09
chr21,43631855,43632307,0.38
chr21,43786974,43787452,5.42
chr21,43814989,43815447,0.81
chr21,44164122,44164606,3.11
chr21,44183886,44184418,0.42
chr21,44410267,44410782,3.71
chr21,44410423,44410946,4.00
chr21,44422521,44423091,2.87
chr21,44445910,44446376,3.46
chr21,44481469,44481931,5.03
chr21,44912581,44913121,1.35
chr21,44981441,44981897,3.98
chr21,44981764,44982222,4.81
chr21,44982051,44982562,1.64
chr21,45028504,45028975,2.53
chr21,45378830,45379292,1.22
chr21,45380012,45380484,1.68
chr21,45486135,45486673,4.76
chr21,45500608,45501085,0.03
chr21,45506915,45507380,0.46
chr21,45637326,45637838,1.54
chr21,45814868,45815651,1.94
chr21,45815348,45815822,2.46
chr21,45852225,45852703,4.39
chr21,45886020,45886472,5.18
chr21,45886086,45886538,5.21
chr21,45886381,45886833,2.37
chr21,45977569,45978020,0.00
chr21,45987555,45988047,1.27
chr21,46034390,46034846,1.48
chr21,46034467,46034923,0.89
chr21,46034773,46035285,1.93
chr21,46111386,46111848,1.36
chr21,46135200,46135743,1.34
chr21,46171862,46172328,0.16
chr21,46395175,46395687,3.87
chr22,10572038,10572919,0.44
chr22,11457415,11458479,1.82
chr22,12421426,12421996,3.67
chr22,12533478,12535750,2.35
chr22,15689940,15690451,5.22
chr22,15732716,15734887,3.17
chr22,16522908,16523369,3.04
chr22,17135869,17136583,1.31
chr22,17146293,17147375,2.91
chr22,18052740,18053298,4.09
chr22,19570476,19570930,5.44
chr22,21183470,21184089,5.22
chr22,21206928,21207396,0.46
chr22,21235936,21236471,0.66
chr22,22761286,22761776,1.64
chr22,23388752,23389237,1.12
chr22,23389559,23390012,0.78
chr22,23502589,23503077,0.15
chr22,24316620,24317723,1.58
chr22,24604982,24605432,4.89
chr22,27027429,27027925,4.44
chr22,29509440,29509940,2.86
chr22,31591485,31592466,0.44
chr22,31591706,31592254,0.00
chr22,31591875,31592402,0.00
chr22,36799811,36800378,0.33
chr22,37509570,37510089,2.25
chr22,38229503,38230017,3.85
chr22,39595932,39596414,0.71
chr22,42546811,42547342,3.07
chr22,43281288,43281738,1.26
chr22,43496479,43496933,0.00
chr22,44154740,44155195,1.93
chr22,44800877,44801438,0.07
chr22,45092280,45092743,4.27
chr22,45568328,45568819,3.59
chr22,46606239,46606737,1.92
chr22,46614749,46615405,2.33
chr22,46615564,46616032,0.88
chr22,46628307,46628777,1.53
chr22,46749862,46750322,1.11
chr22,47070414,47070910,7.57
chr22,47162415,47162889,1.59
chr22,47211337,47211829,0.71
chr22,47211435,47212198,0.69
chr22,47405373,47406014,1.19
chr22,47916057,47916515,1.11
chr22,48290006,48290497,2.60
chr22,48610318,48610782,2.41
chr22,48667518,48668000,1.03
chr22,48667617,48668181,0.60
chr22,48667861,48668753,1.22
chr22,48667891,48668413,0.08
chr22,48851147,48851617,1.24
chr22,48851243,48851713,1.32
chr22,48862448,48862928,6.01
chr22,48959760,48960256,3.18
chr22,49070950,49071416,6.18
chr22,49384003,49384999,2.96
chr22,49384995,49386004,3.19
chr22,49386868,49387638,4.70
chr22,49387308,49387827,5.64
chr22,49387376,49388097,5.35
chr22,49407431,49408038,7.15
chr22,49629390,49629854,0.95
chr22,50146975,50147471,1.86
chr22,50274444,50274970,0.70
chr22,50547670,50548142,0.64
chr22,50715809,50716291,1.50
chr22,50748404,50748931,1.13
chrX,2844299,2844753,3.28
chrX,2844839,2845619,3.07
chrX,4689473,4689946,1.32
chrX,5670196,5670707,3.78
chrX,7608957,7609484,0.27
chrX,8465827,8466317,0.85
chrX,8483569,8484050,4.08
chrX,9021032,9021488,6.98
chrX,9021572,9022034,0.56
chrX,13881235,13882803,1.03
chrX,19477654,19478302,0.29
chrX,25741224,25741832,2.00
chrX,27210315,27211042,1.66
chrX,29168550,29169001,4.99
chrX,30868309,30868781,2.98
chrX,33009300,33009796,5.38
chrX,33009832,33010282,6.15
chrX,39776329,39776853,2.02
chrX,40557082,40557556,1.66
chrX,41211564,41212090,0.78
chrX,44601030,44601482,3.86
chrX,46383511,46384020,2.05
chrX,47148385,47148878,1.36
chrX,54913757,54914389,2.27
chrX,55610467,55610975,4.70
chrX,70373300,70373812,1.66
chrX,71520211,71521444,0.30
chrX,72154911,72155866,0.41
chrX,72171531,72172020,1.18
chrX,74568641,74569158,1.60
chrX,81554911,81555395,5.33
chrX,81682776,81683250,3.72
chrX,82737596,82738115,1.29
chrX,84191332,84191833,4.49
chrX,84541478,84542123,2.59
chrX,87582852,87583339,1.22
chrX,96050720,96051252,1.86
chrX,105446943,105447402,1.34
chrX,107781975,107782428,5.58
chrX,120296683,120297154,4.61
chrX,121198897,121199355,2.98
chrX,125278946,125279408,1.83
chrX,125279089,125279581,2.01
chrX,126080479,126080936,3.84
chrX,126778294,126778826,5.09
chrX,130504438,130504916,0.96
chrX,131137958,131138469,3.41
chrX,134750613,134751078,0.43
chrX,135645653,135646171,6.59
chrX,135645799,135646273,7.48
chrX,141401763,141402236,3.37
chrX,147562885,147563389,3.42
chrX,149142777,149143245,2.34
chrX,150583310,150583774,3.58
chrX,151913794,151916238,0.61
chrX,153126152,153126930,2.34
